scenario,category,cat_key,district_id,score
baseline,Land use occupation,land_use,TZ1608,6.254974735830907e-10
baseline,Land use occupation,land_use,TZ1802,7.245230792429636e-10
baseline,Land use occupation,land_use,TZ2001,1.2131095261144903e-08
baseline,Land use occupation,land_use,TZ1304,1.1673486290448925e-08
baseline,Land use occupation,land_use,TZ2501,6.586889323256532e-08
baseline,Land use occupation,land_use,TZ1905,5.806117557132623e-08
baseline,Land use occupation,land_use,TZ1302,5.5585552530720165e-09
baseline,Land use occupation,land_use,TZ1906,1.1620134312570421e-07
baseline,Land use occupation,land_use,TZ0105,8.568992147366022e-11
baseline,Land use occupation,land_use,TZ0602,1.0587887120958717e-10
baseline,Land use occupation,land_use,TZ1606,6.123751305843264e-11
baseline,Land use occupation,land_use,TZ0507,9.600787291248766e-11
baseline,Land use occupation,land_use,TZ1403,1.3667205904810597e-08
baseline,Land use occupation,land_use,TZ2303,1.8583143159502482e-09
baseline,Land use occupation,land_use,TZ2404,9.484265624055177e-07
baseline,Land use occupation,land_use,TZ1607,6.881415418081613e-09
baseline,Land use occupation,land_use,TZ0607,1.2636996785771788e-10
baseline,Land use occupation,land_use,TZ1303,1.6389310118501886e-08
baseline,Land use occupation,land_use,TZ1902,5.042320553277922e-07
baseline,Land use occupation,land_use,TZ1702,7.383000322016225e-07
baseline,Land use occupation,land_use,TZ0504,9.346047018363156e-10
baseline,Land use occupation,land_use,TZ1904,4.789806281096542e-07
baseline,Land use occupation,land_use,TZ2505,7.464707830977243e-08
baseline,Land use occupation,land_use,TZ0506,1.9185147713253052e-09
baseline,Land use occupation,land_use,TZ1305,5.668863442983699e-08
baseline,Land use occupation,land_use,TZ2401,3.286631758322773e-06
baseline,Land use occupation,land_use,TZ1603,1.7901457772875045e-09
baseline,Land use occupation,land_use,TZ1804,2.7921958644153647e-08
baseline,Land use occupation,land_use,TZ1102,1.879882580217437e-10
baseline,Land use occupation,land_use,TZ1101,1.1259913801847828e-10
baseline,Land use occupation,land_use,TZ1301,2.6510773927321455e-08
baseline,Land use occupation,land_use,TZ1701,7.340193271975072e-07
baseline,Land use occupation,land_use,TZ0102,1.6600074595498413e-10
baseline,Land use occupation,land_use,TZ1805,5.2257997578910415e-09
baseline,Land use occupation,land_use,TZ0501,8.64801676976596e-10
baseline,Land use occupation,land_use,TZ2002,6.169515540772196e-08
baseline,Land use occupation,land_use,TZ1903,2.4424212667180645e-07
baseline,Land use occupation,land_use,TZ1404,6.237948240356585e-09
baseline,Land use occupation,land_use,TZ1605,7.083388676316373e-09
baseline,Land use occupation,land_use,TZ0401,6.879376486209634e-09
baseline,Land use occupation,land_use,TZ2003,2.0538083650180304e-07
baseline,Land use occupation,land_use,TZ2103,9.19258168725041e-10
baseline,Land use occupation,land_use,TZ0107,1.9635281623544094e-09
baseline,Land use occupation,land_use,TZ1602,2.7478285589086913e-09
baseline,Land use occupation,land_use,TZ0407,1.3852808639448366e-11
baseline,Land use occupation,land_use,TZ1502,9.44305576497523e-10
baseline,Land use occupation,land_use,TZ1401,2.024779398863335e-08
baseline,Land use occupation,land_use,TZ2302,1.5570360068620424e-08
baseline,Land use occupation,land_use,TZ2101,4.162088526888803e-09
baseline,Land use occupation,land_use,TZ0701,3.222933825400992e-10
baseline,Land use occupation,land_use,TZ2106,8.350072481607557e-09
baseline,Land use occupation,land_use,TZ0204,2.133621348363455e-10
baseline,Land use occupation,land_use,TZ2301,2.631412283876339e-09
baseline,Land use occupation,land_use,TZ1503,6.469885195217892e-10
baseline,Land use occupation,land_use,TZ0402,1.7834749738398866e-09
baseline,Land use occupation,land_use,TZ0104,1.0251630416376785e-09
baseline,Land use occupation,land_use,TZ1601,3.431731298826628e-09
baseline,Land use occupation,land_use,TZ1002,4.4625270196649426e-13
baseline,Land use occupation,land_use,TZ0503,8.801761142974723e-10
baseline,Land use occupation,land_use,TZ1407,2.3961414694814587e-08
baseline,Land use occupation,land_use,TZ1705,2.001960698277703e-08
baseline,Land use occupation,land_use,TZ0101,3.330456766013414e-10
baseline,Land use occupation,land_use,TZ1907,1.9382067156863415e-07
baseline,Land use occupation,land_use,TZ2503,5.896046193029876e-08
baseline,Land use occupation,land_use,TZ0205,1.2693583731828293e-09
baseline,Land use occupation,land_use,TZ1104,3.720992069661144e-10
baseline,Land use occupation,land_use,TZ2007,9.271945370544452e-08
baseline,Land use occupation,land_use,TZ2006,4.318090343330917e-09
baseline,Land use occupation,land_use,TZ2402,6.3183871141922206e-06
baseline,Land use occupation,land_use,TZ1306,1.4736285926308098e-08
baseline,Land use occupation,land_use,TZ0505,5.634651624103004e-10
baseline,Land use occupation,land_use,TZ2504,8.149855698192694e-08
baseline,Land use occupation,land_use,TZ0106,6.432237363855514e-09
baseline,Land use occupation,land_use,TZ2403,1.3192424331162613e-06
baseline,Land use occupation,land_use,TZ2102,1.545533542417031e-09
baseline,Land use occupation,land_use,TZ2405,1.1238606087992933e-06
baseline,Land use occupation,land_use,TZ1406,4.1754076535537435e-09
baseline,Land use occupation,land_use,TZ0601,1.296649525280762e-10
baseline,Land use occupation,land_use,TZ2004,1.689042659481234e-07
baseline,Land use occupation,land_use,TZ1405,6.963339158510205e-10
baseline,Land use occupation,land_use,TZ1402,4.009435581928477e-07
baseline,Land use occupation,land_use,TZ1803,1.0739044876783646e-08
baseline,Land use occupation,land_use,TZ0201,4.054491163814784e-10
baseline,Land use occupation,land_use,TZ1103,3.526999645214294e-10
baseline,Land use occupation,land_use,TZ0502,8.167903202767959e-11
baseline,Land use occupation,land_use,TZ1703,2.3535211300776773e-07
baseline,Land use occupation,land_use,TZ2502,1.2045023477180075e-07
baseline,Land use occupation,land_use,TZ1704,3.490048829847007e-08
baseline,Land use occupation,land_use,TZ0702,6.615221734607343e-10
baseline,Land use occupation,land_use,TZ0301,2.40131711978737e-12
baseline,Land use occupation,land_use,TZ0703,2.4838869982582435e-09
baseline,Land use occupation,land_use,TZ0203,8.27179485772401e-10
baseline,Land use occupation,land_use,TZ2005,6.848248928797405e-12
baseline,Water consumption,water,TZ1903,4.563345338887698e-12
baseline,Water consumption,water,TZ1705,2.1900855294354275e-12
baseline,Water consumption,water,TZ0505,2.05083131149437e-12
baseline,Water consumption,water,TZ0702,4.838053271642391e-11
baseline,Water consumption,water,TZ0703,1.2757402389107386e-10
baseline,Water consumption,water,TZ0203,2.7180192428735754e-12
baseline,FW eutrophication N,n_eutro,TZ1608,5.4015588057958384e-12
baseline,FW eutrophication N,n_eutro,TZ1802,3.1569856396124007e-15
baseline,FW eutrophication N,n_eutro,TZ2001,5.78968753081319e-13
baseline,FW eutrophication N,n_eutro,TZ1304,4.13066796436619e-12
baseline,FW eutrophication N,n_eutro,TZ2501,2.176215410702631e-12
baseline,FW eutrophication N,n_eutro,TZ1302,1.4326416511446913e-12
baseline,FW eutrophication N,n_eutro,TZ0105,5.091716166074836e-14
baseline,FW eutrophication N,n_eutro,TZ0602,4.262696402943849e-15
baseline,FW eutrophication N,n_eutro,TZ1606,5.288239231582989e-13
baseline,FW eutrophication N,n_eutro,TZ0507,1.3425263185423107e-14
baseline,FW eutrophication N,n_eutro,TZ1403,1.7398380421686755e-11
baseline,FW eutrophication N,n_eutro,TZ2303,1.0209142882419725e-13
baseline,FW eutrophication N,n_eutro,TZ2404,8.620601657301804e-11
baseline,FW eutrophication N,n_eutro,TZ1607,1.1204287862210366e-11
baseline,FW eutrophication N,n_eutro,TZ0607,2.9817219331164935e-15
baseline,FW eutrophication N,n_eutro,TZ1303,1.128687069198303e-13
baseline,FW eutrophication N,n_eutro,TZ1902,6.3011700894135005e-12
baseline,FW eutrophication N,n_eutro,TZ1702,5.744722079530174e-11
baseline,FW eutrophication N,n_eutro,TZ0504,6.0284961548312e-14
baseline,FW eutrophication N,n_eutro,TZ1904,8.576117592338622e-11
baseline,FW eutrophication N,n_eutro,TZ2505,7.621107026946624e-13
baseline,FW eutrophication N,n_eutro,TZ0506,2.2196938205680261e-13
baseline,FW eutrophication N,n_eutro,TZ1305,1.0784620253277356e-12
baseline,FW eutrophication N,n_eutro,TZ2401,8.346272032665825e-12
baseline,FW eutrophication N,n_eutro,TZ1804,2.748009607573801e-11
baseline,FW eutrophication N,n_eutro,TZ1102,1.4302427003178625e-14
baseline,FW eutrophication N,n_eutro,TZ1101,1.1443143558909086e-14
baseline,FW eutrophication N,n_eutro,TZ1301,1.476524214160015e-12
baseline,FW eutrophication N,n_eutro,TZ1701,9.888938694743894e-11
baseline,FW eutrophication N,n_eutro,TZ0102,1.0051737797195989e-14
baseline,FW eutrophication N,n_eutro,TZ1805,1.0654121492128038e-12
baseline,FW eutrophication N,n_eutro,TZ0501,4.714208229370873e-14
baseline,FW eutrophication N,n_eutro,TZ2002,9.594343027658625e-13
baseline,FW eutrophication N,n_eutro,TZ1404,1.4153882351029082e-12
baseline,FW eutrophication N,n_eutro,TZ1605,2.409299327308957e-12
baseline,FW eutrophication N,n_eutro,TZ0401,7.942986410032616e-12
baseline,FW eutrophication N,n_eutro,TZ2103,2.7473476615997316e-13
baseline,FW eutrophication N,n_eutro,TZ0107,4.1358995531272377e-13
baseline,FW eutrophication N,n_eutro,TZ1602,9.145085910693444e-12
baseline,FW eutrophication N,n_eutro,TZ0407,8.701970954850321e-15
baseline,FW eutrophication N,n_eutro,TZ1502,9.981337995213827e-16
baseline,FW eutrophication N,n_eutro,TZ1401,8.475649189608875e-12
baseline,FW eutrophication N,n_eutro,TZ2302,1.9875364443706e-12
baseline,FW eutrophication N,n_eutro,TZ2101,6.754742654060819e-13
baseline,FW eutrophication N,n_eutro,TZ2106,1.715255587841006e-12
baseline,FW eutrophication N,n_eutro,TZ0204,2.1445561125886114e-14
baseline,FW eutrophication N,n_eutro,TZ2301,7.560425903833877e-13
baseline,FW eutrophication N,n_eutro,TZ1503,3.9216375840189536e-16
baseline,FW eutrophication N,n_eutro,TZ0402,2.0871650559752998e-12
baseline,FW eutrophication N,n_eutro,TZ0104,3.575627690694053e-13
baseline,FW eutrophication N,n_eutro,TZ1601,4.006082073770217e-12
baseline,FW eutrophication N,n_eutro,TZ1002,3.8463625497666233e-17
baseline,FW eutrophication N,n_eutro,TZ0503,1.0055605435552274e-13
baseline,FW eutrophication N,n_eutro,TZ1407,2.425444543679896e-12
baseline,FW eutrophication N,n_eutro,TZ1705,8.764240518322812e-12
baseline,FW eutrophication N,n_eutro,TZ0101,6.452996314937922e-14
baseline,FW eutrophication N,n_eutro,TZ1907,1.0284240662553453e-10
baseline,FW eutrophication N,n_eutro,TZ2503,1.3308652896726937e-11
baseline,FW eutrophication N,n_eutro,TZ0205,9.552280584833917e-14
baseline,FW eutrophication N,n_eutro,TZ1104,2.0199843185138947e-14
baseline,FW eutrophication N,n_eutro,TZ2007,4.303194156307226e-12
baseline,FW eutrophication N,n_eutro,TZ2006,2.028790847454265e-13
baseline,FW eutrophication N,n_eutro,TZ2402,1.6672974664348568e-11
baseline,FW eutrophication N,n_eutro,TZ1306,2.3293821480768377e-12
baseline,FW eutrophication N,n_eutro,TZ0505,1.4435851354368046e-14
baseline,FW eutrophication N,n_eutro,TZ2504,3.527915074033519e-12
baseline,FW eutrophication N,n_eutro,TZ0106,8.935900610135465e-13
baseline,FW eutrophication N,n_eutro,TZ2403,2.6479230688513973e-12
baseline,FW eutrophication N,n_eutro,TZ2102,7.001208599239954e-13
baseline,FW eutrophication N,n_eutro,TZ2405,6.983738777933145e-12
baseline,FW eutrophication N,n_eutro,TZ1406,4.023869238828234e-11
baseline,FW eutrophication N,n_eutro,TZ0601,2.5536367711371446e-15
baseline,FW eutrophication N,n_eutro,TZ2004,3.95515078572366e-12
baseline,FW eutrophication N,n_eutro,TZ1405,1.2446822775166788e-12
baseline,FW eutrophication N,n_eutro,TZ1402,2.5041379506125792e-11
baseline,FW eutrophication N,n_eutro,TZ1803,6.435346605800865e-14
baseline,FW eutrophication N,n_eutro,TZ0201,1.6105706627182077e-14
baseline,FW eutrophication N,n_eutro,TZ1103,4.862727386720896e-14
baseline,FW eutrophication N,n_eutro,TZ0502,3.7044100737166824e-15
baseline,FW eutrophication N,n_eutro,TZ1703,4.247170387754207e-11
baseline,FW eutrophication N,n_eutro,TZ2502,5.96800503880008e-12
baseline,FW eutrophication N,n_eutro,TZ1704,7.109969973993283e-12
baseline,FW eutrophication P,p_eutro,TZ1608,2.1117664699793887e-10
baseline,FW eutrophication P,p_eutro,TZ1802,8.058287209349613e-15
baseline,FW eutrophication P,p_eutro,TZ2001,6.694124310138458e-12
baseline,FW eutrophication P,p_eutro,TZ2501,2.5372184802165195e-12
baseline,FW eutrophication P,p_eutro,TZ1302,1.3523574661958984e-11
baseline,FW eutrophication P,p_eutro,TZ0602,1.5118718480279652e-12
baseline,FW eutrophication P,p_eutro,TZ1606,2.067463614855741e-11
baseline,FW eutrophication P,p_eutro,TZ0507,6.152841234049464e-14
baseline,FW eutrophication P,p_eutro,TZ1403,8.01733927822856e-12
baseline,FW eutrophication P,p_eutro,TZ2303,7.657894776430619e-13
baseline,FW eutrophication P,p_eutro,TZ1607,7.13393297634644e-11
baseline,FW eutrophication P,p_eutro,TZ0607,1.566577652435078e-12
baseline,FW eutrophication P,p_eutro,TZ1303,5.3417144408060534e-14
baseline,FW eutrophication P,p_eutro,TZ0504,4.844938910449538e-12
baseline,FW eutrophication P,p_eutro,TZ2505,1.1445892931098924e-11
baseline,FW eutrophication P,p_eutro,TZ0506,9.131217574284774e-13
baseline,FW eutrophication P,p_eutro,TZ1305,4.458044615467985e-12
baseline,FW eutrophication P,p_eutro,TZ2401,2.1849008591563366e-12
baseline,FW eutrophication P,p_eutro,TZ1804,9.612618128295019e-12
baseline,FW eutrophication P,p_eutro,TZ1102,6.934177081365302e-13
baseline,FW eutrophication P,p_eutro,TZ1101,3.6715317002692506e-14
baseline,FW eutrophication P,p_eutro,TZ1301,2.60323793361744e-11
baseline,FW eutrophication P,p_eutro,TZ0102,1.2598168069360024e-13
baseline,FW eutrophication P,p_eutro,TZ1805,1.7176336392235307e-12
baseline,FW eutrophication P,p_eutro,TZ0501,5.927391748512887e-13
baseline,FW eutrophication P,p_eutro,TZ2002,8.093660704585546e-12
baseline,FW eutrophication P,p_eutro,TZ1404,1.0890789468387988e-11
baseline,FW eutrophication P,p_eutro,TZ1605,4.364359095719948e-11
baseline,FW eutrophication P,p_eutro,TZ0401,7.201785309012665e-12
baseline,FW eutrophication P,p_eutro,TZ2103,8.571267556890136e-12
baseline,FW eutrophication P,p_eutro,TZ0107,3.870652983172995e-12
baseline,FW eutrophication P,p_eutro,TZ1602,2.649559492305013e-10
baseline,FW eutrophication P,p_eutro,TZ0407,2.5539565205729592e-14
baseline,FW eutrophication P,p_eutro,TZ1502,6.88504229851255e-15
baseline,FW eutrophication P,p_eutro,TZ1401,2.5000211995257587e-11
baseline,FW eutrophication P,p_eutro,TZ2302,3.969008404864049e-11
baseline,FW eutrophication P,p_eutro,TZ2101,2.0096564927460876e-11
baseline,FW eutrophication P,p_eutro,TZ2106,4.351041624271452e-11
baseline,FW eutrophication P,p_eutro,TZ0204,8.441509652775864e-13
baseline,FW eutrophication P,p_eutro,TZ1503,4.633842775372406e-15
baseline,FW eutrophication P,p_eutro,TZ0402,2.134833699240611e-12
baseline,FW eutrophication P,p_eutro,TZ0104,1.5989558372730558e-12
baseline,FW eutrophication P,p_eutro,TZ1601,1.0529234791172701e-10
baseline,FW eutrophication P,p_eutro,TZ1002,2.959755801693307e-16
baseline,FW eutrophication P,p_eutro,TZ0503,5.7343263965006e-12
baseline,FW eutrophication P,p_eutro,TZ1407,2.5813611046986925e-11
baseline,FW eutrophication P,p_eutro,TZ0101,8.647354382195654e-13
baseline,FW eutrophication P,p_eutro,TZ2503,2.245209378214242e-12
baseline,FW eutrophication P,p_eutro,TZ0205,5.836088072104973e-13
baseline,FW eutrophication P,p_eutro,TZ1104,1.3516314856965056e-13
baseline,FW eutrophication P,p_eutro,TZ2402,4.882093303345218e-12
baseline,FW eutrophication P,p_eutro,TZ1306,2.819573811336828e-11
baseline,FW eutrophication P,p_eutro,TZ2504,1.939697500570596e-11
baseline,FW eutrophication P,p_eutro,TZ0106,1.0683427717278815e-13
baseline,FW eutrophication P,p_eutro,TZ2403,3.002651938432739e-12
baseline,FW eutrophication P,p_eutro,TZ2102,1.5554657780406826e-11
baseline,FW eutrophication P,p_eutro,TZ1406,6.403737849182029e-12
baseline,FW eutrophication P,p_eutro,TZ0601,5.613034620247884e-13
baseline,FW eutrophication P,p_eutro,TZ1405,5.086156007935601e-13
baseline,FW eutrophication P,p_eutro,TZ1402,5.367387155235409e-13
baseline,FW eutrophication P,p_eutro,TZ1803,1.2482483927749345e-12
baseline,FW eutrophication P,p_eutro,TZ0201,2.0761258420998596e-13
baseline,FW eutrophication P,p_eutro,TZ0502,1.1913536899462157e-14
baseline,FW eutrophication P,p_eutro,TZ1704,1.7178347643987383e-11
high_yield,Land use occupation,land_use,TZ1608,6.254974638780381e-10
high_yield,Land use occupation,land_use,TZ1802,7.245230680014561e-10
high_yield,Land use occupation,land_use,TZ2001,1.2131095072922051e-08
high_yield,Land use occupation,land_use,TZ1304,1.201220836327217e-08
high_yield,Land use occupation,land_use,TZ2501,6.586889221056109e-08
high_yield,Land use occupation,land_use,TZ1905,5.806117467046446e-08
high_yield,Land use occupation,land_use,TZ1302,5.5585551668269506e-09
high_yield,Land use occupation,land_use,TZ1906,1.1630668446196685e-07
high_yield,Land use occupation,land_use,TZ0105,8.568992014411816e-11
high_yield,Land use occupation,land_use,TZ0602,1.0587886956679876e-10
high_yield,Land use occupation,land_use,TZ1606,6.123751210828765e-11
high_yield,Land use occupation,land_use,TZ0507,9.6007871422855e-11
high_yield,Land use occupation,land_use,TZ1403,1.3667205692753858e-08
high_yield,Land use occupation,land_use,TZ2303,1.97491934929056e-09
high_yield,Land use occupation,land_use,TZ2404,9.484743602515411e-07
high_yield,Land use occupation,land_use,TZ1607,6.8814153113114e-09
high_yield,Land use occupation,land_use,TZ0607,1.2636996589699507e-10
high_yield,Land use occupation,land_use,TZ1303,1.6389309864209705e-08
high_yield,Land use occupation,land_use,TZ1902,5.043628732424061e-07
high_yield,Land use occupation,land_use,TZ1702,7.383000207463553e-07
high_yield,Land use occupation,land_use,TZ0504,9.700372858688772e-10
high_yield,Land use occupation,land_use,TZ1904,4.790865844928412e-07
high_yield,Land use occupation,land_use,TZ2505,7.466443320366769e-08
high_yield,Land use occupation,land_use,TZ0506,1.91851474155814e-09
high_yield,Land use occupation,land_use,TZ1305,5.66886335502712e-08
high_yield,Land use occupation,land_use,TZ2401,3.287326523880924e-06
high_yield,Land use occupation,land_use,TZ1603,1.7901457495120784e-09
high_yield,Land use occupation,land_use,TZ1804,2.7921958210923956e-08
high_yield,Land use occupation,land_use,TZ1102,1.8798825510496785e-10
high_yield,Land use occupation,land_use,TZ1101,1.1259913627141997e-10
high_yield,Land use occupation,land_use,TZ1301,2.6510773515987327e-08
high_yield,Land use occupation,land_use,TZ1701,7.343302292834814e-07
high_yield,Land use occupation,land_use,TZ0102,1.6600074337936069e-10
high_yield,Land use occupation,land_use,TZ1805,5.225799676808921e-09
high_yield,Land use occupation,land_use,TZ0501,9.555008214222657e-10
high_yield,Land use occupation,land_use,TZ2002,6.169515445047633e-08
high_yield,Land use occupation,land_use,TZ1903,2.4474975951786064e-07
high_yield,Land use occupation,land_use,TZ1404,6.237948143570238e-09
high_yield,Land use occupation,land_use,TZ1605,7.107723394964986e-09
high_yield,Land use occupation,land_use,TZ0401,6.879376379471057e-09
high_yield,Land use occupation,land_use,TZ2003,2.053808333151685e-07
high_yield,Land use occupation,land_use,TZ2103,9.192581544620756e-10
high_yield,Land use occupation,land_use,TZ0107,1.963528131888828e-09
high_yield,Land use occupation,land_use,TZ1602,2.747828516274113e-09
high_yield,Land use occupation,land_use,TZ0407,1.3852808424511869e-11
high_yield,Land use occupation,land_use,TZ1502,9.443055618459287e-10
high_yield,Land use occupation,land_use,TZ1401,2.024779367447396e-08
high_yield,Land use occupation,land_use,TZ2302,1.5570359827034855e-08
high_yield,Land use occupation,land_use,TZ2101,4.1620884623109435e-09
high_yield,Land use occupation,land_use,TZ0701,9.754725118375953e-10
high_yield,Land use occupation,land_use,TZ2106,8.350072352050049e-09
high_yield,Land use occupation,land_use,TZ0204,2.1336213152587526e-10
high_yield,Land use occupation,land_use,TZ2301,2.6314122430480453e-09
high_yield,Land use occupation,land_use,TZ1503,6.469885094832873e-10
high_yield,Land use occupation,land_use,TZ0402,1.7834749461679627e-09
high_yield,Land use occupation,land_use,TZ0104,1.025163025731521e-09
high_yield,Land use occupation,land_use,TZ1601,3.431731245580797e-09
high_yield,Land use occupation,land_use,TZ1002,4.462526950425559e-13
high_yield,Land use occupation,land_use,TZ0503,8.801761006408936e-10
high_yield,Land use occupation,land_use,TZ1407,2.3961414323035643e-08
high_yield,Land use occupation,land_use,TZ1705,2.0166803066550923e-08
high_yield,Land use occupation,land_use,TZ0101,3.3304567143389324e-10
high_yield,Land use occupation,land_use,TZ1907,1.938206685613641e-07
high_yield,Land use occupation,land_use,TZ2503,5.898160995446749e-08
high_yield,Land use occupation,land_use,TZ0205,1.2693583534878022e-09
high_yield,Land use occupation,land_use,TZ1104,3.7209920119272195e-10
high_yield,Land use occupation,land_use,TZ2007,9.271945226683413e-08
high_yield,Land use occupation,land_use,TZ2006,4.318090276332575e-09
high_yield,Land use occupation,land_use,TZ2402,6.3183870161578055e-06
high_yield,Land use occupation,land_use,TZ1306,1.4736285697663803e-08
high_yield,Land use occupation,land_use,TZ0505,5.634651747623165e-10
high_yield,Land use occupation,land_use,TZ2504,8.149855571741698e-08
high_yield,Land use occupation,land_use,TZ0106,6.432237264054628e-09
high_yield,Land use occupation,land_use,TZ2403,1.3194465896389014e-06
high_yield,Land use occupation,land_use,TZ2102,1.5491336994721251e-09
high_yield,Land use occupation,land_use,TZ2405,1.1238605913617708e-06
high_yield,Land use occupation,land_use,TZ1406,4.175407588769228e-09
high_yield,Land use occupation,land_use,TZ0601,1.2966495051622928e-10
high_yield,Land use occupation,land_use,TZ2004,1.689608842476914e-07
high_yield,Land use occupation,land_use,TZ1405,6.963339050468885e-10
high_yield,Land use occupation,land_use,TZ1402,4.009435519719141e-07
high_yield,Land use occupation,land_use,TZ1803,1.073904471015948e-08
high_yield,Land use occupation,land_use,TZ0201,4.054491100906377e-10
high_yield,Land use occupation,land_use,TZ1103,3.5269995904903053e-10
high_yield,Land use occupation,land_use,TZ0502,8.167903076036943e-11
high_yield,Land use occupation,land_use,TZ1703,2.3535210935610687e-07
high_yield,Land use occupation,land_use,TZ2502,1.204502329029269e-07
high_yield,Land use occupation,land_use,TZ1704,3.490048775696336e-08
high_yield,Land use occupation,land_use,TZ0702,6.615221894763974e-10
high_yield,Land use occupation,land_use,TZ0301,9.363655098288989e-12
high_yield,Land use occupation,land_use,TZ0703,2.483887058393941e-09
high_yield,Land use occupation,land_use,TZ0203,8.505449762924422e-10
high_yield,Land use occupation,land_use,TZ2005,2.6703945292391863e-11
high_yield,Water consumption,water,TZ1903,4.563345449367745e-12
high_yield,Water consumption,water,TZ1705,2.1900855824580974e-12
high_yield,Water consumption,water,TZ0505,2.0508313611456505e-12
high_yield,Water consumption,water,TZ0702,4.838053388773205e-11
high_yield,Water consumption,water,TZ0703,1.275740269796817e-10
high_yield,Water consumption,water,TZ0203,2.718019308677689e-12
high_yield,FW eutrophication N,n_eutro,TZ1608,2.1062746454361074e-11
high_yield,FW eutrophication N,n_eutro,TZ1802,1.2310296060438411e-14
high_yield,FW eutrophication N,n_eutro,TZ2001,2.2576208997418667e-12
high_yield,FW eutrophication N,n_eutro,TZ1304,1.610705634218829e-11
high_yield,FW eutrophication N,n_eutro,TZ2501,8.485897325883019e-12
high_yield,FW eutrophication N,n_eutro,TZ1302,5.586418466025005e-12
high_yield,FW eutrophication N,n_eutro,TZ0105,1.9854551339611803e-13
high_yield,FW eutrophication N,n_eutro,TZ0602,1.6621885788003553e-14
high_yield,FW eutrophication N,n_eutro,TZ1606,2.062087003576125e-12
high_yield,FW eutrophication N,n_eutro,TZ0507,5.235024272145686e-14
high_yield,FW eutrophication N,n_eutro,TZ1403,6.784294843653299e-11
high_yield,FW eutrophication N,n_eutro,TZ2303,3.9809357961265376e-13
high_yield,FW eutrophication N,n_eutro,TZ2404,3.361502735043179e-10
high_yield,FW eutrophication N,n_eutro,TZ1607,4.368980935469835e-11
high_yield,FW eutrophication N,n_eutro,TZ0607,1.1626875746914498e-14
high_yield,FW eutrophication N,n_eutro,TZ1303,4.401183143527236e-13
high_yield,FW eutrophication N,n_eutro,TZ1902,2.457067537924656e-11
high_yield,FW eutrophication N,n_eutro,TZ1702,2.2400871482151063e-10
high_yield,FW eutrophication N,n_eutro,TZ0504,2.3507415280576983e-13
high_yield,FW eutrophication N,n_eutro,TZ1904,3.3441566944784915e-10
high_yield,FW eutrophication N,n_eutro,TZ2505,2.9717615003633358e-12
high_yield,FW eutrophication N,n_eutro,TZ0506,8.655436297161271e-13
high_yield,FW eutrophication N,n_eutro,TZ1305,4.205336462459943e-12
high_yield,FW eutrophication N,n_eutro,TZ2401,3.2545311082152393e-11
high_yield,FW eutrophication N,n_eutro,TZ1804,1.0715541883274454e-10
high_yield,FW eutrophication N,n_eutro,TZ1102,5.577064038009196e-14
high_yield,FW eutrophication N,n_eutro,TZ1101,4.462119919226647e-14
high_yield,FW eutrophication N,n_eutro,TZ1301,5.757533385216022e-12
high_yield,FW eutrophication N,n_eutro,TZ1701,3.856075920280995e-10
high_yield,FW eutrophication N,n_eutro,TZ0102,3.9195575251515515e-14
high_yield,FW eutrophication N,n_eutro,TZ1805,4.154449997690792e-12
high_yield,FW eutrophication N,n_eutro,TZ0501,1.8382503317701391e-13
high_yield,FW eutrophication N,n_eutro,TZ2002,3.741201787360097e-12
high_yield,FW eutrophication N,n_eutro,TZ1404,5.519140789223681e-12
high_yield,FW eutrophication N,n_eutro,TZ1605,9.394780782414261e-12
high_yield,FW eutrophication N,n_eutro,TZ0401,3.0972745990553636e-11
high_yield,FW eutrophication N,n_eutro,TZ2103,1.0712960702411744e-12
high_yield,FW eutrophication N,n_eutro,TZ0107,1.6127456310343628e-12
high_yield,FW eutrophication N,n_eutro,TZ1602,3.566019231959579e-11
high_yield,FW eutrophication N,n_eutro,TZ0407,3.393231740410943e-14
high_yield,FW eutrophication N,n_eutro,TZ1502,3.892105946211107e-15
high_yield,FW eutrophication N,n_eutro,TZ1401,3.304980216549551e-11
high_yield,FW eutrophication N,n_eutro,TZ2302,7.750165776527614e-12
high_yield,FW eutrophication N,n_eutro,TZ2101,2.6339328516479824e-12
high_yield,FW eutrophication N,n_eutro,TZ2106,6.688438439725226e-12
high_yield,FW eutrophication N,n_eutro,TZ0204,8.362445597766475e-14
high_yield,FW eutrophication N,n_eutro,TZ2301,2.948099606516725e-12
high_yield,FW eutrophication N,n_eutro,TZ1503,1.529196683547249e-15
high_yield,FW eutrophication N,n_eutro,TZ0402,8.13865588860011e-12
high_yield,FW eutrophication N,n_eutro,TZ0104,1.3942741747710229e-12
high_yield,FW eutrophication N,n_eutro,TZ1601,1.5621248241275256e-11
high_yield,FW eutrophication N,n_eutro,TZ1002,1.499844064834685e-16
high_yield,FW eutrophication N,n_eutro,TZ0503,3.92106566546816e-13
high_yield,FW eutrophication N,n_eutro,TZ1407,9.457737164284431e-12
high_yield,FW eutrophication N,n_eutro,TZ1705,3.4175130279873644e-11
high_yield,FW eutrophication N,n_eutro,TZ0101,2.516270397845616e-13
high_yield,FW eutrophication N,n_eutro,TZ1907,4.010219296669841e-10
high_yield,FW eutrophication N,n_eutro,TZ2503,5.189553454681996e-11
high_yield,FW eutrophication N,n_eutro,TZ0205,3.7248000300096587e-13
high_yield,FW eutrophication N,n_eutro,TZ1104,7.876692464588457e-14
high_yield,FW eutrophication N,n_eutro,TZ2007,1.6779802038058775e-11
high_yield,FW eutrophication N,n_eutro,TZ2006,7.911032493621371e-13
high_yield,FW eutrophication N,n_eutro,TZ2402,6.501431357524932e-11
high_yield,FW eutrophication N,n_eutro,TZ1306,9.083153094179576e-12
high_yield,FW eutrophication N,n_eutro,TZ0505,5.6290913023782325e-14
high_yield,FW eutrophication N,n_eutro,TZ2504,1.375669198253566e-11
high_yield,FW eutrophication N,n_eutro,TZ0106,3.4844498719647497e-12
high_yield,FW eutrophication N,n_eutro,TZ2403,1.0325266137994665e-11
high_yield,FW eutrophication N,n_eutro,TZ2102,2.73003936274201e-12
high_yield,FW eutrophication N,n_eutro,TZ2405,2.7232272103612284e-11
high_yield,FW eutrophication N,n_eutro,TZ1406,1.5690607209904253e-10
high_yield,FW eutrophication N,n_eutro,TZ0601,9.957607753762167e-15
high_yield,FW eutrophication N,n_eutro,TZ2004,1.542264764369079e-11
high_yield,FW eutrophication N,n_eutro,TZ1405,4.853492884209728e-12
high_yield,FW eutrophication N,n_eutro,TZ1402,9.764592895647479e-11
high_yield,FW eutrophication N,n_eutro,TZ1803,2.509388100310538e-13
high_yield,FW eutrophication N,n_eutro,TZ0201,6.280231824795963e-14
high_yield,FW eutrophication N,n_eutro,TZ1103,1.8961636391569316e-13
high_yield,FW eutrophication N,n_eutro,TZ0502,1.4444913579753148e-14
high_yield,FW eutrophication N,n_eutro,TZ1703,1.6561343908678806e-10
high_yield,FW eutrophication N,n_eutro,TZ2502,2.32715372524904e-11
high_yield,FW eutrophication N,n_eutro,TZ1704,2.7724495880643573e-11
high_yield,FW eutrophication P,p_eutro,TZ1608,8.234586223567657e-10
high_yield,FW eutrophication P,p_eutro,TZ1802,3.142234796459735e-14
high_yield,FW eutrophication P,p_eutro,TZ2001,2.6102954378119995e-11
high_yield,FW eutrophication P,p_eutro,TZ2501,9.89358654964161e-12
high_yield,FW eutrophication P,p_eutro,TZ1302,5.273359681946413e-11
high_yield,FW eutrophication P,p_eutro,TZ0602,5.895367346983385e-12
high_yield,FW eutrophication P,p_eutro,TZ1606,8.061832424484244e-11
high_yield,FW eutrophication P,p_eutro,TZ0507,2.399228436570321e-13
high_yield,FW eutrophication P,p_eutro,TZ1403,3.12626762990574e-11
high_yield,FW eutrophication P,p_eutro,TZ2303,2.9861064527718237e-12
high_yield,FW eutrophication P,p_eutro,TZ1607,2.781793680408742e-10
high_yield,FW eutrophication P,p_eutro,TZ0607,6.108686229409051e-12
high_yield,FW eutrophication P,p_eutro,TZ1303,2.082939035627517e-13
high_yield,FW eutrophication P,p_eutro,TZ0504,1.8892272310017334e-11
high_yield,FW eutrophication P,p_eutro,TZ2505,4.463192004737983e-11
high_yield,FW eutrophication P,p_eutro,TZ0506,3.560611436469022e-12
high_yield,FW eutrophication P,p_eutro,TZ1305,1.7383623282427123e-11
high_yield,FW eutrophication P,p_eutro,TZ2401,8.519765215727434e-12
high_yield,FW eutrophication P,p_eutro,TZ1804,3.748327948991796e-11
high_yield,FW eutrophication P,p_eutro,TZ1102,2.7039012067724804e-12
high_yield,FW eutrophication P,p_eutro,TZ1101,1.4316708210034315e-13
high_yield,FW eutrophication P,p_eutro,TZ1301,1.0151021682356824e-10
high_yield,FW eutrophication P,p_eutro,TZ0102,4.912508210586114e-13
high_yield,FW eutrophication P,p_eutro,TZ1805,6.697711372803695e-12
high_yield,FW eutrophication P,p_eutro,TZ0501,2.3113170479721286e-12
high_yield,FW eutrophication P,p_eutro,TZ2002,3.156028276974278e-11
high_yield,FW eutrophication P,p_eutro,TZ1404,4.246735905463959e-11
high_yield,FW eutrophication P,p_eutro,TZ1605,1.70183075615688e-10
high_yield,FW eutrophication P,p_eutro,TZ0401,2.8082519035007904e-11
high_yield,FW eutrophication P,p_eutro,TZ2103,3.342265479912124e-11
high_yield,FW eutrophication P,p_eutro,TZ0107,1.5093158350865608e-11
high_yield,FW eutrophication P,p_eutro,TZ1602,1.0331647179752185e-09
high_yield,FW eutrophication P,p_eutro,TZ0407,9.958854579268957e-14
high_yield,FW eutrophication P,p_eutro,TZ1502,2.6847416731910416e-14
high_yield,FW eutrophication P,p_eutro,TZ1401,9.748540106540677e-11
high_yield,FW eutrophication P,p_eutro,TZ2302,1.5476683807862873e-10
high_yield,FW eutrophication P,p_eutro,TZ2101,7.836420316604299e-11
high_yield,FW eutrophication P,p_eutro,TZ2106,1.6966377640111332e-10
high_yield,FW eutrophication P,p_eutro,TZ0204,3.291667903674026e-12
high_yield,FW eutrophication P,p_eutro,TZ1503,1.8069127634473977e-14
high_yield,FW eutrophication P,p_eutro,TZ0402,8.324534184665926e-12
high_yield,FW eutrophication P,p_eutro,TZ0104,6.234941172179092e-12
high_yield,FW eutrophication P,p_eutro,TZ1601,4.10575189012004e-10
high_yield,FW eutrophication P,p_eutro,TZ1002,1.1541221387981425e-15
high_yield,FW eutrophication P,p_eutro,TZ0503,2.2360334732715536e-11
high_yield,FW eutrophication P,p_eutro,TZ1407,1.0065715548089325e-10
high_yield,FW eutrophication P,p_eutro,TZ0101,3.3719346470460225e-12
high_yield,FW eutrophication P,p_eutro,TZ2503,8.754931228285081e-12
high_yield,FW eutrophication P,p_eutro,TZ0205,2.2757142478236335e-12
high_yield,FW eutrophication P,p_eutro,TZ1104,5.270528805945745e-13
high_yield,FW eutrophication P,p_eutro,TZ2402,1.903715151718022e-11
high_yield,FW eutrophication P,p_eutro,TZ1306,1.09945981211611e-10
high_yield,FW eutrophication P,p_eutro,TZ2504,7.563623413455913e-11
high_yield,FW eutrophication P,p_eutro,TZ0106,4.165877617236892e-13
high_yield,FW eutrophication P,p_eutro,TZ2403,1.1708489853344569e-11
high_yield,FW eutrophication P,p_eutro,TZ2102,6.065356775557558e-11
high_yield,FW eutrophication P,p_eutro,TZ1406,2.4970626355634767e-11
high_yield,FW eutrophication P,p_eutro,TZ0601,2.1887371645195536e-12
high_yield,FW eutrophication P,p_eutro,TZ1405,1.9832870153616536e-12
high_yield,FW eutrophication P,p_eutro,TZ1402,2.0929498101883818e-12
high_yield,FW eutrophication P,p_eutro,TZ1803,4.867398533340322e-12
high_yield,FW eutrophication P,p_eutro,TZ0201,8.095609765939302e-13
high_yield,FW eutrophication P,p_eutro,TZ0502,4.645544297671964e-14
high_yield,FW eutrophication P,p_eutro,TZ1704,6.698495636888064e-11
extensification,Land use occupation,land_use,TZ1608,2.4390542003889116e-09
extensification,Land use occupation,land_use,TZ1802,2.8251929613453693e-09
extensification,Land use occupation,land_use,TZ2001,4.730378634867978e-08
extensification,Land use occupation,land_use,TZ1304,4.551939371841378e-08
extensification,Land use occupation,land_use,TZ2501,2.5684804095777945e-07
extensification,Land use occupation,land_use,TZ1905,2.264027596235357e-07
extensification,Land use occupation,land_use,TZ1302,2.1674935728254655e-08
extensification,Land use occupation,land_use,TZ1906,4.531135392410703e-07
extensification,Land use occupation,land_use,TZ0105,3.341378210595813e-10
extensification,Land use occupation,land_use,TZ0602,4.1286226797505244e-10
extensification,Land use occupation,land_use,TZ1606,2.387885159486577e-10
extensification,Land use occupation,land_use,TZ0507,3.743714652534101e-10
extensification,Land use occupation,land_use,TZ1403,5.3293670042745916e-08
extensification,Land use occupation,land_use,TZ2303,7.246279208766782e-09
extensification,Land use occupation,land_use,TZ2404,3.6982783919882637e-06
extensification,Land use occupation,land_use,TZ1607,2.68332741360999e-08
extensification,Land use occupation,land_use,TZ0607,4.927649014163994e-10
extensification,Land use occupation,land_use,TZ1303,6.390819687411311e-08
extensification,Land use occupation,land_use,TZ1902,1.966193892795337e-06
extensification,Land use occupation,land_use,TZ1702,2.878914577181621e-06
extensification,Land use occupation,land_use,TZ0504,3.6443816641799394e-09
extensification,Land use occupation,land_use,TZ1904,1.8677289073663706e-06
extensification,Land use occupation,land_use,TZ2505,2.910775464131825e-07
extensification,Land use occupation,land_use,TZ0506,7.481023839639149e-09
extensification,Land use occupation,land_use,TZ1305,2.210506960617454e-07
extensification,Land use occupation,land_use,TZ2401,1.281583592871839e-05
extensification,Land use occupation,land_use,TZ1603,6.980463969566377e-09
extensification,Land use occupation,land_use,TZ1804,1.0887841021001607e-07
extensification,Land use occupation,land_use,TZ1102,7.330382131284818e-10
extensification,Land use occupation,land_use,TZ1101,4.3906716196777384e-10
extensification,Land use occupation,land_use,TZ1301,1.0337566054837899e-07
extensification,Land use occupation,land_use,TZ1701,2.862222468960778e-06
extensification,Land use occupation,land_use,TZ0102,6.473004828778291e-10
extensification,Land use occupation,land_use,TZ1805,2.037739461497974e-08
extensification,Land use occupation,land_use,TZ0501,3.3721929373275784e-09
extensification,Land use occupation,land_use,TZ2002,2.405730387348424e-07
extensification,Land use occupation,land_use,TZ1903,9.512448454362586e-07
extensification,Land use occupation,land_use,TZ1404,2.4324149177285592e-08
extensification,Land use occupation,land_use,TZ1605,2.7620845220986604e-08
extensification,Land use occupation,land_use,TZ0401,2.6825323559867884e-08
extensification,Land use occupation,land_use,TZ2003,8.008585375726014e-07
extensification,Land use occupation,land_use,TZ2103,3.584539654216187e-09
extensification,Land use occupation,land_use,TZ0107,7.656548290336549e-09
extensification,Land use occupation,land_use,TZ1602,1.071483590519179e-08
extensification,Land use occupation,land_use,TZ0407,5.4017406186600695e-11
extensification,Land use occupation,land_use,TZ1502,3.6822090896918696e-09
extensification,Land use occupation,land_use,TZ1401,7.89539031927444e-08
extensification,Land use occupation,land_use,TZ2302,6.071479699092918e-08
extensification,Land use occupation,land_use,TZ2101,1.6229577148803798e-08
extensification,Land use occupation,land_use,TZ0701,1.256745329343933e-09
extensification,Land use occupation,land_use,TZ2106,3.2560130488059163e-08
extensification,Land use occupation,land_use,TZ0204,8.319806764293892e-10
extensification,Land use occupation,land_use,TZ2301,1.0260884264132813e-08
extensification,Land use occupation,land_use,TZ1503,2.5228560190713506e-09
extensification,Land use occupation,land_use,TZ0402,6.954451952162569e-09
extensification,Land use occupation,land_use,TZ0104,3.997503312789476e-09
extensification,Land use occupation,land_use,TZ1601,1.338163460686991e-08
extensification,Land use occupation,land_use,TZ1002,1.7401101893046927e-12
extensification,Land use occupation,land_use,TZ0503,3.432143756491227e-09
extensification,Land use occupation,land_use,TZ1407,9.343473255593342e-08
extensification,Land use occupation,land_use,TZ1705,7.750456912487688e-08
extensification,Land use occupation,land_use,TZ0101,1.2986726417656127e-09
extensification,Land use occupation,land_use,TZ1907,7.557810272256495e-07
extensification,Land use occupation,land_use,TZ2503,2.2990942154279128e-07
extensification,Land use occupation,land_use,TZ0205,4.94971443157898e-09
extensification,Land use occupation,land_use,TZ1104,1.4509573132456836e-09
extensification,Land use occupation,land_use,TZ2007,3.615486593775801e-07
extensification,Land use occupation,land_use,TZ2006,1.6837887976155032e-08
extensification,Land use occupation,land_use,TZ2402,2.4637811152576204e-05
extensification,Land use occupation,land_use,TZ1306,5.746242247918398e-08
extensification,Land use occupation,land_use,TZ0505,6.575899287710096e-10
extensification,Land use occupation,land_use,TZ2504,3.1779408571183986e-07
extensification,Land use occupation,land_use,TZ0106,2.5081756877993577e-08
extensification,Land use occupation,land_use,TZ2403,5.1442314856865155e-06
extensification,Land use occupation,land_use,TZ2102,6.0266271850472275e-09
extensification,Land use occupation,land_use,TZ2405,4.3823629260101595e-06
extensification,Land use occupation,land_use,TZ1406,1.6281513524584088e-08
extensification,Land use occupation,land_use,TZ0601,5.056133085481141e-10
extensification,Land use occupation,land_use,TZ2004,6.586224193112601e-07
extensification,Land use occupation,land_use,TZ1405,2.715272617490559e-09
extensification,Land use occupation,land_use,TZ1402,1.5634324853899426e-06
extensification,Land use occupation,land_use,TZ1803,4.1875648777348266e-08
extensification,Land use occupation,land_use,TZ0201,1.5810013822907172e-09
extensification,Land use occupation,land_use,TZ1103,1.3753122374981694e-09
extensification,Land use occupation,land_use,TZ0502,3.184978270329467e-10
extensification,Land use occupation,land_use,TZ1703,9.17728022966582e-07
extensification,Land use occupation,land_use,TZ2502,4.6968159499522736e-07
extensification,Land use occupation,land_use,TZ1704,1.3609036994567437e-07
extensification,Land use occupation,land_use,TZ0702,6.615221894763974e-10
extensification,Land use occupation,land_use,TZ0301,9.363655098288989e-12
extensification,Land use occupation,land_use,TZ0703,2.483887058393941e-09
extensification,Land use occupation,land_use,TZ0203,8.505449762924422e-10
extensification,Land use occupation,land_use,TZ2005,2.6703945292391863e-11
extensification,Water consumption,water,TZ1903,4.563345449367745e-12
extensification,Water consumption,water,TZ1705,2.1900855824580974e-12
extensification,Water consumption,water,TZ0505,2.0508313611456505e-12
extensification,Water consumption,water,TZ0702,4.838053388773205e-11
extensification,Water consumption,water,TZ0703,1.275740269796817e-10
extensification,Water consumption,water,TZ0203,2.718019308677689e-12
extensification,FW eutrophication N,n_eutro,TZ1608,2.1062746454361074e-11
extensification,FW eutrophication N,n_eutro,TZ1802,1.2310296060438411e-14
extensification,FW eutrophication N,n_eutro,TZ2001,2.2576208997418667e-12
extensification,FW eutrophication N,n_eutro,TZ1304,1.610705634218829e-11
extensification,FW eutrophication N,n_eutro,TZ2501,8.485897325883019e-12
extensification,FW eutrophication N,n_eutro,TZ1302,5.586418466025005e-12
extensification,FW eutrophication N,n_eutro,TZ0105,1.9854551339611803e-13
extensification,FW eutrophication N,n_eutro,TZ0602,1.6621885788003553e-14
extensification,FW eutrophication N,n_eutro,TZ1606,2.062087003576125e-12
extensification,FW eutrophication N,n_eutro,TZ0507,5.235024272145686e-14
extensification,FW eutrophication N,n_eutro,TZ1403,6.784294843653299e-11
extensification,FW eutrophication N,n_eutro,TZ2303,3.9809357961265376e-13
extensification,FW eutrophication N,n_eutro,TZ2404,3.361502735043179e-10
extensification,FW eutrophication N,n_eutro,TZ1607,4.368980935469835e-11
extensification,FW eutrophication N,n_eutro,TZ0607,1.1626875746914498e-14
extensification,FW eutrophication N,n_eutro,TZ1303,4.401183143527236e-13
extensification,FW eutrophication N,n_eutro,TZ1902,2.457067537924656e-11
extensification,FW eutrophication N,n_eutro,TZ1702,2.2400871482151063e-10
extensification,FW eutrophication N,n_eutro,TZ0504,2.3507415280576983e-13
extensification,FW eutrophication N,n_eutro,TZ1904,3.3441566944784915e-10
extensification,FW eutrophication N,n_eutro,TZ2505,2.9717615003633358e-12
extensification,FW eutrophication N,n_eutro,TZ0506,8.655436297161271e-13
extensification,FW eutrophication N,n_eutro,TZ1305,4.205336462459943e-12
extensification,FW eutrophication N,n_eutro,TZ2401,3.2545311082152393e-11
extensification,FW eutrophication N,n_eutro,TZ1804,1.0715541883274454e-10
extensification,FW eutrophication N,n_eutro,TZ1102,5.577064038009196e-14
extensification,FW eutrophication N,n_eutro,TZ1101,4.462119919226647e-14
extensification,FW eutrophication N,n_eutro,TZ1301,5.757533385216022e-12
extensification,FW eutrophication N,n_eutro,TZ1701,3.856075920280995e-10
extensification,FW eutrophication N,n_eutro,TZ0102,3.9195575251515515e-14
extensification,FW eutrophication N,n_eutro,TZ1805,4.154449997690792e-12
extensification,FW eutrophication N,n_eutro,TZ0501,1.8382503317701391e-13
extensification,FW eutrophication N,n_eutro,TZ2002,3.741201787360097e-12
extensification,FW eutrophication N,n_eutro,TZ1404,5.519140789223681e-12
extensification,FW eutrophication N,n_eutro,TZ1605,9.394780782414261e-12
extensification,FW eutrophication N,n_eutro,TZ0401,3.0972745990553636e-11
extensification,FW eutrophication N,n_eutro,TZ2103,1.0712960702411744e-12
extensification,FW eutrophication N,n_eutro,TZ0107,1.6127456310343628e-12
extensification,FW eutrophication N,n_eutro,TZ1602,3.566019231959579e-11
extensification,FW eutrophication N,n_eutro,TZ0407,3.393231740410943e-14
extensification,FW eutrophication N,n_eutro,TZ1502,3.892105946211107e-15
extensification,FW eutrophication N,n_eutro,TZ1401,3.304980216549551e-11
extensification,FW eutrophication N,n_eutro,TZ2302,7.750165776527614e-12
extensification,FW eutrophication N,n_eutro,TZ2101,2.6339328516479824e-12
extensification,FW eutrophication N,n_eutro,TZ2106,6.688438439725226e-12
extensification,FW eutrophication N,n_eutro,TZ0204,8.362445597766475e-14
extensification,FW eutrophication N,n_eutro,TZ2301,2.948099606516725e-12
extensification,FW eutrophication N,n_eutro,TZ1503,1.529196683547249e-15
extensification,FW eutrophication N,n_eutro,TZ0402,8.13865588860011e-12
extensification,FW eutrophication N,n_eutro,TZ0104,1.3942741747710229e-12
extensification,FW eutrophication N,n_eutro,TZ1601,1.5621248241275256e-11
extensification,FW eutrophication N,n_eutro,TZ1002,1.499844064834685e-16
extensification,FW eutrophication N,n_eutro,TZ0503,3.92106566546816e-13
extensification,FW eutrophication N,n_eutro,TZ1407,9.457737164284431e-12
extensification,FW eutrophication N,n_eutro,TZ1705,3.4175130279873644e-11
extensification,FW eutrophication N,n_eutro,TZ0101,2.516270397845616e-13
extensification,FW eutrophication N,n_eutro,TZ1907,4.010219296669841e-10
extensification,FW eutrophication N,n_eutro,TZ2503,5.189553454681996e-11
extensification,FW eutrophication N,n_eutro,TZ0205,3.7248000300096587e-13
extensification,FW eutrophication N,n_eutro,TZ1104,7.876692464588457e-14
extensification,FW eutrophication N,n_eutro,TZ2007,1.6779802038058775e-11
extensification,FW eutrophication N,n_eutro,TZ2006,7.911032493621371e-13
extensification,FW eutrophication N,n_eutro,TZ2402,6.501431357524932e-11
extensification,FW eutrophication N,n_eutro,TZ1306,9.083153094179576e-12
extensification,FW eutrophication N,n_eutro,TZ0505,5.6290913023782325e-14
extensification,FW eutrophication N,n_eutro,TZ2504,1.375669198253566e-11
extensification,FW eutrophication N,n_eutro,TZ0106,3.4844498719647497e-12
extensification,FW eutrophication N,n_eutro,TZ2403,1.0325266137994665e-11
extensification,FW eutrophication N,n_eutro,TZ2102,2.73003936274201e-12
extensification,FW eutrophication N,n_eutro,TZ2405,2.7232272103612284e-11
extensification,FW eutrophication N,n_eutro,TZ1406,1.5690607209904253e-10
extensification,FW eutrophication N,n_eutro,TZ0601,9.957607753762167e-15
extensification,FW eutrophication N,n_eutro,TZ2004,1.542264764369079e-11
extensification,FW eutrophication N,n_eutro,TZ1405,4.853492884209728e-12
extensification,FW eutrophication N,n_eutro,TZ1402,9.764592895647479e-11
extensification,FW eutrophication N,n_eutro,TZ1803,2.509388100310538e-13
extensification,FW eutrophication N,n_eutro,TZ0201,6.280231824795963e-14
extensification,FW eutrophication N,n_eutro,TZ1103,1.8961636391569316e-13
extensification,FW eutrophication N,n_eutro,TZ0502,1.4444913579753148e-14
extensification,FW eutrophication N,n_eutro,TZ1703,1.6561343908678806e-10
extensification,FW eutrophication N,n_eutro,TZ2502,2.32715372524904e-11
extensification,FW eutrophication N,n_eutro,TZ1704,2.7724495880643573e-11
extensification,FW eutrophication P,p_eutro,TZ1608,8.234586223567657e-10
extensification,FW eutrophication P,p_eutro,TZ1802,3.142234796459735e-14
extensification,FW eutrophication P,p_eutro,TZ2001,2.6102954378119995e-11
extensification,FW eutrophication P,p_eutro,TZ2501,9.89358654964161e-12
extensification,FW eutrophication P,p_eutro,TZ1302,5.273359681946413e-11
extensification,FW eutrophication P,p_eutro,TZ0602,5.895367346983385e-12
extensification,FW eutrophication P,p_eutro,TZ1606,8.061832424484244e-11
extensification,FW eutrophication P,p_eutro,TZ0507,2.399228436570321e-13
extensification,FW eutrophication P,p_eutro,TZ1403,3.12626762990574e-11
extensification,FW eutrophication P,p_eutro,TZ2303,2.9861064527718237e-12
extensification,FW eutrophication P,p_eutro,TZ1607,2.781793680408742e-10
extensification,FW eutrophication P,p_eutro,TZ0607,6.108686229409051e-12
extensification,FW eutrophication P,p_eutro,TZ1303,2.082939035627517e-13
extensification,FW eutrophication P,p_eutro,TZ0504,1.8892272310017334e-11
extensification,FW eutrophication P,p_eutro,TZ2505,4.463192004737983e-11
extensification,FW eutrophication P,p_eutro,TZ0506,3.560611436469022e-12
extensification,FW eutrophication P,p_eutro,TZ1305,1.7383623282427123e-11
extensification,FW eutrophication P,p_eutro,TZ2401,8.519765215727434e-12
extensification,FW eutrophication P,p_eutro,TZ1804,3.748327948991796e-11
extensification,FW eutrophication P,p_eutro,TZ1102,2.7039012067724804e-12
extensification,FW eutrophication P,p_eutro,TZ1101,1.4316708210034315e-13
extensification,FW eutrophication P,p_eutro,TZ1301,1.0151021682356824e-10
extensification,FW eutrophication P,p_eutro,TZ0102,4.912508210586114e-13
extensification,FW eutrophication P,p_eutro,TZ1805,6.697711372803695e-12
extensification,FW eutrophication P,p_eutro,TZ0501,2.3113170479721286e-12
extensification,FW eutrophication P,p_eutro,TZ2002,3.156028276974278e-11
extensification,FW eutrophication P,p_eutro,TZ1404,4.246735905463959e-11
extensification,FW eutrophication P,p_eutro,TZ1605,1.70183075615688e-10
extensification,FW eutrophication P,p_eutro,TZ0401,2.8082519035007904e-11
extensification,FW eutrophication P,p_eutro,TZ2103,3.342265479912124e-11
extensification,FW eutrophication P,p_eutro,TZ0107,1.5093158350865608e-11
extensification,FW eutrophication P,p_eutro,TZ1602,1.0331647179752185e-09
extensification,FW eutrophication P,p_eutro,TZ0407,9.958854579268957e-14
extensification,FW eutrophication P,p_eutro,TZ1502,2.6847416731910416e-14
extensification,FW eutrophication P,p_eutro,TZ1401,9.748540106540677e-11
extensification,FW eutrophication P,p_eutro,TZ2302,1.5476683807862873e-10
extensification,FW eutrophication P,p_eutro,TZ2101,7.836420316604299e-11
extensification,FW eutrophication P,p_eutro,TZ2106,1.6966377640111332e-10
extensification,FW eutrophication P,p_eutro,TZ0204,3.291667903674026e-12
extensification,FW eutrophication P,p_eutro,TZ1503,1.8069127634473977e-14
extensification,FW eutrophication P,p_eutro,TZ0402,8.324534184665926e-12
extensification,FW eutrophication P,p_eutro,TZ0104,6.234941172179092e-12
extensification,FW eutrophication P,p_eutro,TZ1601,4.10575189012004e-10
extensification,FW eutrophication P,p_eutro,TZ1002,1.1541221387981425e-15
extensification,FW eutrophication P,p_eutro,TZ0503,2.2360334732715536e-11
extensification,FW eutrophication P,p_eutro,TZ1407,1.0065715548089325e-10
extensification,FW eutrophication P,p_eutro,TZ0101,3.3719346470460225e-12
extensification,FW eutrophication P,p_eutro,TZ2503,8.754931228285081e-12
extensification,FW eutrophication P,p_eutro,TZ0205,2.2757142478236335e-12
extensification,FW eutrophication P,p_eutro,TZ1104,5.270528805945745e-13
extensification,FW eutrophication P,p_eutro,TZ2402,1.903715151718022e-11
extensification,FW eutrophication P,p_eutro,TZ1306,1.09945981211611e-10
extensification,FW eutrophication P,p_eutro,TZ2504,7.563623413455913e-11
extensification,FW eutrophication P,p_eutro,TZ0106,4.165877617236892e-13
extensification,FW eutrophication P,p_eutro,TZ2403,1.1708489853344569e-11
extensification,FW eutrophication P,p_eutro,TZ2102,6.065356775557558e-11
extensification,FW eutrophication P,p_eutro,TZ1406,2.4970626355634767e-11
extensification,FW eutrophication P,p_eutro,TZ0601,2.1887371645195536e-12
extensification,FW eutrophication P,p_eutro,TZ1405,1.9832870153616536e-12
extensification,FW eutrophication P,p_eutro,TZ1402,2.0929498101883818e-12
extensification,FW eutrophication P,p_eutro,TZ1803,4.867398533340322e-12
extensification,FW eutrophication P,p_eutro,TZ0201,8.095609765939302e-13
extensification,FW eutrophication P,p_eutro,TZ0502,4.645544297671964e-14
extensification,FW eutrophication P,p_eutro,TZ1704,6.698495636888064e-11
organic_expansion,Land use occupation,land_use,TZ1608,6.254974735830907e-10
organic_expansion,Land use occupation,land_use,TZ1802,7.245230792429636e-10
organic_expansion,Land use occupation,land_use,TZ2001,1.2131095261144903e-08
organic_expansion,Land use occupation,land_use,TZ1304,1.1673486290448925e-08
organic_expansion,Land use occupation,land_use,TZ2501,6.586889323256532e-08
organic_expansion,Land use occupation,land_use,TZ1905,5.806117557132623e-08
organic_expansion,Land use occupation,land_use,TZ1302,5.5585552530720165e-09
organic_expansion,Land use occupation,land_use,TZ1906,1.1620134312570421e-07
organic_expansion,Land use occupation,land_use,TZ0105,8.568992147366022e-11
organic_expansion,Land use occupation,land_use,TZ0602,1.0587887120958717e-10
organic_expansion,Land use occupation,land_use,TZ1606,6.123751305843264e-11
organic_expansion,Land use occupation,land_use,TZ0507,9.600787291248766e-11
organic_expansion,Land use occupation,land_use,TZ1403,1.3667205904810597e-08
organic_expansion,Land use occupation,land_use,TZ2303,1.8583143159502482e-09
organic_expansion,Land use occupation,land_use,TZ2404,9.484265624055177e-07
organic_expansion,Land use occupation,land_use,TZ1607,6.881415418081613e-09
organic_expansion,Land use occupation,land_use,TZ0607,1.2636996785771788e-10
organic_expansion,Land use occupation,land_use,TZ1303,1.6389310118501886e-08
organic_expansion,Land use occupation,land_use,TZ1902,5.042320553277922e-07
organic_expansion,Land use occupation,land_use,TZ1702,7.383000322016225e-07
organic_expansion,Land use occupation,land_use,TZ0504,9.346047018363156e-10
organic_expansion,Land use occupation,land_use,TZ1904,4.789806281096542e-07
organic_expansion,Land use occupation,land_use,TZ2505,7.464707830977243e-08
organic_expansion,Land use occupation,land_use,TZ0506,1.9185147713253052e-09
organic_expansion,Land use occupation,land_use,TZ1305,5.668863442983699e-08
organic_expansion,Land use occupation,land_use,TZ2401,3.286631758322773e-06
organic_expansion,Land use occupation,land_use,TZ1603,1.7901457772875045e-09
organic_expansion,Land use occupation,land_use,TZ1804,2.7921958644153647e-08
organic_expansion,Land use occupation,land_use,TZ1102,1.879882580217437e-10
organic_expansion,Land use occupation,land_use,TZ1101,1.1259913801847828e-10
organic_expansion,Land use occupation,land_use,TZ1301,2.6510773927321455e-08
organic_expansion,Land use occupation,land_use,TZ1701,7.340193271975072e-07
organic_expansion,Land use occupation,land_use,TZ0102,1.6600074595498413e-10
organic_expansion,Land use occupation,land_use,TZ1805,5.2257997578910415e-09
organic_expansion,Land use occupation,land_use,TZ0501,8.64801676976596e-10
organic_expansion,Land use occupation,land_use,TZ2002,6.169515540772196e-08
organic_expansion,Land use occupation,land_use,TZ1903,2.4424212667180645e-07
organic_expansion,Land use occupation,land_use,TZ1404,6.237948240356585e-09
organic_expansion,Land use occupation,land_use,TZ1605,7.083388676316373e-09
organic_expansion,Land use occupation,land_use,TZ0401,6.879376486209634e-09
organic_expansion,Land use occupation,land_use,TZ2003,2.0538083650180304e-07
organic_expansion,Land use occupation,land_use,TZ2103,9.19258168725041e-10
organic_expansion,Land use occupation,land_use,TZ0107,1.9635281623544094e-09
organic_expansion,Land use occupation,land_use,TZ1602,2.7478285589086913e-09
organic_expansion,Land use occupation,land_use,TZ0407,1.3852808639448366e-11
organic_expansion,Land use occupation,land_use,TZ1502,9.44305576497523e-10
organic_expansion,Land use occupation,land_use,TZ1401,2.024779398863335e-08
organic_expansion,Land use occupation,land_use,TZ2302,1.5570360068620424e-08
organic_expansion,Land use occupation,land_use,TZ2101,4.162088526888803e-09
organic_expansion,Land use occupation,land_use,TZ0701,3.222933825400992e-10
organic_expansion,Land use occupation,land_use,TZ2106,8.350072481607557e-09
organic_expansion,Land use occupation,land_use,TZ0204,2.133621348363455e-10
organic_expansion,Land use occupation,land_use,TZ2301,2.631412283876339e-09
organic_expansion,Land use occupation,land_use,TZ1503,6.469885195217892e-10
organic_expansion,Land use occupation,land_use,TZ0402,1.7834749738398866e-09
organic_expansion,Land use occupation,land_use,TZ0104,1.0251630416376785e-09
organic_expansion,Land use occupation,land_use,TZ1601,3.431731298826628e-09
organic_expansion,Land use occupation,land_use,TZ1002,4.4625270196649426e-13
organic_expansion,Land use occupation,land_use,TZ0503,8.801761142974723e-10
organic_expansion,Land use occupation,land_use,TZ1407,2.3961414694814587e-08
organic_expansion,Land use occupation,land_use,TZ1705,2.001960698277703e-08
organic_expansion,Land use occupation,land_use,TZ0101,3.330456766013414e-10
organic_expansion,Land use occupation,land_use,TZ1907,1.9382067156863415e-07
organic_expansion,Land use occupation,land_use,TZ2503,5.896046193029876e-08
organic_expansion,Land use occupation,land_use,TZ0205,1.2693583731828293e-09
organic_expansion,Land use occupation,land_use,TZ1104,3.720992069661144e-10
organic_expansion,Land use occupation,land_use,TZ2007,9.271945370544452e-08
organic_expansion,Land use occupation,land_use,TZ2006,4.318090343330917e-09
organic_expansion,Land use occupation,land_use,TZ2402,6.3183871141922206e-06
organic_expansion,Land use occupation,land_use,TZ1306,1.4736285926308098e-08
organic_expansion,Land use occupation,land_use,TZ0505,5.634651624103004e-10
organic_expansion,Land use occupation,land_use,TZ2504,8.149855698192694e-08
organic_expansion,Land use occupation,land_use,TZ0106,6.432237363855514e-09
organic_expansion,Land use occupation,land_use,TZ2403,1.3192424331162613e-06
organic_expansion,Land use occupation,land_use,TZ2102,1.545533542417031e-09
organic_expansion,Land use occupation,land_use,TZ2405,1.1238606087992933e-06
organic_expansion,Land use occupation,land_use,TZ1406,4.1754076535537435e-09
organic_expansion,Land use occupation,land_use,TZ0601,1.296649525280762e-10
organic_expansion,Land use occupation,land_use,TZ2004,1.689042659481234e-07
organic_expansion,Land use occupation,land_use,TZ1405,6.963339158510205e-10
organic_expansion,Land use occupation,land_use,TZ1402,4.009435581928477e-07
organic_expansion,Land use occupation,land_use,TZ1803,1.0739044876783646e-08
organic_expansion,Land use occupation,land_use,TZ0201,4.054491163814784e-10
organic_expansion,Land use occupation,land_use,TZ1103,3.526999645214294e-10
organic_expansion,Land use occupation,land_use,TZ0502,8.167903202767959e-11
organic_expansion,Land use occupation,land_use,TZ1703,2.3535211300776773e-07
organic_expansion,Land use occupation,land_use,TZ2502,1.2045023477180075e-07
organic_expansion,Land use occupation,land_use,TZ1704,3.490048829847007e-08
organic_expansion,Land use occupation,land_use,TZ0702,6.615221734607343e-10
organic_expansion,Land use occupation,land_use,TZ0301,2.40131711978737e-12
organic_expansion,Land use occupation,land_use,TZ0703,2.4838869982582435e-09
organic_expansion,Land use occupation,land_use,TZ0203,8.27179485772401e-10
organic_expansion,Land use occupation,land_use,TZ2005,6.848248928797405e-12
organic_expansion,Water consumption,water,TZ1903,4.563345338887698e-12
organic_expansion,Water consumption,water,TZ1705,2.1900855294354275e-12
organic_expansion,Water consumption,water,TZ0505,2.05083131149437e-12
organic_expansion,Water consumption,water,TZ0702,4.838053271642391e-11
organic_expansion,Water consumption,water,TZ0703,1.2757402389107386e-10
organic_expansion,Water consumption,water,TZ0203,2.7180192428735754e-12
organic_expansion,FW eutrophication N,n_eutro,TZ1608,8.367111626342873e-12
organic_expansion,FW eutrophication N,n_eutro,TZ1802,4.890227469347448e-15
organic_expansion,FW eutrophication N,n_eutro,TZ2001,8.968329993923312e-13
organic_expansion,FW eutrophication N,n_eutro,TZ1304,6.398478882082306e-12
organic_expansion,FW eutrophication N,n_eutro,TZ2501,3.3709967657445035e-12
organic_expansion,FW eutrophication N,n_eutro,TZ1302,2.219187654277455e-12
organic_expansion,FW eutrophication N,n_eutro,TZ0105,7.887159811254856e-14
organic_expansion,FW eutrophication N,n_eutro,TZ0602,6.602993305260611e-15
organic_expansion,FW eutrophication N,n_eutro,TZ1606,8.191577570160573e-13
organic_expansion,FW eutrophication N,n_eutro,TZ0507,2.0795973852017778e-14
organic_expansion,FW eutrophication N,n_eutro,TZ1403,2.6950403825953214e-11
organic_expansion,FW eutrophication N,n_eutro,TZ2303,1.5814145726754547e-13
organic_expansion,FW eutrophication N,n_eutro,TZ2404,1.335346683173865e-10
organic_expansion,FW eutrophication N,n_eutro,TZ1607,1.735564317770681e-11
organic_expansion,FW eutrophication N,n_eutro,TZ0607,4.618740839464912e-15
organic_expansion,FW eutrophication N,n_eutro,TZ1303,1.7483565464581798e-13
organic_expansion,FW eutrophication N,n_eutro,TZ1902,9.760625665710546e-12
organic_expansion,FW eutrophication N,n_eutro,TZ1702,8.89867770210522e-11
organic_expansion,FW eutrophication N,n_eutro,TZ0504,9.338248842598632e-14
organic_expansion,FW eutrophication N,n_eutro,TZ1904,1.3284560215977833e-10
organic_expansion,FW eutrophication N,n_eutro,TZ2505,1.1805231693922735e-12
organic_expansion,FW eutrophication N,n_eutro,TZ0506,3.4383456036927833e-13
organic_expansion,FW eutrophication N,n_eutro,TZ1305,1.6705570512361542e-12
organic_expansion,FW eutrophication N,n_eutro,TZ2401,1.2928525314989987e-11
organic_expansion,FW eutrophication N,n_eutro,TZ1804,4.2567162486801824e-11
organic_expansion,FW eutrophication N,n_eutro,TZ1102,2.215471636350806e-14
organic_expansion,FW eutrophication N,n_eutro,TZ1101,1.7725634942810182e-14
organic_expansion,FW eutrophication N,n_eutro,TZ1301,2.2871625327153732e-12
organic_expansion,FW eutrophication N,n_eutro,TZ1701,1.531814368774474e-10
organic_expansion,FW eutrophication N,n_eutro,TZ0102,1.5570322422043354e-14
organic_expansion,FW eutrophication N,n_eutro,TZ1805,1.650342558699959e-12
organic_expansion,FW eutrophication N,n_eutro,TZ0501,7.302393235568737e-14
organic_expansion,FW eutrophication N,n_eutro,TZ2002,1.4861809707173328e-12
organic_expansion,FW eutrophication N,n_eutro,TZ1404,2.192461802880181e-12
organic_expansion,FW eutrophication N,n_eutro,TZ1605,3.732047939797765e-12
organic_expansion,FW eutrophication N,n_eutro,TZ0401,1.2303828640716889e-11
organic_expansion,FW eutrophication N,n_eutro,TZ2103,4.2556908824748365e-13
organic_expansion,FW eutrophication N,n_eutro,TZ0107,6.406582707055913e-13
organic_expansion,FW eutrophication N,n_eutro,TZ1602,1.4165902362326265e-11
organic_expansion,FW eutrophication N,n_eutro,TZ0407,1.3479509335397968e-14
organic_expansion,FW eutrophication N,n_eutro,TZ1502,1.5461271864077539e-15
organic_expansion,FW eutrophication N,n_eutro,TZ1401,1.31289328552874e-11
organic_expansion,FW eutrophication N,n_eutro,TZ2302,3.078729657377719e-12
organic_expansion,FW eutrophication N,n_eutro,TZ2101,1.0463217716541986e-12
organic_expansion,FW eutrophication N,n_eutro,TZ2106,2.6569617192308892e-12
organic_expansion,FW eutrophication N,n_eutro,TZ0204,3.3219559442232356e-14
organic_expansion,FW eutrophication N,n_eutro,TZ2301,1.1711235544116601e-12
organic_expansion,FW eutrophication N,n_eutro,TZ1503,6.074687067803512e-16
organic_expansion,FW eutrophication N,n_eutro,TZ0402,3.2330561665290455e-12
organic_expansion,FW eutrophication N,n_eutro,TZ0104,5.538711527157355e-13
organic_expansion,FW eutrophication N,n_eutro,TZ1601,6.2054930994290966e-12
organic_expansion,FW eutrophication N,n_eutro,TZ1002,5.958084687470224e-17
organic_expansion,FW eutrophication N,n_eutro,TZ0503,1.5576313463337328e-13
organic_expansion,FW eutrophication N,n_eutro,TZ1407,3.757057169996676e-12
organic_expansion,FW eutrophication N,n_eutro,TZ1705,1.357596600785684e-11
organic_expansion,FW eutrophication N,n_eutro,TZ0101,9.995807216526222e-14
organic_expansion,FW eutrophication N,n_eutro,TZ1907,1.5930473537273847e-10
organic_expansion,FW eutrophication N,n_eutro,TZ2503,2.0615342419984853e-11
organic_expansion,FW eutrophication N,n_eutro,TZ0205,1.4796654227608176e-13
organic_expansion,FW eutrophication N,n_eutro,TZ1104,3.1289919973346877e-14
organic_expansion,FW eutrophication N,n_eutro,TZ2007,6.665725052741337e-12
organic_expansion,FW eutrophication N,n_eutro,TZ2006,3.142633468867986e-13
organic_expansion,FW eutrophication N,n_eutro,TZ2402,2.582673727630318e-11
organic_expansion,FW eutrophication N,n_eutro,TZ1306,3.6082547934970886e-12
organic_expansion,FW eutrophication N,n_eutro,TZ0505,2.2361393080398817e-14
organic_expansion,FW eutrophication N,n_eutro,TZ2504,5.4648038268181055e-12
organic_expansion,FW eutrophication N,n_eutro,TZ0106,1.384187057385797e-12
organic_expansion,FW eutrophication N,n_eutro,TZ2403,4.101680402197112e-12
organic_expansion,FW eutrophication N,n_eutro,TZ2102,1.084499789325564e-12
organic_expansion,FW eutrophication N,n_eutro,TZ2405,1.0817936826215233e-11
organic_expansion,FW eutrophication N,n_eutro,TZ1406,6.233045737641038e-11
organic_expansion,FW eutrophication N,n_eutro,TZ0601,3.955629233233949e-15
organic_expansion,FW eutrophication N,n_eutro,TZ2004,6.126599619291158e-12
organic_expansion,FW eutrophication N,n_eutro,TZ1405,1.9280352079362996e-12
organic_expansion,FW eutrophication N,n_eutro,TZ1402,3.8789546710211004e-11
organic_expansion,FW eutrophication N,n_eutro,TZ1803,9.968467500005172e-14
organic_expansion,FW eutrophication N,n_eutro,TZ0201,2.4948028896060124e-14
organic_expansion,FW eutrophication N,n_eutro,TZ1103,7.53245207837253e-14
organic_expansion,FW eutrophication N,n_eutro,TZ0502,5.7381977519672365e-15
organic_expansion,FW eutrophication N,n_eutro,TZ1703,6.578943228815153e-11
organic_expansion,FW eutrophication N,n_eutro,TZ2502,9.24454701717532e-12
organic_expansion,FW eutrophication N,n_eutro,TZ1704,1.1013471216589483e-11
organic_expansion,FW eutrophication P,p_eutro,TZ1608,4.223770164691598e-10
organic_expansion,FW eutrophication P,p_eutro,TZ1802,1.6117479644280464e-14
organic_expansion,FW eutrophication P,p_eutro,TZ2001,1.338900060297648e-11
organic_expansion,FW eutrophication P,p_eutro,TZ2501,5.074721978205901e-12
organic_expansion,FW eutrophication P,p_eutro,TZ1302,2.7048668491132514e-11
organic_expansion,FW eutrophication P,p_eutro,TZ0602,3.0239135317836523e-12
organic_expansion,FW eutrophication P,p_eutro,TZ1606,4.135159477694686e-11
organic_expansion,FW eutrophication P,p_eutro,TZ0507,1.2306373645906034e-13
organic_expansion,FW eutrophication P,p_eutro,TZ1403,1.6035579182163253e-11
organic_expansion,FW eutrophication P,p_eutro,TZ2303,1.5316649800463486e-12
organic_expansion,FW eutrophication P,p_eutro,TZ1607,1.426866734118367e-10
organic_expansion,FW eutrophication P,p_eutro,TZ0607,3.1333312859600755e-12
organic_expansion,FW eutrophication P,p_eutro,TZ1303,1.0684028941703524e-13
organic_expansion,FW eutrophication P,p_eutro,TZ0504,9.690422075841516e-12
organic_expansion,FW eutrophication P,p_eutro,TZ2505,2.28930716335798e-11
organic_expansion,FW eutrophication P,p_eutro,TZ0506,1.8263460901502075e-12
organic_expansion,FW eutrophication P,p_eutro,TZ1305,8.916590024209204e-12
organic_expansion,FW eutrophication P,p_eutro,TZ2401,4.370047158577931e-12
organic_expansion,FW eutrophication P,p_eutro,TZ1804,1.9226316087527603e-11
organic_expansion,FW eutrophication P,p_eutro,TZ1102,1.3869133111695293e-12
organic_expansion,FW eutrophication P,p_eutro,TZ1101,7.343475841089585e-14
organic_expansion,FW eutrophication P,p_eutro,TZ1301,5.206768301285733e-11
organic_expansion,FW eutrophication P,p_eutro,TZ0102,2.51977513506276e-13
organic_expansion,FW eutrophication P,p_eutro,TZ1805,3.435460228371658e-12
organic_expansion,FW eutrophication P,p_eutro,TZ0501,1.185544934902402e-12
organic_expansion,FW eutrophication P,p_eutro,TZ2002,1.6188230608424648e-11
organic_expansion,FW eutrophication P,p_eutro,TZ1404,2.178280235075597e-11
organic_expansion,FW eutrophication P,p_eutro,TZ1605,8.729208460574828e-11
organic_expansion,FW eutrophication P,p_eutro,TZ0401,1.4404379628690121e-11
organic_expansion,FW eutrophication P,p_eutro,TZ2103,1.714349796487438e-11
organic_expansion,FW eutrophication P,p_eutro,TZ0107,7.741740775134192e-12
organic_expansion,FW eutrophication P,p_eutro,TZ1602,5.299416622181032e-10
organic_expansion,FW eutrophication P,p_eutro,TZ0407,5.108199939182155e-14
organic_expansion,FW eutrophication P,p_eutro,TZ1502,1.377085802644684e-14
organic_expansion,FW eutrophication P,p_eutro,TZ1401,5.000323238277603e-11
organic_expansion,FW eutrophication P,p_eutro,TZ2302,7.938462667246812e-11
organic_expansion,FW eutrophication P,p_eutro,TZ2101,4.019538739727471e-11
organic_expansion,FW eutrophication P,p_eutro,TZ2106,8.702572021663172e-11
organic_expansion,FW eutrophication P,p_eutro,TZ0204,1.6883967580325693e-12
organic_expansion,FW eutrophication P,p_eutro,TZ1503,9.268206092258255e-15
organic_expansion,FW eutrophication P,p_eutro,TZ0402,4.269907214465195e-12
organic_expansion,FW eutrophication P,p_eutro,TZ0104,3.198091292830937e-12
organic_expansion,FW eutrophication P,p_eutro,TZ1601,2.1059652381175508e-10
organic_expansion,FW eutrophication P,p_eutro,TZ1002,5.919844086778719e-16
organic_expansion,FW eutrophication P,p_eutro,TZ0503,1.1469296957053737e-11
organic_expansion,FW eutrophication P,p_eutro,TZ1407,5.163012185920396e-11
organic_expansion,FW eutrophication P,p_eutro,TZ0101,1.7295680162678991e-12
organic_expansion,FW eutrophication P,p_eutro,TZ2503,4.4906709714354195e-12
organic_expansion,FW eutrophication P,p_eutro,TZ0205,1.167283173963364e-12
organic_expansion,FW eutrophication P,p_eutro,TZ1104,2.703414806561636e-13
organic_expansion,FW eutrophication P,p_eutro,TZ2402,9.764735035361862e-12
organic_expansion,FW eutrophication P,p_eutro,TZ1306,5.639464358758622e-11
organic_expansion,FW eutrophication P,p_eutro,TZ2504,3.8796128965514407e-11
organic_expansion,FW eutrophication P,p_eutro,TZ0106,2.1368055554609666e-13
organic_expansion,FW eutrophication P,p_eutro,TZ2403,6.005641178983858e-12
organic_expansion,FW eutrophication P,p_eutro,TZ2102,3.1111062889217875e-11
organic_expansion,FW eutrophication P,p_eutro,TZ1406,1.2808195060576653e-11
organic_expansion,FW eutrophication P,p_eutro,TZ0601,1.1226699779268418e-12
organic_expansion,FW eutrophication P,p_eutro,TZ1405,1.0172883367873056e-12
organic_expansion,FW eutrophication P,p_eutro,TZ1402,1.073537725449988e-12
organic_expansion,FW eutrophication P,p_eutro,TZ1803,2.4966370072058523e-12
organic_expansion,FW eutrophication P,p_eutro,TZ0201,4.15248490525195e-13
organic_expansion,FW eutrophication P,p_eutro,TZ0502,2.3828412102968868e-14
organic_expansion,FW eutrophication P,p_eutro,TZ1704,3.4358625013154174e-11
manufacturing_expansion,Land use occupation,land_use,TZ1608,6.254974934548609e-10
manufacturing_expansion,Land use occupation,land_use,TZ1802,7.245231022607323e-10
manufacturing_expansion,Land use occupation,land_use,TZ2001,1.2131095646544279e-08
manufacturing_expansion,Land use occupation,land_use,TZ1304,1.1673486661310277e-08
manufacturing_expansion,Land use occupation,land_use,TZ2501,6.58688953251901e-08
manufacturing_expansion,Land use occupation,land_use,TZ1905,5.806117741590336e-08
manufacturing_expansion,Land use occupation,land_use,TZ1302,5.558555429664789e-09
manufacturing_expansion,Land use occupation,land_use,TZ1906,1.1620134681736803e-07
manufacturing_expansion,Land use occupation,land_use,TZ0105,8.568992419599003e-11
manufacturing_expansion,Land use occupation,land_use,TZ0602,1.0587887457331075e-10
manufacturing_expansion,Land use occupation,land_use,TZ1606,6.123751500392056e-11
manufacturing_expansion,Land use occupation,land_use,TZ0507,9.600787596261411e-11
manufacturing_expansion,Land use occupation,land_use,TZ1403,1.3667206339011509e-08
manufacturing_expansion,Land use occupation,land_use,TZ2303,1.8583143749880486e-09
manufacturing_expansion,Land use occupation,land_use,TZ2404,9.48426592536598e-07
manufacturing_expansion,Land use occupation,land_use,TZ1607,6.881415636701051e-09
manufacturing_expansion,Land use occupation,land_use,TZ0607,1.263699718724343e-10
manufacturing_expansion,Land use occupation,land_use,TZ1303,1.638931063918281e-08
manufacturing_expansion,Land use occupation,land_use,TZ1902,5.042320713470153e-07
manufacturing_expansion,Land use occupation,land_use,TZ1702,7.383000556570786e-07
manufacturing_expansion,Land use occupation,land_use,TZ0504,9.346047315282816e-10
manufacturing_expansion,Land use occupation,land_use,TZ1904,4.789806433266509e-07
manufacturing_expansion,Land use occupation,land_use,TZ2505,7.464708068127615e-08
manufacturing_expansion,Land use occupation,land_use,TZ0506,1.918514832275647e-09
manufacturing_expansion,Land use occupation,land_use,TZ1305,5.6688636230809115e-08
manufacturing_expansion,Land use occupation,land_use,TZ2401,3.28663186273757e-06
manufacturing_expansion,Land use occupation,land_use,TZ1603,1.7901458341596215e-09
manufacturing_expansion,Land use occupation,land_use,TZ1804,2.7921959531221574e-08
manufacturing_expansion,Land use occupation,land_use,TZ1102,1.8798826399404512e-10
manufacturing_expansion,Land use occupation,land_use,TZ1101,1.1259914159570166e-10
manufacturing_expansion,Land use occupation,land_use,TZ1301,2.651077476955668e-08
manufacturing_expansion,Land use occupation,land_use,TZ1701,7.340193505169673e-07
manufacturing_expansion,Land use occupation,land_use,TZ0102,1.6600075122875232e-10
manufacturing_expansion,Land use occupation,land_use,TZ1805,5.225799923912322e-09
manufacturing_expansion,Land use occupation,land_use,TZ0501,8.64801704450952e-10
manufacturing_expansion,Land use occupation,land_use,TZ2002,6.169515736774899e-08
manufacturing_expansion,Land use occupation,land_use,TZ1903,2.4503454133715667e-07
manufacturing_expansion,Land use occupation,land_use,TZ1404,6.237948438533364e-09
manufacturing_expansion,Land use occupation,land_use,TZ1605,7.08338890135241e-09
manufacturing_expansion,Land use occupation,land_use,TZ0401,6.879376704764296e-09
manufacturing_expansion,Land use occupation,land_use,TZ2003,2.0538084302665874e-07
manufacturing_expansion,Land use occupation,land_use,TZ2103,9.192581979294549e-10
manufacturing_expansion,Land use occupation,land_use,TZ0107,1.963528224734806e-09
manufacturing_expansion,Land use occupation,land_use,TZ1602,2.747828646205954e-09
manufacturing_expansion,Land use occupation,land_use,TZ0407,1.3852809079545795e-11
manufacturing_expansion,Land use occupation,land_use,TZ1502,9.443056064976818e-10
manufacturing_expansion,Land use occupation,land_use,TZ1401,2.0247794631896552e-08
manufacturing_expansion,Land use occupation,land_use,TZ2302,1.5570360563283678e-08
manufacturing_expansion,Land use occupation,land_use,TZ2101,4.162088659116463e-09
manufacturing_expansion,Land use occupation,land_use,TZ0701,3.2229339277921326e-10
manufacturing_expansion,Land use occupation,land_use,TZ2106,8.35007274688556e-09
manufacturing_expansion,Land use occupation,land_use,TZ0204,2.1336214161476344e-10
manufacturing_expansion,Land use occupation,land_use,TZ2301,2.6314123674751103e-09
manufacturing_expansion,Land use occupation,land_use,TZ1503,6.469885400763203e-10
manufacturing_expansion,Land use occupation,land_use,TZ0402,1.783475030500075e-09
manufacturing_expansion,Land use occupation,land_use,TZ0104,1.025163074206642e-09
manufacturing_expansion,Land use occupation,land_use,TZ1601,3.43173140785117e-09
manufacturing_expansion,Land use occupation,land_use,TZ1002,4.462527161437396e-13
manufacturing_expansion,Land use occupation,land_use,TZ0503,8.801761422602671e-10
manufacturing_expansion,Land use occupation,land_use,TZ1407,2.3961415456057834e-08
manufacturing_expansion,Land use occupation,land_use,TZ1705,2.0405583243215284e-08
manufacturing_expansion,Land use occupation,land_use,TZ0101,3.330456871820511e-10
manufacturing_expansion,Land use occupation,land_use,TZ1907,1.9382067772622873e-07
manufacturing_expansion,Land use occupation,land_use,TZ2503,5.896046380344583e-08
manufacturing_expansion,Land use occupation,land_use,TZ0205,1.2693584135097675e-09
manufacturing_expansion,Land use occupation,land_use,TZ1104,3.7209921878753694e-10
manufacturing_expansion,Land use occupation,land_use,TZ2007,9.271945665109939e-08
manufacturing_expansion,Land use occupation,land_use,TZ2006,4.318090480514683e-09
manufacturing_expansion,Land use occupation,land_use,TZ2402,6.318387314924507e-06
manufacturing_expansion,Land use occupation,land_use,TZ1306,1.47362863944732e-08
manufacturing_expansion,Land use occupation,land_use,TZ0505,1.6254681264511047e-09
manufacturing_expansion,Land use occupation,land_use,TZ2504,8.149855957109903e-08
manufacturing_expansion,Land use occupation,land_use,TZ0106,6.4322375682047685e-09
manufacturing_expansion,Land use occupation,land_use,TZ2403,1.3192424750279934e-06
manufacturing_expansion,Land use occupation,land_use,TZ2102,1.5455335915179285e-09
manufacturing_expansion,Land use occupation,land_use,TZ2405,1.1238606445038335e-06
manufacturing_expansion,Land use occupation,land_use,TZ1406,4.175407786204545e-09
manufacturing_expansion,Land use occupation,land_use,TZ0601,1.2966495664747277e-10
manufacturing_expansion,Land use occupation,land_use,TZ2004,1.6890427131413508e-07
manufacturing_expansion,Land use occupation,land_use,TZ1405,6.963339379732322e-10
manufacturing_expansion,Land use occupation,land_use,TZ1402,4.009435709306422e-07
manufacturing_expansion,Land use occupation,land_use,TZ1803,1.0739045217958217e-08
manufacturing_expansion,Land use occupation,land_use,TZ0201,4.054491292624124e-10
manufacturing_expansion,Land use occupation,land_use,TZ1103,3.5269997572654683e-10
manufacturing_expansion,Land use occupation,land_use,TZ0502,8.167903462258528e-11
manufacturing_expansion,Land use occupation,land_use,TZ1703,2.3535212048479728e-07
manufacturing_expansion,Land use occupation,land_use,TZ2502,1.204502385984499e-07
manufacturing_expansion,Land use occupation,land_use,TZ1704,3.49004894072427e-08
manufacturing_expansion,Land use occupation,land_use,TZ0702,1.9845666146793106e-09
manufacturing_expansion,Land use occupation,land_use,TZ0301,2.401317196076122e-12
manufacturing_expansion,Land use occupation,land_use,TZ0703,7.451661348842015e-09
manufacturing_expansion,Land use occupation,land_use,TZ0203,2.465421027341676e-09
manufacturing_expansion,Land use occupation,land_use,TZ2005,6.8482491463631566e-12
manufacturing_expansion,Water consumption,water,TZ1903,1.3690036667148113e-11
manufacturing_expansion,Water consumption,water,TZ1705,6.570256900493444e-12
manufacturing_expansion,Water consumption,water,TZ0505,6.152494226820189e-12
manufacturing_expansion,Water consumption,water,TZ0702,1.4514160504570614e-10
manufacturing_expansion,Water consumption,water,TZ0703,3.827220898583435e-10
manufacturing_expansion,Water consumption,water,TZ0203,8.154058116062541e-12
manufacturing_expansion,FW eutrophication N,n_eutro,TZ1608,5.401558977400904e-12
manufacturing_expansion,FW eutrophication N,n_eutro,TZ1802,3.1569857399083987e-15
manufacturing_expansion,FW eutrophication N,n_eutro,TZ2001,5.789687714748929e-13
manufacturing_expansion,FW eutrophication N,n_eutro,TZ1304,4.130668095595632e-12
manufacturing_expansion,FW eutrophication N,n_eutro,TZ2501,2.1762154798400046e-12
manufacturing_expansion,FW eutrophication N,n_eutro,TZ1302,1.4326416966590652e-12
manufacturing_expansion,FW eutrophication N,n_eutro,TZ0105,5.091716327836341e-14
manufacturing_expansion,FW eutrophication N,n_eutro,TZ0602,4.262696538367775e-15
manufacturing_expansion,FW eutrophication N,n_eutro,TZ1606,5.288239399587943e-13
manufacturing_expansion,FW eutrophication N,n_eutro,TZ0507,1.3425263611937611e-14
manufacturing_expansion,FW eutrophication N,n_eutro,TZ1403,1.7398380974425384e-11
manufacturing_expansion,FW eutrophication N,n_eutro,TZ2303,1.0209143206759549e-13
manufacturing_expansion,FW eutrophication N,n_eutro,TZ2404,8.620601931174397e-11
manufacturing_expansion,FW eutrophication N,n_eutro,TZ1607,1.1204288218165495e-11
manufacturing_expansion,FW eutrophication N,n_eutro,TZ0607,2.9817220278444434e-15
manufacturing_expansion,FW eutrophication N,n_eutro,TZ1303,1.1286871050561778e-13
manufacturing_expansion,FW eutrophication N,n_eutro,TZ1902,6.301170289598808e-12
manufacturing_expansion,FW eutrophication N,n_eutro,TZ1702,5.7447222620373806e-11
manufacturing_expansion,FW eutrophication N,n_eutro,TZ0504,6.02849634635378e-14
manufacturing_expansion,FW eutrophication N,n_eutro,TZ1904,8.576117864797978e-11
manufacturing_expansion,FW eutrophication N,n_eutro,TZ2505,7.621107269065728e-13
manufacturing_expansion,FW eutrophication N,n_eutro,TZ0506,2.219693891086689e-13
manufacturing_expansion,FW eutrophication N,n_eutro,TZ1305,1.0784620595899835e-12
manufacturing_expansion,FW eutrophication N,n_eutro,TZ2401,8.346272297823094e-12
manufacturing_expansion,FW eutrophication N,n_eutro,TZ1804,2.7480096948768164e-11
manufacturing_expansion,FW eutrophication N,n_eutro,TZ1102,1.4302427457560222e-14
manufacturing_expansion,FW eutrophication N,n_eutro,TZ1101,1.144314392245255e-14
manufacturing_expansion,FW eutrophication N,n_eutro,TZ1301,1.476524261068518e-12
manufacturing_expansion,FW eutrophication N,n_eutro,TZ1701,9.888939008910977e-11
manufacturing_expansion,FW eutrophication N,n_eutro,TZ0102,1.0051738116535127e-14
manufacturing_expansion,FW eutrophication N,n_eutro,TZ1805,1.0654121830604631e-12
manufacturing_expansion,FW eutrophication N,n_eutro,TZ0501,4.714208379139124e-14
manufacturing_expansion,FW eutrophication N,n_eutro,TZ2002,9.594343332466538e-13
manufacturing_expansion,FW eutrophication N,n_eutro,TZ1404,1.4153882800691487e-12
manufacturing_expansion,FW eutrophication N,n_eutro,TZ1605,2.4092994038513015e-12
manufacturing_expansion,FW eutrophication N,n_eutro,TZ0401,7.942986662377684e-12
manufacturing_expansion,FW eutrophication N,n_eutro,TZ2103,2.747347748881717e-13
manufacturing_expansion,FW eutrophication N,n_eutro,TZ0107,4.1358996845228853e-13
manufacturing_expansion,FW eutrophication N,n_eutro,TZ1602,9.145086201228663e-12
manufacturing_expansion,FW eutrophication N,n_eutro,TZ0407,8.70197123130798e-15
manufacturing_expansion,FW eutrophication N,n_eutro,TZ1502,9.981338312316395e-16
manufacturing_expansion,FW eutrophication N,n_eutro,TZ1401,8.475649458876391e-12
manufacturing_expansion,FW eutrophication N,n_eutro,TZ2302,1.9875365075137284e-12
manufacturing_expansion,FW eutrophication N,n_eutro,TZ2101,6.75474286865592e-13
manufacturing_expansion,FW eutrophication N,n_eutro,TZ2106,1.715255642333896e-12
manufacturing_expansion,FW eutrophication N,n_eutro,TZ0204,2.1445561807201836e-14
manufacturing_expansion,FW eutrophication N,n_eutro,TZ2301,7.560426144025168e-13
manufacturing_expansion,FW eutrophication N,n_eutro,TZ1503,3.921637708607596e-16
manufacturing_expansion,FW eutrophication N,n_eutro,TZ0402,2.087165122283584e-12
manufacturing_expansion,FW eutrophication N,n_eutro,TZ0104,3.575627804290118e-13
manufacturing_expansion,FW eutrophication N,n_eutro,TZ1601,4.006082201041622e-12
manufacturing_expansion,FW eutrophication N,n_eutro,TZ1002,3.846362671963812e-17
manufacturing_expansion,FW eutrophication N,n_eutro,TZ0503,1.0055605755014284e-13
manufacturing_expansion,FW eutrophication N,n_eutro,TZ1407,2.4254446207351655e-12
manufacturing_expansion,FW eutrophication N,n_eutro,TZ1705,8.764240796758746e-12
manufacturing_expansion,FW eutrophication N,n_eutro,TZ0101,6.45299651994668e-14
manufacturing_expansion,FW eutrophication N,n_eutro,TZ1907,1.0284240989279102e-10
manufacturing_expansion,FW eutrophication N,n_eutro,TZ2503,1.3308653319536786e-11
manufacturing_expansion,FW eutrophication N,n_eutro,TZ0205,9.552280888305526e-14
manufacturing_expansion,FW eutrophication N,n_eutro,TZ1104,2.0199843826878774e-14
manufacturing_expansion,FW eutrophication N,n_eutro,TZ2007,4.303194293017747e-12
manufacturing_expansion,FW eutrophication N,n_eutro,TZ2006,2.0287909119080274e-13
manufacturing_expansion,FW eutrophication N,n_eutro,TZ2402,1.6672975194041392e-11
manufacturing_expansion,FW eutrophication N,n_eutro,TZ1306,2.329382222080249e-12
manufacturing_expansion,FW eutrophication N,n_eutro,TZ0505,1.4435851812988477e-14
manufacturing_expansion,FW eutrophication N,n_eutro,TZ2504,3.5279151861137764e-12
manufacturing_expansion,FW eutrophication N,n_eutro,TZ0106,8.935900894024962e-13
manufacturing_expansion,FW eutrophication N,n_eutro,TZ2403,2.6479231529747084e-12
manufacturing_expansion,FW eutrophication N,n_eutro,TZ2102,7.001208821665167e-13
manufacturing_expansion,FW eutrophication N,n_eutro,TZ2405,6.983738999803348e-12
manufacturing_expansion,FW eutrophication N,n_eutro,TZ1406,4.023869366664729e-11
manufacturing_expansion,FW eutrophication N,n_eutro,TZ0601,2.553636852265023e-15
manufacturing_expansion,FW eutrophication N,n_eutro,TZ2004,3.955150911377002e-12
manufacturing_expansion,FW eutrophication N,n_eutro,TZ1405,1.2446823170596688e-12
manufacturing_expansion,FW eutrophication N,n_eutro,TZ1402,2.504138030167903e-11
manufacturing_expansion,FW eutrophication N,n_eutro,TZ1803,6.4353468102489e-14
manufacturing_expansion,FW eutrophication N,n_eutro,TZ0201,1.610570713885305e-14
manufacturing_expansion,FW eutrophication N,n_eutro,TZ1103,4.8627275412075335e-14
manufacturing_expansion,FW eutrophication N,n_eutro,TZ0502,3.704410191404105e-15
manufacturing_expansion,FW eutrophication N,n_eutro,TZ1703,4.247170522684878e-11
manufacturing_expansion,FW eutrophication N,n_eutro,TZ2502,5.968005228400885e-12
manufacturing_expansion,FW eutrophication N,n_eutro,TZ1704,7.109970199873795e-12
manufacturing_expansion,FW eutrophication P,p_eutro,TZ1608,2.1117665370692488e-10
manufacturing_expansion,FW eutrophication P,p_eutro,TZ1802,8.058287465357733e-15
manufacturing_expansion,FW eutrophication P,p_eutro,TZ2001,6.694124522807742e-12
manufacturing_expansion,FW eutrophication P,p_eutro,TZ2501,2.537218560822797e-12
manufacturing_expansion,FW eutrophication P,p_eutro,TZ1302,1.3523575091596801e-11
manufacturing_expansion,FW eutrophication P,p_eutro,TZ0602,1.5118718960594462e-12
manufacturing_expansion,FW eutrophication P,p_eutro,TZ1606,2.067463680538119e-11
manufacturing_expansion,FW eutrophication P,p_eutro,TZ0507,6.152841429522433e-14
manufacturing_expansion,FW eutrophication P,p_eutro,TZ1403,8.017339532935782e-12
manufacturing_expansion,FW eutrophication P,p_eutro,TZ2303,7.657895019718452e-13
manufacturing_expansion,FW eutrophication P,p_eutro,TZ1607,7.133933202988247e-11
manufacturing_expansion,FW eutrophication P,p_eutro,TZ0607,1.5665777022045378e-12
manufacturing_expansion,FW eutrophication P,p_eutro,TZ1303,5.3417146105098913e-14
manufacturing_expansion,FW eutrophication P,p_eutro,TZ0504,4.8449390643710426e-12
manufacturing_expansion,FW eutrophication P,p_eutro,TZ2505,1.1445893294729734e-11
manufacturing_expansion,FW eutrophication P,p_eutro,TZ0506,9.131217864379402e-13
manufacturing_expansion,FW eutrophication P,p_eutro,TZ1305,4.458044757098034e-12
manufacturing_expansion,FW eutrophication P,p_eutro,TZ2401,2.1849009285696432e-12
manufacturing_expansion,FW eutrophication P,p_eutro,TZ1804,9.612618433683524e-12
manufacturing_expansion,FW eutrophication P,p_eutro,TZ1102,6.934177301660954e-13
manufacturing_expansion,FW eutrophication P,p_eutro,TZ1101,3.671531816912142e-14
manufacturing_expansion,FW eutrophication P,p_eutro,TZ1301,2.6032380163211252e-11
manufacturing_expansion,FW eutrophication P,p_eutro,TZ0102,1.2598168469598094e-13
manufacturing_expansion,FW eutrophication P,p_eutro,TZ1805,1.7176336937919699e-12
manufacturing_expansion,FW eutrophication P,p_eutro,TZ0501,5.927391936823427e-13
manufacturing_expansion,FW eutrophication P,p_eutro,TZ2002,8.093660961717464e-12
manufacturing_expansion,FW eutrophication P,p_eutro,TZ1404,1.0890789814383418e-11
manufacturing_expansion,FW eutrophication P,p_eutro,TZ1605,4.364359234373653e-11
manufacturing_expansion,FW eutrophication P,p_eutro,TZ0401,7.201785537810109e-12
manufacturing_expansion,FW eutrophication P,p_eutro,TZ2103,8.571267829195408e-12
manufacturing_expansion,FW eutrophication P,p_eutro,TZ0107,3.870653106141879e-12
manufacturing_expansion,FW eutrophication P,p_eutro,TZ1602,2.6495595764803133e-10
manufacturing_expansion,FW eutrophication P,p_eutro,TZ0407,2.553956601710996e-14
manufacturing_expansion,FW eutrophication P,p_eutro,TZ1502,6.885042517247213e-15
manufacturing_expansion,FW eutrophication P,p_eutro,TZ1401,2.5000212789502947e-11
manufacturing_expansion,FW eutrophication P,p_eutro,TZ2302,3.96900853095764e-11
manufacturing_expansion,FW eutrophication P,p_eutro,TZ2101,2.00965655659196e-11
manufacturing_expansion,FW eutrophication P,p_eutro,TZ2106,4.351041762502065e-11
manufacturing_expansion,FW eutrophication P,p_eutro,TZ0204,8.441509920958785e-13
manufacturing_expansion,FW eutrophication P,p_eutro,TZ1503,4.633842922587483e-15
manufacturing_expansion,FW eutrophication P,p_eutro,TZ0402,2.134833767063306e-12
manufacturing_expansion,FW eutrophication P,p_eutro,TZ0104,1.5989558880711552e-12
manufacturing_expansion,FW eutrophication P,p_eutro,TZ1601,1.05292351256817e-10
manufacturing_expansion,FW eutrophication P,p_eutro,TZ1002,2.9597558957234025e-16
manufacturing_expansion,FW eutrophication P,p_eutro,TZ0503,5.73432657867754e-12
manufacturing_expansion,FW eutrophication P,p_eutro,TZ1407,2.5813611867073607e-11
manufacturing_expansion,FW eutrophication P,p_eutro,TZ0101,8.647354656918171e-13
manufacturing_expansion,FW eutrophication P,p_eutro,TZ2503,2.245209449543523e-12
manufacturing_expansion,FW eutrophication P,p_eutro,TZ0205,5.836088257514837e-13
manufacturing_expansion,FW eutrophication P,p_eutro,TZ1104,1.351631528637223e-13
manufacturing_expansion,FW eutrophication P,p_eutro,TZ2402,4.8820934584471016e-12
manufacturing_expansion,FW eutrophication P,p_eutro,TZ1306,2.8195739009134054e-11
manufacturing_expansion,FW eutrophication P,p_eutro,TZ2504,1.939697562193903e-11
manufacturing_expansion,FW eutrophication P,p_eutro,TZ0106,1.0683428056686453e-13
manufacturing_expansion,FW eutrophication P,p_eutro,TZ2403,3.0026520338256257e-12
manufacturing_expansion,FW eutrophication P,p_eutro,TZ2102,1.555465827457123e-11
manufacturing_expansion,FW eutrophication P,p_eutro,TZ1406,6.4037380526258675e-12
manufacturing_expansion,FW eutrophication P,p_eutro,TZ0601,5.613034798571441e-13
manufacturing_expansion,FW eutrophication P,p_eutro,TZ1405,5.086156169520464e-13
manufacturing_expansion,FW eutrophication P,p_eutro,TZ1402,5.367387325754859e-13
manufacturing_expansion,FW eutrophication P,p_eutro,TZ1803,1.2482484324312181e-12
manufacturing_expansion,FW eutrophication P,p_eutro,TZ0201,2.0761259080574332e-13
manufacturing_expansion,FW eutrophication P,p_eutro,TZ0502,1.1913537277949805e-14
manufacturing_expansion,FW eutrophication P,p_eutro,TZ1704,1.7178348189735673e-11
irrigation,Land use occupation,land_use,TZ1608,6.254974632554717e-10
irrigation,Land use occupation,land_use,TZ1802,7.24523067280328e-10
irrigation,Land use occupation,land_use,TZ2001,1.2131095060847801e-08
irrigation,Land use occupation,land_use,TZ1304,1.1820335776859237e-08
irrigation,Land use occupation,land_use,TZ2501,6.586889214500084e-08
irrigation,Land use occupation,land_use,TZ1905,5.8061174612675364e-08
irrigation,Land use occupation,land_use,TZ1302,5.558555161294442e-09
irrigation,Land use occupation,land_use,TZ1906,1.1624701168198991e-07
irrigation,Land use occupation,land_use,TZ0105,8.568992005882977e-11
irrigation,Land use occupation,land_use,TZ0602,1.0587886946141602e-10
irrigation,Land use occupation,land_use,TZ1606,6.123751204733708e-11
irrigation,Land use occupation,land_use,TZ0507,9.600787132729702e-11
irrigation,Land use occupation,land_use,TZ1403,1.3667205679150698e-08
irrigation,Land use occupation,land_use,TZ2303,1.908867255343054e-09
irrigation,Land use occupation,land_use,TZ2404,9.484472754086217e-07
irrigation,Land use occupation,land_use,TZ1607,6.8814153044622305e-09
irrigation,Land use occupation,land_use,TZ0607,1.2636996577121727e-10
irrigation,Land use occupation,land_use,TZ1303,1.6389309847897197e-08
irrigation,Land use occupation,land_use,TZ1902,5.042887652057212e-07
irrigation,Land use occupation,land_use,TZ1702,7.383000200115149e-07
irrigation,Land use occupation,land_use,TZ0504,9.499661386437242e-10
irrigation,Land use occupation,land_use,TZ1904,4.790265597638822e-07
irrigation,Land use occupation,land_use,TZ2505,7.465460162179806e-08
irrigation,Land use occupation,land_use,TZ0506,1.918514739648615e-09
irrigation,Land use occupation,land_use,TZ1305,5.66886334938482e-08
irrigation,Land use occupation,land_use,TZ2401,3.2869329348933293e-06
irrigation,Land use occupation,land_use,TZ1603,1.790145747730321e-09
irrigation,Land use occupation,land_use,TZ1804,2.7921958183132838e-08
irrigation,Land use occupation,land_use,TZ1102,1.8798825491786044e-10
irrigation,Land use occupation,land_use,TZ1101,1.1259913615934844e-10
irrigation,Land use occupation,land_use,TZ1301,2.651077348960078e-08
irrigation,Land use occupation,land_use,TZ1701,7.341541085364056e-07
irrigation,Land use occupation,land_use,TZ0102,1.660007432141378e-10
irrigation,Land use occupation,land_use,TZ1805,5.2257996716076084e-09
irrigation,Land use occupation,land_use,TZ0501,9.041233844815525e-10
irrigation,Land use occupation,land_use,TZ2002,6.169515438907026e-08
irrigation,Land use occupation,land_use,TZ1903,2.444622034860519e-07
irrigation,Land use occupation,land_use,TZ1404,6.23794813736152e-09
irrigation,Land use occupation,land_use,TZ1605,7.093938683316359e-09
irrigation,Land use occupation,land_use,TZ0401,6.879376372623916e-09
irrigation,Land use occupation,land_use,TZ2003,2.0538083311075012e-07
irrigation,Land use occupation,land_use,TZ2103,9.19258153547125e-10
irrigation,Land use occupation,land_use,TZ0107,1.963528129934501e-09
irrigation,Land use occupation,land_use,TZ1602,2.7478285135391607e-09
irrigation,Land use occupation,land_use,TZ0407,1.3852808410723973e-11
irrigation,Land use occupation,land_use,TZ1502,9.44305560906048e-10
irrigation,Land use occupation,land_use,TZ1401,2.0247793654321044e-08
irrigation,Land use occupation,land_use,TZ2302,1.5570359811537454e-08
irrigation,Land use occupation,land_use,TZ2101,4.1620884581683585e-09
irrigation,Land use occupation,land_use,TZ0701,6.054727230777884e-10
irrigation,Land use occupation,land_use,TZ2106,8.350072343739104e-09
irrigation,Land use occupation,land_use,TZ0204,2.1336213131351295e-10
irrigation,Land use occupation,land_use,TZ2301,2.6314122404289632e-09
irrigation,Land use occupation,land_use,TZ1503,6.469885088393304e-10
irrigation,Land use occupation,land_use,TZ0402,1.7834749443928451e-09
irrigation,Land use occupation,land_use,TZ0104,1.0251630247111621e-09
irrigation,Land use occupation,land_use,TZ1601,3.4317312421651463e-09
irrigation,Land use occupation,land_use,TZ1002,4.4625269459839426e-13
irrigation,Land use occupation,land_use,TZ0503,8.80176099764842e-10
irrigation,Land use occupation,land_use,TZ1407,2.396141429918651e-08
irrigation,Land use occupation,land_use,TZ1705,2.008342219644232e-08
irrigation,Land use occupation,land_use,TZ0101,3.3304567110240816e-10
irrigation,Land use occupation,land_use,TZ1907,1.9382066836845167e-07
irrigation,Land use occupation,land_use,TZ2503,5.89696298698781e-08
irrigation,Land use occupation,land_use,TZ0205,1.269358352224392e-09
irrigation,Land use occupation,land_use,TZ1104,3.720992008223663e-10
irrigation,Land use occupation,land_use,TZ2007,9.271945217454915e-08
irrigation,Land use occupation,land_use,TZ2006,4.318090272034719e-09
irrigation,Land use occupation,land_use,TZ2402,6.318387009869026e-06
irrigation,Land use occupation,land_use,TZ1306,1.4736285682996568e-08
irrigation,Land use occupation,land_use,TZ0505,5.634651759210825e-10
irrigation,Land use occupation,land_use,TZ2504,8.149855563630033e-08
irrigation,Land use occupation,land_use,TZ0106,6.432237257652531e-09
irrigation,Land use occupation,land_use,TZ2403,1.319330930247146e-06
irrigation,Land use occupation,land_use,TZ2102,1.5470943397372638e-09
irrigation,Land use occupation,land_use,TZ2405,1.1238605902431765e-06
irrigation,Land use occupation,land_use,TZ1406,4.175407584613385e-09
irrigation,Land use occupation,land_use,TZ0601,1.2966495038717194e-10
irrigation,Land use occupation,land_use,TZ2004,1.6892881059864418e-07
irrigation,Land use occupation,land_use,TZ1405,6.963339043538175e-10
irrigation,Land use occupation,land_use,TZ1402,4.0094355157284924e-07
irrigation,Land use occupation,land_use,TZ1803,1.0739044699470757e-08
irrigation,Land use occupation,land_use,TZ0201,4.054491096870885e-10
irrigation,Land use occupation,land_use,TZ1103,3.5269995869798324e-10
irrigation,Land use occupation,land_use,TZ0502,8.167903067907314e-11
irrigation,Land use occupation,land_use,TZ1703,2.3535210912185763e-07
irrigation,Land use occupation,land_use,TZ2502,1.2045023278304108e-07
irrigation,Land use occupation,land_use,TZ1704,3.4900487722226416e-08
irrigation,Land use occupation,land_use,TZ0702,6.61522190960243e-10
irrigation,Land use occupation,land_use,TZ0301,5.4197697854162794e-12
irrigation,Land use occupation,land_use,TZ0703,2.4838870639654926e-09
irrigation,Land use occupation,land_use,TZ0203,8.373093758130538e-10
irrigation,Land use occupation,land_use,TZ2005,1.5456489408026244e-11
irrigation,Water consumption,water,TZ1608,4.0708522495848517e-13
irrigation,Water consumption,water,TZ1802,2.278335197415704e-12
irrigation,Water consumption,water,TZ2001,5.289937502035007e-11
irrigation,Water consumption,water,TZ1304,3.3428779986541876e-11
irrigation,Water consumption,water,TZ2501,6.412353717137858e-10
irrigation,Water consumption,water,TZ1905,7.298836937038785e-10
irrigation,Water consumption,water,TZ1302,1.2489924874301313e-10
irrigation,Water consumption,water,TZ1906,5.335116161585254e-10
irrigation,Water consumption,water,TZ0105,2.0137369403966684e-13
irrigation,Water consumption,water,TZ0602,3.811595685330979e-13
irrigation,Water consumption,water,TZ1606,3.98544963523001e-14
irrigation,Water consumption,water,TZ0507,3.5218443447201375e-14
irrigation,Water consumption,water,TZ1403,3.1479075483183157e-11
irrigation,Water consumption,water,TZ2303,1.1764270108328582e-12
irrigation,Water consumption,water,TZ2404,3.154975636133747e-09
irrigation,Water consumption,water,TZ1607,4.478551332038939e-12
irrigation,Water consumption,water,TZ0607,2.9136886792776938e-12
irrigation,Water consumption,water,TZ1303,9.444229946967361e-12
irrigation,Water consumption,water,TZ1902,2.236820817630516e-09
irrigation,Water consumption,water,TZ1702,1.7356505392714502e-09
irrigation,Water consumption,water,TZ0504,6.60399761235688e-13
irrigation,Water consumption,water,TZ1904,2.088504130403208e-09
irrigation,Water consumption,water,TZ2505,5.972888892498362e-10
irrigation,Water consumption,water,TZ0506,7.589734810746493e-13
irrigation,Water consumption,water,TZ1305,4.0688014211267274e-11
irrigation,Water consumption,water,TZ2401,4.073165707459755e-09
irrigation,Water consumption,water,TZ1603,1.165304481646988e-12
irrigation,Water consumption,water,TZ1804,1.6328206135327134e-10
irrigation,Water consumption,water,TZ1102,3.5050162574733336e-14
irrigation,Water consumption,water,TZ1101,7.331792279976997e-14
irrigation,Water consumption,water,TZ1301,5.986718100318714e-11
irrigation,Water consumption,water,TZ1701,1.5802946679030953e-09
irrigation,Water consumption,water,TZ0102,9.047617130450604e-14
irrigation,Water consumption,water,TZ1805,3.3198516085624026e-11
irrigation,Water consumption,water,TZ0501,5.998314863356964e-13
irrigation,Water consumption,water,TZ2002,1.8615469305487502e-10
irrigation,Water consumption,water,TZ1903,1.0856903297694844e-09
irrigation,Water consumption,water,TZ1404,3.872232164763655e-12
irrigation,Water consumption,water,TZ1605,2.413775836831575e-12
irrigation,Water consumption,water,TZ0401,1.2616530147270048e-11
irrigation,Water consumption,water,TZ2003,9.196519875050025e-10
irrigation,Water consumption,water,TZ2103,3.4380387555669767e-12
irrigation,Water consumption,water,TZ0107,3.184570327311938e-05
irrigation,Water consumption,water,TZ1602,1.6446120620072758e-12
irrigation,Water consumption,water,TZ0407,2.4187901759486308e-14
irrigation,Water consumption,water,TZ1502,4.627012928278602e-13
irrigation,Water consumption,water,TZ1401,4.6807934986003886e-11
irrigation,Water consumption,water,TZ2302,6.493656063715306e-12
irrigation,Water consumption,water,TZ2101,3.747977336094589e-12
irrigation,Water consumption,water,TZ0701,1.5422275481192148e-12
irrigation,Water consumption,water,TZ2106,1.0344599359281127e-11
irrigation,Water consumption,water,TZ0204,2.3975205627447517e-13
irrigation,Water consumption,water,TZ2301,2.2837415529475283e-12
irrigation,Water consumption,water,TZ1503,4.767075270517281e-13
irrigation,Water consumption,water,TZ0402,2.0719392933040922e-12
irrigation,Water consumption,water,TZ0104,1.3885702464423975e-12
irrigation,Water consumption,water,TZ1601,8.232688838113676e-13
irrigation,Water consumption,water,TZ1002,9.39785331964161e-16
irrigation,Water consumption,water,TZ0503,5.564600411528775e-13
irrigation,Water consumption,water,TZ1407,6.6134860904071764e-12
irrigation,Water consumption,water,TZ1705,8.798127337577672e-11
irrigation,Water consumption,water,TZ0101,1.3887225763898428e-12
irrigation,Water consumption,water,TZ1907,8.964754956952523e-10
irrigation,Water consumption,water,TZ2503,6.74698571715383e-11
irrigation,Water consumption,water,TZ0205,2.206612768818953e-12
irrigation,Water consumption,water,TZ1104,8.739780919085325e-14
irrigation,Water consumption,water,TZ2007,4.06302717431092e-10
irrigation,Water consumption,water,TZ2006,1.915561335320667e-11
irrigation,Water consumption,water,TZ2402,5.0496152115755435e-09
irrigation,Water consumption,water,TZ1306,4.1774603579385525e-11
irrigation,Water consumption,water,TZ0505,2.1082327047086325e-12
irrigation,Water consumption,water,TZ2504,2.0812268908821492e-11
irrigation,Water consumption,water,TZ0106,8.515011931034761e-12
irrigation,Water consumption,water,TZ2403,1.2670109150259764e-09
irrigation,Water consumption,water,TZ2102,3.6926927520986046e-11
irrigation,Water consumption,water,TZ2405,4.958244916962195e-09
irrigation,Water consumption,water,TZ1406,2.7174318614006567e-12
irrigation,Water consumption,water,TZ0601,2.116318971576837e-13
irrigation,Water consumption,water,TZ2004,7.468817133123618e-10
irrigation,Water consumption,water,TZ1405,1.0888369454281078e-12
irrigation,Water consumption,water,TZ1402,6.986077158741265e-10
irrigation,Water consumption,water,TZ1803,3.840546308599625e-11
irrigation,Water consumption,water,TZ0201,6.152058795839048e-14
irrigation,Water consumption,water,TZ1103,9.468095995675771e-14
irrigation,Water consumption,water,TZ0502,8.063276031459788e-14
irrigation,Water consumption,water,TZ1703,8.764106293451442e-10
irrigation,Water consumption,water,TZ2502,1.4032058951778819e-09
irrigation,Water consumption,water,TZ1704,1.1721485518647003e-10
irrigation,Water consumption,water,TZ0702,4.838053399625335e-11
irrigation,Water consumption,water,TZ0703,1.2757402726584017e-10
irrigation,Water consumption,water,TZ0203,2.7180193147744177e-12
irrigation,FW eutrophication N,n_eutro,TZ1608,5.401558475771977e-12
irrigation,FW eutrophication N,n_eutro,TZ1802,3.156985446727229e-15
irrigation,FW eutrophication N,n_eutro,TZ2001,5.78968717707548e-13
irrigation,FW eutrophication N,n_eutro,TZ1304,4.1306677119910805e-12
irrigation,FW eutrophication N,n_eutro,TZ2501,2.1762152777404545e-12
irrigation,FW eutrophication N,n_eutro,TZ1302,1.432641563613305e-12
irrigation,FW eutrophication N,n_eutro,TZ0105,5.091715854981705e-14
irrigation,FW eutrophication N,n_eutro,TZ0602,4.26269614250208e-15
irrigation,FW eutrophication N,n_eutro,TZ1606,5.288238908482713e-13
irrigation,FW eutrophication N,n_eutro,TZ0507,1.3425262365167812e-14
irrigation,FW eutrophication N,n_eutro,TZ1403,1.7398379358682365e-11
irrigation,FW eutrophication N,n_eutro,TZ2303,1.0209142258662604e-13
irrigation,FW eutrophication N,n_eutro,TZ2404,8.620601130601205e-11
irrigation,FW eutrophication N,n_eutro,TZ1607,1.1204287177651984e-11
irrigation,FW eutrophication N,n_eutro,TZ0607,2.9817217509395656e-15
irrigation,FW eutrophication N,n_eutro,TZ1303,1.1286870002379011e-13
irrigation,FW eutrophication N,n_eutro,TZ1902,6.301169704425284e-12
irrigation,FW eutrophication N,n_eutro,TZ1702,5.744721728539757e-11
irrigation,FW eutrophication N,n_eutro,TZ0504,6.028495786502786e-14
irrigation,FW eutrophication N,n_eutro,TZ1904,8.576117068355906e-11
irrigation,FW eutrophication N,n_eutro,TZ2505,7.621106561313043e-13
irrigation,FW eutrophication N,n_eutro,TZ0506,2.2196936849494105e-13
irrigation,FW eutrophication N,n_eutro,TZ1305,1.078461959435978e-12
irrigation,FW eutrophication N,n_eutro,TZ2401,8.34627152272619e-12
irrigation,FW eutrophication N,n_eutro,TZ1804,2.7480094396762038e-11
irrigation,FW eutrophication N,n_eutro,TZ1102,1.4302426129330468e-14
irrigation,FW eutrophication N,n_eutro,TZ1101,1.1443142859757123e-14
irrigation,FW eutrophication N,n_eutro,TZ1301,1.4765241239474965e-12
irrigation,FW eutrophication N,n_eutro,TZ1701,9.888938090550574e-11
irrigation,FW eutrophication N,n_eutro,TZ0102,1.0051737183055987e-14
irrigation,FW eutrophication N,n_eutro,TZ1805,1.065412084118366e-12
irrigation,FW eutrophication N,n_eutro,TZ0501,4.714207941342682e-14
irrigation,FW eutrophication N,n_eutro,TZ2002,9.59434244146448e-13
irrigation,FW eutrophication N,n_eutro,TZ1404,1.4153881486256693e-12
irrigation,FW eutrophication N,n_eutro,TZ1605,2.4092991801058444e-12
irrigation,FW eutrophication N,n_eutro,TZ0401,7.942985924732883e-12
irrigation,FW eutrophication N,n_eutro,TZ2103,2.747347493742578e-13
irrigation,FW eutrophication N,n_eutro,TZ0107,4.1358993004324887e-13
irrigation,FW eutrophication N,n_eutro,TZ1602,9.145085351947962e-12
irrigation,FW eutrophication N,n_eutro,TZ0407,8.701970423178231e-15
irrigation,FW eutrophication N,n_eutro,TZ1502,9.981337385375105e-16
irrigation,FW eutrophication N,n_eutro,TZ1401,8.475648671764566e-12
irrigation,FW eutrophication N,n_eutro,TZ2302,1.9875363229363105e-12
irrigation,FW eutrophication N,n_eutro,TZ2101,6.754742241360274e-13
irrigation,FW eutrophication N,n_eutro,TZ2106,1.7152554830425033e-12
irrigation,FW eutrophication N,n_eutro,TZ0204,2.1445559815607516e-14
irrigation,FW eutrophication N,n_eutro,TZ2301,7.560425441907782e-13
irrigation,FW eutrophication N,n_eutro,TZ1503,3.92163734441516e-16
irrigation,FW eutrophication N,n_eutro,TZ0402,2.0871649284539122e-12
irrigation,FW eutrophication N,n_eutro,TZ0104,3.5756274722307347e-13
irrigation,FW eutrophication N,n_eutro,TZ1601,4.006081829007042e-12
irrigation,FW eutrophication N,n_eutro,TZ1002,3.8463623147619756e-17
irrigation,FW eutrophication N,n_eutro,TZ0503,1.0055604821175967e-13
irrigation,FW eutrophication N,n_eutro,TZ1407,2.425444395490344e-12
irrigation,FW eutrophication N,n_eutro,TZ1705,8.764239982846181e-12
irrigation,FW eutrophication N,n_eutro,TZ0101,6.452995920673443e-14
irrigation,FW eutrophication N,n_eutro,TZ1907,1.0284240034208019e-10
irrigation,FW eutrophication N,n_eutro,TZ2503,1.3308652083596286e-11
irrigation,FW eutrophication N,n_eutro,TZ0205,9.552280001209699e-14
irrigation,FW eutrophication N,n_eutro,TZ1104,2.0199841950971082e-14
irrigation,FW eutrophication N,n_eutro,TZ2007,4.303193893391129e-12
irrigation,FW eutrophication N,n_eutro,TZ2006,2.0287907234994188e-13
irrigation,FW eutrophication N,n_eutro,TZ2402,1.6672973645664945e-11
irrigation,FW eutrophication N,n_eutro,TZ1306,2.329382005756496e-12
irrigation,FW eutrophication N,n_eutro,TZ0505,1.4435850472367943e-14
irrigation,FW eutrophication N,n_eutro,TZ2504,3.5279148584853415e-12
irrigation,FW eutrophication N,n_eutro,TZ0106,8.935900064170765e-13
irrigation,FW eutrophication N,n_eutro,TZ2403,2.6479229070688766e-12
irrigation,FW eutrophication N,n_eutro,TZ2102,7.00120817148086e-13
irrigation,FW eutrophication N,n_eutro,TZ2405,6.983738351241419e-12
irrigation,FW eutrophication N,n_eutro,TZ1406,4.023868992978301e-11
irrigation,FW eutrophication N,n_eutro,TZ0601,2.553636615115318e-15
irrigation,FW eutrophication N,n_eutro,TZ2004,3.9551505440722804e-12
irrigation,FW eutrophication N,n_eutro,TZ1405,1.2446822014692143e-12
irrigation,FW eutrophication N,n_eutro,TZ1402,2.504137797615027e-11
irrigation,FW eutrophication N,n_eutro,TZ1803,6.435346212614747e-14
irrigation,FW eutrophication N,n_eutro,TZ0201,1.6105705643157337e-14
irrigation,FW eutrophication N,n_eutro,TZ1103,4.8627270896184986e-14
irrigation,FW eutrophication N,n_eutro,TZ0502,3.704409847385032e-15
irrigation,FW eutrophication N,n_eutro,TZ1703,4.2471701282610447e-11
irrigation,FW eutrophication N,n_eutro,TZ2502,5.968004674167546e-12
irrigation,FW eutrophication N,n_eutro,TZ1704,7.109969539589098e-12
irrigation,FW eutrophication P,p_eutro,TZ1608,2.111766426513634e-10
irrigation,FW eutrophication P,p_eutro,TZ1802,8.05828704348869e-15
irrigation,FW eutrophication P,p_eutro,TZ2001,6.694124172355626e-12
irrigation,FW eutrophication P,p_eutro,TZ2501,2.537218427993834e-12
irrigation,FW eutrophication P,p_eutro,TZ1302,1.352357438360795e-11
irrigation,FW eutrophication P,p_eutro,TZ0602,1.511871816909633e-12
irrigation,FW eutrophication P,p_eutro,TZ1606,2.0674635723018564e-11
irrigation,FW eutrophication P,p_eutro,TZ0507,6.152841107407673e-14
irrigation,FW eutrophication P,p_eutro,TZ1403,8.017339113210455e-12
irrigation,FW eutrophication P,p_eutro,TZ2303,7.657894618810834e-13
irrigation,FW eutrophication P,p_eutro,TZ1607,7.13393282951118e-11
irrigation,FW eutrophication P,p_eutro,TZ0607,1.5665776201907552e-12
irrigation,FW eutrophication P,p_eutro,TZ1303,5.3417143308594035e-14
irrigation,FW eutrophication P,p_eutro,TZ0504,4.844938810727845e-12
irrigation,FW eutrophication P,p_eutro,TZ2505,1.144589269551209e-11
irrigation,FW eutrophication P,p_eutro,TZ0506,9.131217386340097e-13
irrigation,FW eutrophication P,p_eutro,TZ1305,4.458044523709603e-12
irrigation,FW eutrophication P,p_eutro,TZ2401,2.1849008141852825e-12
irrigation,FW eutrophication P,p_eutro,TZ1804,9.612617930441843e-12
irrigation,FW eutrophication P,p_eutro,TZ1102,6.934176938641546e-13
irrigation,FW eutrophication P,p_eutro,TZ1101,3.67153162469939e-14
irrigation,FW eutrophication P,p_eutro,TZ1301,2.603237880035899e-11
irrigation,FW eutrophication P,p_eutro,TZ0102,1.2598167810056313e-13
irrigation,FW eutrophication P,p_eutro,TZ1805,1.717633603870075e-12
irrigation,FW eutrophication P,p_eutro,TZ0501,5.927391626511444e-13
irrigation,FW eutrophication P,p_eutro,TZ2002,8.093660537996543e-12
irrigation,FW eutrophication P,p_eutro,TZ1404,1.0890789244226658e-11
irrigation,FW eutrophication P,p_eutro,TZ1605,4.3643590058898635e-11
irrigation,FW eutrophication P,p_eutro,TZ0401,7.201785160780823e-12
irrigation,FW eutrophication P,p_eutro,TZ2103,8.571267380470719e-12
irrigation,FW eutrophication P,p_eutro,TZ0107,3.870652903504691e-12
irrigation,FW eutrophication P,p_eutro,TZ1602,2.649559437770052e-10
irrigation,FW eutrophication P,p_eutro,TZ0407,2.55395646800576e-14
irrigation,FW eutrophication P,p_eutro,TZ1502,6.885042156800119e-15
irrigation,FW eutrophication P,p_eutro,TZ1401,2.5000211480686913e-11
irrigation,FW eutrophication P,p_eutro,TZ2302,3.9690083231713294e-11
irrigation,FW eutrophication P,p_eutro,TZ2101,2.009656451382027e-11
irrigation,FW eutrophication P,p_eutro,TZ2106,4.3510415347154747e-11
irrigation,FW eutrophication P,p_eutro,TZ0204,8.441509479027208e-13
irrigation,FW eutrophication P,p_eutro,TZ1503,4.633842679995632e-15
irrigation,FW eutrophication P,p_eutro,TZ0402,2.134833655300071e-12
irrigation,FW eutrophication P,p_eutro,TZ0104,1.598955804362304e-12
irrigation,FW eutrophication P,p_eutro,TZ1601,1.0529234574453122e-10
irrigation,FW eutrophication P,p_eutro,TZ1002,2.959755740773683e-16
irrigation,FW eutrophication P,p_eutro,TZ0503,5.734326278472953e-12
irrigation,FW eutrophication P,p_eutro,TZ1407,2.5813610515674345e-11
irrigation,FW eutrophication P,p_eutro,TZ0101,8.647354204210168e-13
irrigation,FW eutrophication P,p_eutro,TZ2503,2.2452093320018786e-12
irrigation,FW eutrophication P,p_eutro,TZ0205,5.836087951982803e-13
irrigation,FW eutrophication P,p_eutro,TZ1104,1.3516314578763446e-13
irrigation,FW eutrophication P,p_eutro,TZ2402,4.8820932028587896e-12
irrigation,FW eutrophication P,p_eutro,TZ1306,2.8195737533025207e-11
irrigation,FW eutrophication P,p_eutro,TZ2504,1.939697460646477e-11
irrigation,FW eutrophication P,p_eutro,TZ0106,1.0683427497385539e-13
irrigation,FW eutrophication P,p_eutro,TZ2403,3.0026518766301987e-12
irrigation,FW eutrophication P,p_eutro,TZ2102,1.555465746025072e-11
irrigation,FW eutrophication P,p_eutro,TZ1406,6.40373771737612e-12
irrigation,FW eutrophication P,p_eutro,TZ0601,5.613034504716745e-13
irrigation,FW eutrophication P,p_eutro,TZ1405,5.086155903249022e-13
irrigation,FW eutrophication P,p_eutro,TZ1402,5.367387044760347e-13
irrigation,FW eutrophication P,p_eutro,TZ1803,1.2482483670826722e-12
irrigation,FW eutrophication P,p_eutro,TZ0201,2.0761257993676834e-13
irrigation,FW eutrophication P,p_eutro,TZ0502,1.191353665424997e-14
irrigation,FW eutrophication P,p_eutro,TZ1704,1.717834729041143e-11
