scenario,iteration,score_full,score_stable
baseline,0,6.525227563752204e-06,1.2601481316378316e-05
baseline,1,3.7704299955968584e-06,7.305358144607693e-06
baseline,2,-3.888186990863927e-06,1.417204912880817e-05
baseline,3,6.749571085673113e-06,5.7814092301830845e-06
baseline,4,7.2550758113797365e-06,8.253903108843763e-06
baseline,5,1.1050330977186245e-05,6.162338146756195e-06
baseline,6,2.293725955879153e-05,1.2357511896796236e-05
baseline,7,7.286944139774865e-07,1.0570421511715657e-05
baseline,8,1.793611741788074e-05,7.57565190283457e-06
baseline,9,9.76590118270739e-06,8.04719213550163e-06
baseline,10,6.2588036150046225e-06,9.050836658218971e-06
baseline,11,1.8683111343358043e-05,8.054185044683906e-06
baseline,12,6.006159376788526e-06,6.358812344483341e-06
baseline,13,1.9603774469735422e-05,1.5989659827843106e-05
baseline,14,7.5969795069358895e-06,8.876521675372459e-06
baseline,15,1.7347252234646982e-05,9.271134550937566e-06
baseline,16,1.714810700674625e-05,9.253511740196126e-06
baseline,17,7.550194376682183e-06,9.260280322034033e-06
baseline,18,1.8036872645448735e-05,7.598678881659248e-06
baseline,19,1.1280578942600622e-05,1.2229512775527664e-05
baseline,20,1.3480640824845848e-05,1.533433584173327e-05
baseline,21,6.881024960992437e-06,1.1271015676840562e-05
baseline,22,1.5648543638073343e-05,6.030087538062767e-06
baseline,23,6.005954811988984e-07,6.0483597072906145e-06
baseline,24,8.452141657832006e-06,7.857281595621585e-06
baseline,25,9.999006801628209e-06,1.4126657472832589e-05
baseline,26,1.4452041862952005e-05,7.068772408262937e-06
baseline,27,1.045591891543815e-05,9.77664489336754e-06
baseline,28,2.7228581095987077e-07,7.145802503809205e-06
baseline,29,1.1218432233381807e-05,7.531812389852958e-06
baseline,30,4.604182138407605e-06,6.521981998375904e-06
baseline,31,4.3036715813249313e-07,1.2654659190895635e-05
baseline,32,3.1912587360502617e-06,6.068739195195995e-06
baseline,33,9.77291647039682e-06,6.865672636826422e-06
baseline,34,1.553785084346859e-05,1.1388014338296338e-05
baseline,35,5.00479809760668e-05,5.0221396917647484e-05
baseline,36,9.913922613191397e-07,9.81456408555619e-06
baseline,37,4.927801336521526e-06,7.006397011936627e-06
baseline,38,5.582443721794664e-06,1.3161312304816788e-05
baseline,39,1.188330522444252e-05,9.180068597707974e-06
baseline,40,6.062263800285185e-07,4.516352255037516e-06
baseline,41,1.3193100600048427e-05,1.0248468913477126e-05
baseline,42,-6.562320694458448e-07,7.553941426930501e-06
baseline,43,-3.370635039062686e-06,6.095298288667614e-06
baseline,44,1.9067503262041028e-05,9.569615345294338e-06
baseline,45,-8.311811590953951e-06,4.05711135682499e-06
baseline,46,7.954658996839654e-06,7.635315734836543e-06
baseline,47,1.1893483395282322e-05,6.873770342110016e-06
baseline,48,4.475940121894208e-06,7.6179416087677105e-06
baseline,49,1.9867684079348135e-05,7.676633739507284e-06
baseline,50,7.5631228924653905e-06,6.0547449392164435e-06
baseline,51,8.438899520997003e-06,7.857453916762246e-06
baseline,52,-7.879080042402291e-07,1.0369273703432259e-05
baseline,53,2.474133514230269e-05,1.033111027270833e-05
baseline,54,9.205895514041201e-06,9.663821009421464e-06
baseline,55,1.2533877392915129e-05,7.0429328913322935e-06
baseline,56,1.5807922415676914e-05,1.2004691035382292e-05
baseline,57,1.3688677220311091e-05,5.83074202234118e-06
baseline,58,6.089676555834782e-06,4.2093894503136855e-06
baseline,59,1.2383083490654318e-07,6.7335184097525525e-06
baseline,60,1.317782797378733e-05,8.927628743599625e-06
baseline,61,6.712108838713296e-06,1.1889812904514586e-05
baseline,62,1.2635179990621012e-05,1.1082411495406705e-05
baseline,63,1.0329654682879437e-05,5.891776278371099e-06
baseline,64,1.7811859616316835e-05,1.529271509811078e-05
baseline,65,1.1958137581085076e-05,1.1347086270012259e-05
baseline,66,-1.5831945039287157e-06,1.0698090414547895e-05
baseline,67,1.7803832469772612e-05,9.08056887624021e-06
baseline,68,1.1230058894495325e-05,7.588747287813396e-06
baseline,69,2.7694369453513414e-06,7.879465563380286e-06
baseline,70,1.1160032614763847e-05,1.3290397370989037e-05
baseline,71,-7.551616990010849e-06,6.6734227100497945e-06
baseline,72,1.4797909062968139e-05,9.614901351888497e-06
baseline,73,4.860460273637539e-07,1.0654097442932012e-05
baseline,74,2.331243052049543e-06,6.135028772013683e-06
baseline,75,8.664787176306577e-06,1.5538818486308487e-05
baseline,76,1.1036755156531544e-05,5.846214951276231e-06
baseline,77,2.2158810262194193e-05,9.158913608736088e-06
baseline,78,1.000912819890398e-05,1.0066992075353457e-05
baseline,79,5.278618442133758e-07,9.05676419427432e-06
baseline,80,1.1927139879899257e-05,1.1674059528448352e-05
baseline,81,9.592202964658847e-06,8.824271258451345e-06
baseline,82,1.535589218901322e-05,1.3838970513859589e-05
baseline,83,1.2142087574958773e-05,6.328315503099176e-06
baseline,84,7.397127760642569e-06,8.032549489318837e-06
baseline,85,2.147520751508599e-06,8.74590536911785e-06
baseline,86,2.4288669002141908e-05,1.0982634648429e-05
baseline,87,5.8770549075385775e-06,5.176783739380465e-06
baseline,88,2.0314221143424767e-07,7.205810992303877e-06
baseline,89,1.8765240392693867e-05,1.0005423670157591e-05
baseline,90,8.482741160003112e-06,8.8310686285494e-06
baseline,91,6.9568203156313234e-06,5.830132661939704e-06
baseline,92,-1.984065520910172e-07,5.9877618451389406e-06
baseline,93,2.0052253180537896e-05,8.04199383769617e-06
baseline,94,3.7910499058080536e-06,9.33609547753495e-06
baseline,95,4.714580981862318e-06,6.722806615606684e-06
baseline,96,1.6968619360744967e-05,8.27481833214258e-06
baseline,97,5.502797600197258e-06,8.439903935456892e-06
baseline,98,1.1921404474196401e-05,7.277159489673868e-06
baseline,99,1.9966916781960346e-05,7.49423234451905e-06
baseline,100,7.519121500631354e-06,9.821345403083742e-06
baseline,101,6.654393583741432e-06,6.449455303551436e-06
baseline,102,-7.256722505523074e-08,9.788316638730054e-06
baseline,103,7.281281648284422e-06,5.403863074642551e-06
baseline,104,6.209428846407407e-06,7.235915860454965e-06
baseline,105,9.423808037015692e-06,1.2236113779002332e-05
baseline,106,2.4750995553057448e-05,1.147706360648896e-05
baseline,107,-7.897642502188967e-06,8.418351665226954e-06
baseline,108,1.4989199984345381e-05,8.891033029988855e-06
baseline,109,1.5876565355516995e-05,1.096701942313853e-05
baseline,110,2.1820723814781284e-07,6.947308657774618e-06
baseline,111,9.290585411159021e-06,7.250246367608492e-06
baseline,112,1.0341340920996393e-05,1.1358444357882325e-05
baseline,113,4.167797410220067e-06,5.941561040878539e-06
baseline,114,1.4920861754443577e-05,9.868958424909331e-06
baseline,115,8.670336287138849e-06,7.972448443511777e-06
baseline,116,1.8308644804499266e-05,1.092948820637933e-05
baseline,117,8.874227863792949e-06,7.67995593917771e-06
baseline,118,4.338420384857306e-06,9.843386864676528e-06
baseline,119,1.2789425086575188e-05,9.515913740595704e-06
baseline,120,1.043435120435761e-05,8.011513152572343e-06
baseline,121,8.870766244371028e-06,6.352441661151597e-06
baseline,122,2.6704350347894204e-06,6.6811868920162715e-06
baseline,123,-7.66550734837044e-06,6.463277996834295e-06
baseline,124,1.700511570901764e-05,1.1192393261218365e-05
baseline,125,2.717326616428201e-05,1.9507455871617353e-05
baseline,126,1.6159135853709103e-05,1.312739245284598e-05
baseline,127,1.4066848987798788e-05,1.1526960113525312e-05
baseline,128,6.174514271934836e-06,9.754764336029427e-06
baseline,129,1.2789930714627415e-05,9.056408095943678e-06
baseline,130,-3.752448747375781e-06,6.668068103156619e-06
baseline,131,1.168881596958016e-05,9.358523306547666e-06
baseline,132,1.6788805536396853e-05,6.239222155303925e-06
baseline,133,2.2024946700719106e-06,5.304483884148029e-06
baseline,134,7.763183042707444e-06,7.302720445820693e-06
baseline,135,1.684806685950905e-05,5.098610551638307e-06
baseline,136,6.3206165295534905e-06,6.702542434713189e-06
baseline,137,1.0274548088852165e-05,8.336226561651917e-06
baseline,138,7.931024085848226e-06,1.1577107769999474e-05
baseline,139,-3.243989092204153e-06,8.158663970680497e-06
baseline,140,1.8842048695641945e-06,8.026996069736367e-06
baseline,141,4.403863386447306e-06,6.3753036480232285e-06
baseline,142,1.019489838659487e-05,4.438419956990442e-06
baseline,143,1.5774159657143715e-05,1.4498676019957707e-05
baseline,144,9.18928729671299e-06,1.0324113119862791e-05
baseline,145,3.694926858984358e-06,8.256881626034464e-06
baseline,146,1.8504206362145963e-05,7.100977589671914e-06
baseline,147,-3.596633713300111e-06,7.615691428992086e-06
baseline,148,2.012701715727775e-05,8.384262536214644e-06
baseline,149,1.2630706818751509e-05,6.656890423381856e-06
baseline,150,6.0218585564686395e-06,8.117422177634867e-06
baseline,151,-9.804779826313738e-07,7.207830564758254e-06
baseline,152,3.3558876929565587e-06,6.541959957402892e-06
baseline,153,1.7117905727084864e-05,8.180164101863676e-06
baseline,154,-5.872763144912373e-06,5.6079857748848e-06
baseline,155,1.7610796024478084e-07,5.852832599384916e-06
baseline,156,3.972342227453221e-06,6.151505405120879e-06
baseline,157,7.634382123943424e-08,7.470623809207735e-06
baseline,158,1.624692302767486e-05,1.367421781092927e-05
baseline,159,1.290952399422389e-05,6.9212599321200636e-06
baseline,160,1.4880337810944416e-05,1.4369456997493564e-05
baseline,161,7.992006786375404e-06,6.0345994957148706e-06
baseline,162,1.4253288431677445e-05,7.9098163612781e-06
baseline,163,1.5537146199758883e-05,1.0378420452668102e-05
baseline,164,1.6021612894721206e-05,9.368980929116388e-06
baseline,165,2.4158314411272118e-05,1.1239765547402807e-05
baseline,166,4.254749627375329e-06,8.293262291520733e-06
baseline,167,1.3434317993804563e-05,7.302458541263271e-06
baseline,168,1.531601962688424e-05,6.157209006991131e-06
baseline,169,2.721440791827156e-05,1.4575946996908263e-05
baseline,170,1.1650821781663907e-05,9.89134357339087e-06
baseline,171,8.795007369801876e-06,6.545753138404193e-06
baseline,172,1.970078546509312e-05,9.513289429277511e-06
baseline,173,5.4584958275344114e-06,9.507755582893765e-06
baseline,174,9.912741513318435e-06,5.458682999020912e-06
baseline,175,5.432644906044774e-06,4.87039949128364e-06
baseline,176,9.487378891901854e-06,7.006908999183634e-06
baseline,177,4.975895267752054e-06,7.796130795241912e-06
baseline,178,4.2628677010790645e-06,6.166999064674428e-06
baseline,179,4.031206250282886e-06,7.31496759777125e-06
baseline,180,5.96397542246621e-06,1.0517187590860244e-05
baseline,181,6.755609644928792e-06,6.554125491860067e-06
baseline,182,4.725463657453659e-06,7.206676576268774e-06
baseline,183,1.2856205549465422e-05,7.263820855334091e-06
baseline,184,1.461176256052302e-06,7.434203671374257e-06
baseline,185,2.0261594287568345e-06,6.734225889358036e-06
baseline,186,7.43422991544101e-06,7.5118474088388725e-06
baseline,187,7.3296970502442026e-06,6.71872265821823e-06
baseline,188,2.7576961719728513e-06,8.18238872488351e-06
baseline,189,1.0418937165077181e-05,1.1660046485796927e-05
baseline,190,3.7621997120765523e-06,8.441752970793305e-06
baseline,191,5.8348024745812305e-06,5.1310145625089226e-06
baseline,192,9.441754153009917e-07,4.531554120116835e-06
baseline,193,-2.7971325675089782e-06,9.320925959861845e-06
baseline,194,1.2722143607177624e-05,6.687534782121236e-06
baseline,195,9.274138496765747e-06,1.1881946534501e-05
baseline,196,2.246265272315348e-05,1.2005044951263875e-05
baseline,197,3.234254443890309e-05,1.0413157028108239e-05
baseline,198,5.622252605837731e-06,6.353052172993314e-06
baseline,199,5.08124347808809e-06,7.515831196754992e-06
baseline,200,7.1884190858406575e-06,8.438466261593904e-06
baseline,201,1.4069743498431648e-06,7.132510532612032e-06
baseline,202,1.4286095645437436e-06,6.117613681185266e-06
baseline,203,1.57408771285392e-05,6.210740932731472e-06
baseline,204,4.027295231228075e-06,7.608467364604406e-06
baseline,205,1.2938117895802511e-05,1.0586689233291925e-05
baseline,206,4.195632404075736e-06,6.507014759910138e-06
baseline,207,1.4764477581634409e-05,7.463933011327748e-06
baseline,208,1.3589775770512482e-05,1.0195533473074079e-05
baseline,209,1.3113037451171288e-06,9.990236115308475e-06
baseline,210,1.2758172234105784e-05,8.266734501114358e-06
baseline,211,3.891601988283572e-06,1.0776430709582684e-05
baseline,212,1.469051231542281e-05,1.2727499119460921e-05
baseline,213,-3.862562885572699e-06,6.877703514623251e-06
baseline,214,-2.3238644250083987e-06,6.221351458691472e-06
baseline,215,8.700632556079468e-06,1.1865618872915141e-05
baseline,216,2.22106650598825e-06,5.930386925514822e-06
baseline,217,5.508675878031916e-06,4.537511020186047e-06
baseline,218,1.1633171327147987e-05,8.184028063873868e-06
baseline,219,1.4639541644188251e-05,8.554553471735871e-06
baseline,220,3.619763349536841e-06,5.618590853357378e-06
baseline,221,3.269397953751321e-07,7.240169478876091e-06
baseline,222,8.338493360623988e-06,7.348982403317411e-06
baseline,223,-6.2350451533254405e-06,7.800395742518115e-06
baseline,224,3.833389079972951e-06,5.771835747163624e-06
baseline,225,1.5521077812516348e-05,1.6795104240638403e-05
baseline,226,-1.0443010250842702e-06,7.128690244361802e-06
baseline,227,1.51924724258893e-05,7.041191570021017e-06
baseline,228,8.410047526494709e-06,7.7412606325303e-06
baseline,229,7.956365870702917e-06,6.795381739400255e-06
baseline,230,1.3595747680813243e-05,1.1184434315805838e-05
baseline,231,5.847167215841668e-06,5.81078867442003e-06
baseline,232,5.063845277257008e-06,1.0691478722884854e-05
baseline,233,4.667332549240302e-06,5.476132827587489e-06
baseline,234,2.522027766286362e-06,5.368096088293887e-06
baseline,235,-3.2531935000907818e-06,4.3496876654105455e-06
baseline,236,2.0056686687372582e-05,5.135250877140115e-06
baseline,237,1.4220529118603965e-05,9.69543722874927e-06
baseline,238,7.064733279317194e-06,9.05912645912233e-06
baseline,239,9.304282208835594e-06,5.189131862414766e-06
baseline,240,1.2219322464463781e-05,7.424544071701467e-06
baseline,241,1.1009964030897496e-05,6.008066955233329e-06
baseline,242,7.847957236256402e-06,8.9557803003217e-06
baseline,243,1.3066359662448986e-05,7.90142474079655e-06
baseline,244,-5.957052277914156e-06,9.19692352018205e-06
baseline,245,1.6365724940442237e-05,7.136643972302684e-06
baseline,246,2.0625961509493674e-05,1.0551049314691055e-05
baseline,247,1.0766517796881254e-05,7.401095593562383e-06
baseline,248,1.4822746938723085e-05,9.821984203947986e-06
baseline,249,2.50761357948956e-05,1.8925484493817433e-05
baseline,250,8.810089015537443e-06,6.319170628759238e-06
baseline,251,1.1041568658914408e-05,6.343446960165313e-06
baseline,252,6.319949833940702e-06,8.863400875954878e-06
baseline,253,1.1392589697589759e-05,6.365784268252206e-06
baseline,254,5.340916966501265e-06,6.6619458385337715e-06
baseline,255,8.693347557906085e-06,6.813318366616959e-06
baseline,256,1.3179043389689262e-05,7.184804017251089e-06
baseline,257,9.376036571918093e-06,7.963853802837748e-06
baseline,258,4.893518568881933e-06,5.1009691920604985e-06
baseline,259,7.988267732309408e-06,7.064908661340325e-06
baseline,260,8.244592954973487e-06,9.837622238063649e-06
baseline,261,1.4426760016713425e-05,8.586183533020523e-06
baseline,262,3.5048784908505314e-06,8.025424912919863e-06
baseline,263,9.65257859576202e-06,7.116408253977565e-06
baseline,264,1.831764722408644e-06,4.759235262759169e-06
baseline,265,2.303682289876089e-06,4.622463246228253e-06
baseline,266,-4.351638776997511e-06,1.0845023706277378e-05
baseline,267,1.507577381506683e-05,7.680303885351318e-06
baseline,268,5.853061921818101e-06,6.8350911457985695e-06
baseline,269,7.578746061725607e-06,8.558494631656353e-06
baseline,270,1.1974029824923063e-05,1.5879018428271917e-05
baseline,271,5.166465868477446e-06,7.994397693196901e-06
baseline,272,2.8831573558603443e-06,6.15814402156246e-06
baseline,273,1.2443585441573967e-05,9.011500035669528e-06
baseline,274,3.2968619852865e-05,1.8176631127034288e-05
baseline,275,2.4552400256251365e-05,2.2991031989414177e-05
baseline,276,1.8068182497337172e-05,1.104681316637639e-05
baseline,277,1.548245600746896e-05,9.251500456073477e-06
baseline,278,1.4073269117977163e-06,7.668577274439912e-06
baseline,279,7.5070234129466644e-06,1.1307461187236147e-05
baseline,280,-5.033124201102323e-07,7.158922290152624e-06
baseline,281,2.1079635416589763e-05,9.460152376809466e-06
baseline,282,1.6281215212584843e-05,7.900086736802974e-06
baseline,283,-1.2903507412210342e-06,6.315701693133193e-06
baseline,284,4.993371268526606e-06,7.563040372890338e-06
baseline,285,2.0546732497968568e-05,1.1689053278520374e-05
baseline,286,7.045530230482991e-06,7.869047614103241e-06
baseline,287,5.566093469265226e-06,7.071097008968678e-06
baseline,288,1.251468348654065e-05,6.391868015232565e-06
baseline,289,7.579834047930416e-06,9.804524061804043e-06
baseline,290,2.3076693145616466e-05,7.163581673937885e-06
baseline,291,2.7225564426462624e-05,1.4342825562247739e-05
baseline,292,1.856328863793328e-05,1.1907517096458378e-05
baseline,293,6.8162635024836865e-06,8.16671639695402e-06
baseline,294,1.0113336930326558e-05,8.170185428312217e-06
baseline,295,1.9072037967551641e-06,5.499258216529765e-06
baseline,296,9.424603005616926e-07,8.632871620070378e-06
baseline,297,1.058479352066539e-05,9.650776828357831e-06
baseline,298,1.0425686565825682e-05,1.2392755891094242e-05
baseline,299,-8.920566435499563e-07,6.242563407782171e-06
baseline,300,6.435762908443026e-06,8.063927246144545e-06
baseline,301,1.474826853643045e-06,9.307790542749746e-06
baseline,302,1.322621280239396e-05,5.878088508100839e-06
baseline,303,2.0556272928775992e-05,1.4663990913040522e-05
baseline,304,6.022639106175984e-06,7.33767750805495e-06
baseline,305,7.882795259603165e-06,8.274846265600836e-06
baseline,306,8.671267934609626e-06,9.59226299130603e-06
baseline,307,7.534822407917836e-06,1.0068331737472916e-05
baseline,308,4.1168048682261675e-06,8.547925210772506e-06
baseline,309,1.794732570929331e-05,8.079918240687317e-06
baseline,310,8.817528943733525e-06,1.548374283560791e-05
baseline,311,1.594649652348031e-05,5.306806217981391e-06
baseline,312,1.4139342812825996e-05,7.70637473608103e-06
baseline,313,9.263218035102837e-06,4.487097235595627e-06
baseline,314,2.514140833368818e-05,2.583725597421096e-05
baseline,315,-2.9838788603565686e-06,6.439972594389862e-06
baseline,316,1.9902047160535765e-05,1.0764475243014088e-05
baseline,317,1.2689870383990536e-05,6.848470295287935e-06
baseline,318,1.3218256487469865e-05,9.66479760573789e-06
baseline,319,9.20875628344185e-06,6.630372133613144e-06
baseline,320,1.482174317802974e-05,5.954871325799494e-06
baseline,321,6.722505664204762e-06,8.868718453683104e-06
baseline,322,1.6148274491401487e-05,2.7760664448140597e-05
baseline,323,1.6454968739967905e-05,7.568739486807363e-06
baseline,324,-2.198453228072744e-06,9.82324666621705e-06
baseline,325,3.954141078566634e-06,5.939013543574867e-06
baseline,326,2.460880731330853e-05,1.4826895592143373e-05
baseline,327,1.615374552000351e-05,8.251824601558256e-06
baseline,328,2.2258007454759385e-06,4.510009625729e-06
baseline,329,8.0944475961318e-06,7.488306501408125e-06
baseline,330,1.2027357119467562e-05,9.21725733954354e-06
baseline,331,9.889094362758396e-06,6.024267478527707e-06
baseline,332,1.9346322042742358e-05,1.1081063063866474e-05
baseline,333,2.2796291565225014e-05,1.2906660087301538e-05
baseline,334,7.613424752534027e-06,1.5120037007528519e-05
baseline,335,1.758003406160591e-05,1.0852962407071704e-05
baseline,336,8.098272804522957e-06,5.314188984699494e-06
baseline,337,1.42317214001819e-05,7.674406957770639e-06
baseline,338,1.8234345824933863e-05,8.983174617209276e-06
baseline,339,5.888632065260581e-06,1.1611455768695299e-05
baseline,340,1.3946533047443545e-05,8.762439299644267e-06
baseline,341,1.0377351264138015e-05,5.211352267962638e-06
baseline,342,1.1853660683199486e-05,9.961833748503517e-06
baseline,343,8.372594291896568e-06,1.2019547867604414e-05
baseline,344,7.517925323625037e-06,1.217514745635595e-05
baseline,345,2.4893533763618636e-07,7.296851525324256e-06
baseline,346,3.739425211749776e-06,6.80800071739016e-06
baseline,347,1.1436028381529924e-06,6.247612941334189e-06
baseline,348,1.9451413120275635e-06,7.994948956148621e-06
baseline,349,1.5341393205214053e-05,1.0853516899654075e-05
baseline,350,1.270196800360794e-05,1.1106507664705567e-05
baseline,351,1.1198664815464505e-06,8.54053453254397e-06
baseline,352,1.3406518938686586e-05,9.610612288444809e-06
baseline,353,1.3093996450698379e-06,7.226642135548806e-06
baseline,354,2.229395041119032e-06,7.985010181141734e-06
baseline,355,8.399124087246675e-07,6.989559738490819e-06
baseline,356,-7.143114223624701e-06,6.479405629147894e-06
baseline,357,-4.46870262026864e-06,8.660966981563903e-06
baseline,358,1.0416409056874848e-05,8.192346135851776e-06
baseline,359,3.2481652570536957e-06,9.450150324611509e-06
baseline,360,4.608187895524974e-06,7.160532102117591e-06
baseline,361,1.0658676842180668e-05,1.3167929780642546e-05
baseline,362,2.0385870181550574e-06,8.25209616204836e-06
baseline,363,1.3683899638622874e-05,1.2444192627436574e-05
baseline,364,9.827473374853014e-06,7.601616610903364e-06
baseline,365,1.4775814511218062e-05,1.1234836350389647e-05
baseline,366,8.980724565419803e-06,8.59431131207578e-06
baseline,367,5.665817417331426e-06,5.59767332437593e-06
baseline,368,8.470041935512443e-06,7.123943690225582e-06
baseline,369,4.0601189250229345e-07,7.895686265198458e-06
baseline,370,-7.057962069316969e-07,8.660144410522738e-06
baseline,371,1.0670784591721736e-05,8.084528075233607e-06
baseline,372,8.353888088840807e-06,1.3115960683515134e-05
baseline,373,-2.332290904004093e-06,9.67575997649082e-06
baseline,374,1.7800922953787198e-05,8.944685919753267e-06
baseline,375,3.4893176851140922e-06,1.1188533027090958e-05
baseline,376,4.683826816965353e-06,1.0185916429755975e-05
baseline,377,8.644942362720857e-06,6.056845794198449e-06
baseline,378,5.302658354916435e-06,6.582344218496921e-06
baseline,379,8.505562843501235e-06,4.955693388143943e-06
baseline,380,1.824383061645377e-05,8.913115437628216e-06
baseline,381,8.39191079818226e-06,9.120644444661901e-06
baseline,382,8.5267418103414e-06,1.1408676700167845e-05
baseline,383,5.2249667213205645e-06,1.042503604444212e-05
baseline,384,1.403133995934681e-05,4.511094218531035e-06
baseline,385,1.956159767591502e-05,1.5231495036211378e-05
baseline,386,2.0822934923770436e-05,2.170474943365569e-05
baseline,387,7.806383171387775e-06,7.4255633920601375e-06
baseline,388,-2.376456432800094e-06,7.296906083935254e-06
baseline,389,1.709441611888194e-05,1.0578636567023188e-05
baseline,390,6.968753965522541e-06,7.2685331175234966e-06
baseline,391,2.5147433316483608e-05,9.115139237897525e-06
baseline,392,8.950237503601566e-06,1.0276941951698403e-05
baseline,393,-7.953625680620475e-07,8.078182205774953e-06
baseline,394,1.114825927595688e-05,7.3020576462407655e-06
baseline,395,-1.0288461456624888e-06,9.287732765121676e-06
baseline,396,5.504427724457853e-06,9.772035634114289e-06
baseline,397,-1.6864162334844495e-06,7.033703477778304e-06
baseline,398,8.94722666159318e-07,6.012238055811957e-06
baseline,399,1.7886396387110822e-05,8.13736434407812e-06
baseline,400,1.8680420343824768e-05,1.0297442035019678e-05
baseline,401,9.828689259633148e-06,5.860103478903221e-06
baseline,402,2.4553973214507186e-05,1.56964446536092e-05
baseline,403,1.298574356979535e-05,1.606201025086951e-05
baseline,404,4.918685031083397e-06,7.893081216682475e-06
baseline,405,2.0003306124039056e-05,1.0464619164540075e-05
baseline,406,1.5471527179937638e-05,6.729477065388365e-06
baseline,407,1.5840845107158632e-05,9.642827055901736e-06
baseline,408,6.17513967292595e-06,9.013094454242711e-06
baseline,409,-6.31312452762767e-07,6.400637467047861e-06
baseline,410,1.4715407123994223e-06,6.9486689643615015e-06
baseline,411,7.693362875560015e-07,9.8283383463069e-06
baseline,412,7.290744995331236e-06,7.621961240989965e-06
baseline,413,5.554813769438502e-06,7.92662467165362e-06
baseline,414,1.8729986247943376e-05,1.4803186439414368e-05
baseline,415,-3.917106412876882e-06,6.002633135837497e-06
baseline,416,6.102801570826672e-06,1.2786151653994156e-05
baseline,417,9.346050260606173e-06,6.237854989214897e-06
baseline,418,3.685038026058824e-06,7.518380108323526e-06
baseline,419,-1.1992118601421604e-06,8.467361613498453e-06
baseline,420,1.412446599867045e-05,7.630377686714558e-06
baseline,421,3.288651853781859e-05,2.6546924822768097e-05
baseline,422,5.047461097600119e-06,6.1921442227283595e-06
baseline,423,3.996216855502033e-06,1.008784795590935e-05
baseline,424,-3.598876518063846e-06,3.986767264872814e-06
baseline,425,2.3480576131178682e-05,9.956149758378424e-06
baseline,426,1.1300817067709437e-05,6.7386892116979385e-06
baseline,427,7.240902881392145e-06,1.2112424626947899e-05
baseline,428,2.5870072191478115e-06,1.4514849666855808e-05
baseline,429,1.6548804903705544e-05,9.95856102713072e-06
baseline,430,1.0134590781524351e-05,1.0995362924616612e-05
baseline,431,2.9873405002202507e-06,8.234829641399621e-06
baseline,432,2.419786943729598e-05,1.1656790821135363e-05
baseline,433,1.3898705631017758e-05,7.062047621030703e-06
baseline,434,9.863491075238369e-06,8.926719259430326e-06
baseline,435,1.2203848541197046e-05,7.895784055745542e-06
baseline,436,-1.0920361519086203e-06,9.011882880637728e-06
baseline,437,2.901914554709403e-05,1.1488489976759287e-05
baseline,438,2.90859977558142e-05,1.0220663861807723e-05
baseline,439,8.74444410570607e-06,7.834859968787973e-06
baseline,440,5.594125567444656e-06,5.77050474584527e-06
baseline,441,1.584691249461071e-05,1.643809492377027e-05
baseline,442,8.029969806779124e-06,6.9224214844771925e-06
baseline,443,6.0703775908712045e-06,1.1052179389487233e-05
baseline,444,-2.594030415373088e-06,1.0700553875088064e-05
baseline,445,7.632886796077054e-06,1.242595177738284e-05
baseline,446,1.3380903531712025e-05,7.972550030952956e-06
baseline,447,1.0110785710754647e-05,9.698621290394685e-06
baseline,448,9.58962333386414e-06,5.619122118830698e-06
baseline,449,8.7144626154994e-06,7.559909806839428e-06
baseline,450,6.561964778574432e-06,6.730200503303245e-06
baseline,451,6.316239210457666e-06,7.04617896636059e-06
baseline,452,2.2580864346968643e-05,7.508929411324271e-06
baseline,453,7.76422883162539e-06,6.595268856405089e-06
baseline,454,2.9805744365206812e-05,9.669401194540297e-06
baseline,455,4.857591099678623e-06,7.733596715379508e-06
baseline,456,1.733773796595149e-05,1.2384303211367432e-05
baseline,457,1.29570767688879e-05,1.2524882475174845e-05
baseline,458,6.992040867984129e-06,4.731185448465469e-06
baseline,459,3.893506402445956e-06,7.227796592547754e-06
baseline,460,1.1766575705402484e-05,8.149356131952947e-06
baseline,461,1.8831980539826217e-05,1.2727498659193705e-05
baseline,462,-2.207268416743853e-06,8.06297336978272e-06
baseline,463,1.090562708119571e-05,7.304584542661325e-06
baseline,464,7.392645139098027e-06,1.1068188299250896e-05
baseline,465,8.981346961767758e-07,7.971469425590173e-06
baseline,466,5.844193914552748e-06,1.3422842421258273e-05
baseline,467,8.084738411131711e-06,6.328566827890755e-06
baseline,468,1.7780369207141265e-05,1.1678542506583897e-05
baseline,469,7.359307294438686e-06,7.166578630927362e-06
baseline,470,6.796916370662662e-06,8.19204568077782e-06
baseline,471,1.461200131614413e-05,8.896108230308053e-06
baseline,472,7.199896044478312e-06,5.477042887255876e-06
baseline,473,1.6343180315818218e-05,1.0760074518111856e-05
baseline,474,1.1055112773791323e-05,5.255763197777602e-06
baseline,475,9.35992479679771e-07,6.064653572471227e-06
baseline,476,9.207672789463159e-06,5.522973610331111e-06
baseline,477,8.219694817340167e-06,1.0003160510059875e-05
baseline,478,1.983069850944968e-05,9.17100263883596e-06
baseline,479,1.073407581871192e-05,1.167155944433817e-05
baseline,480,6.158828214783279e-06,9.32086679923471e-06
baseline,481,8.219170383274577e-06,8.488498631855687e-06
baseline,482,9.93128300275878e-06,7.125720280325974e-06
baseline,483,1.0581472842390792e-05,8.910011652204173e-06
baseline,484,1.1651652457985328e-05,6.7720982398404405e-06
baseline,485,7.574552377951625e-06,8.233013346555612e-06
baseline,486,2.543875392537887e-06,7.113360079260369e-06
baseline,487,7.536611184740954e-06,8.819796030968403e-06
baseline,488,2.546929214404478e-06,9.907680839034707e-06
baseline,489,1.1886855547069751e-05,1.3692338494225022e-05
baseline,490,1.8939625723357513e-05,8.367982813082528e-06
baseline,491,1.4247182984961879e-05,9.797804298657379e-06
baseline,492,2.6899245547895e-06,7.763988263527126e-06
baseline,493,1.6146109368607633e-05,1.0829187505489657e-05
baseline,494,8.726542059440967e-06,9.551833142238202e-06
baseline,495,1.5939648764314844e-05,9.606193078848212e-06
baseline,496,1.1842222361265839e-05,7.591204564605505e-06
baseline,497,1.238889563113752e-07,8.393795309620174e-06
baseline,498,3.834743027573625e-06,9.942006996126046e-06
baseline,499,9.642647507004598e-06,9.75413302515675e-06
baseline,500,5.856517554921911e-06,1.1375065152226743e-05
baseline,501,2.328191005619965e-05,1.1247229276769451e-05
baseline,502,1.2358441183118893e-05,1.9281475335071377e-05
baseline,503,-2.589330434219405e-06,6.320172523495653e-06
baseline,504,8.938659876290128e-06,8.195477316885227e-06
baseline,505,4.228900878278749e-05,1.432728565924523e-05
baseline,506,6.499231092522618e-06,8.455446153685188e-06
baseline,507,9.979484524572947e-06,5.821087821226216e-06
baseline,508,2.7050576340614675e-06,6.748347278264001e-06
baseline,509,1.1758520412409795e-05,1.4197080411811898e-05
baseline,510,2.1120595876062273e-05,7.148392825909688e-06
baseline,511,8.680848640748923e-06,5.852032822429409e-06
baseline,512,1.6836128030076063e-05,1.2257112506864603e-05
baseline,513,1.172428212508867e-05,1.013697308577586e-05
baseline,514,6.948966281961899e-06,1.3132663908267198e-05
baseline,515,1.693150165120375e-05,7.829311320242242e-06
baseline,516,2.289859359400729e-05,7.4581633358891505e-06
baseline,517,6.529766153886869e-06,7.273497618491345e-06
baseline,518,1.4242658724996362e-05,7.6071243413071245e-06
baseline,519,2.0619136484943217e-05,9.839186004878046e-06
baseline,520,6.817309760519829e-06,7.182179796554583e-06
baseline,521,-3.5889363824122176e-06,6.330172231712867e-06
baseline,522,2.6893112110827164e-05,1.1767803352577906e-05
baseline,523,1.7972020565791803e-05,1.6770002399339144e-05
baseline,524,-1.1810589636045307e-06,7.969276994330438e-06
baseline,525,4.9570146631065835e-06,7.739628158141522e-06
baseline,526,-2.17179315862746e-06,7.493832869313812e-06
baseline,527,1.5217770020306639e-06,6.870528241115792e-06
baseline,528,4.893396405675885e-06,8.856170665405813e-06
baseline,529,1.31232383531897e-05,7.678040576105596e-06
baseline,530,1.95635831836453e-05,1.2899289578034548e-05
baseline,531,1.5899137052935703e-05,1.6938485601624422e-05
baseline,532,1.985561899101018e-05,8.539555749909099e-06
baseline,533,1.495986500719282e-05,8.367634020038986e-06
baseline,534,1.4432381296918576e-05,9.140892433179999e-06
baseline,535,6.906288166688669e-06,6.624193330646995e-06
baseline,536,3.0181813844538296e-06,7.460081192601455e-06
baseline,537,6.2001073837018536e-06,1.2789634057078545e-05
baseline,538,-1.2060298322345068e-06,5.890123593906274e-06
baseline,539,9.231894632163966e-06,9.618232425213151e-06
baseline,540,3.209438936298648e-06,1.132454637210001e-05
baseline,541,1.9624220665601725e-05,1.1110840819789418e-05
baseline,542,7.320968481953437e-06,8.485769115261583e-06
baseline,543,2.418332374892396e-08,9.636003220901285e-06
baseline,544,4.644267974632015e-07,6.839097532700472e-06
baseline,545,4.909787538686739e-07,8.772884657161794e-06
baseline,546,1.94505261650554e-05,8.828775740589626e-06
baseline,547,1.796927718478314e-05,8.82400057553127e-06
baseline,548,2.163203862263583e-05,1.3968120560580806e-05
baseline,549,1.235049081208784e-05,9.636615066568058e-06
baseline,550,1.4611733469301321e-05,7.175951992982815e-06
baseline,551,1.8410594319026845e-05,1.0422917710438347e-05
baseline,552,1.2563899869464512e-05,6.345855791235834e-06
baseline,553,4.542601294074887e-06,5.791993595742359e-06
baseline,554,8.897009239662109e-06,6.521385901933222e-06
baseline,555,1.9811976709463904e-05,1.1125955171332698e-05
baseline,556,2.1716461424197035e-05,1.2008462485537108e-05
baseline,557,4.9240316846723645e-06,6.001449209658432e-06
baseline,558,1.2019415355967915e-05,7.135664012767217e-06
baseline,559,2.149257019228181e-05,1.3064179104172366e-05
baseline,560,1.5830052394709003e-05,9.131269196021642e-06
baseline,561,1.1892829719524206e-05,8.600226880332305e-06
baseline,562,1.2532739105269436e-06,7.496394533838467e-06
baseline,563,-2.9727206139136754e-06,9.167825967180831e-06
baseline,564,8.41841847883965e-06,9.263835542743547e-06
baseline,565,3.7558805723818896e-06,4.966062843814716e-06
baseline,566,3.6589986218827557e-06,5.076012237225152e-06
baseline,567,4.8442143013698114e-06,8.416529345845445e-06
baseline,568,5.076622046264835e-06,6.337157988879075e-06
baseline,569,8.587887705863715e-06,9.463886118029797e-06
baseline,570,1.5197263326145349e-05,1.0657454281231378e-05
baseline,571,1.3190101793163519e-05,7.625025615248339e-06
baseline,572,2.2469468167699464e-05,7.092318507658194e-06
baseline,573,6.37147788194355e-06,1.4934559762278128e-05
baseline,574,1.5872911938717523e-05,1.4105238613484616e-05
baseline,575,1.662999242034091e-06,7.470715121229971e-06
baseline,576,2.21482434765747e-06,8.37709540403846e-06
baseline,577,5.052452123881529e-06,6.154063129282334e-06
baseline,578,1.1843745956496778e-05,6.502347275797645e-06
baseline,579,1.2885327443479547e-05,6.668900860498704e-06
baseline,580,1.8564609143822406e-05,6.286721123314359e-06
baseline,581,1.5819350503590286e-05,8.419993086738935e-06
baseline,582,1.886309555486536e-05,9.400305125636415e-06
baseline,583,1.6094386507661568e-05,9.758432093136442e-06
baseline,584,7.132334512094821e-06,1.6399083101808316e-05
baseline,585,1.4335401973779279e-05,8.521914026714888e-06
baseline,586,3.1835446480605826e-06,7.297279791841429e-06
baseline,587,4.912455454852228e-06,8.408103351689223e-06
baseline,588,9.619577249500137e-06,5.414352593436148e-06
baseline,589,1.5806555641387875e-05,1.9729690807202844e-05
baseline,590,9.570250258805867e-06,9.921504680334082e-06
baseline,591,1.4422616579690896e-05,5.349458281845854e-06
baseline,592,2.0810566787468692e-06,9.145445609790112e-06
baseline,593,1.1378565803584183e-05,1.2875683001313407e-05
baseline,594,1.333723190773706e-05,1.3783113154326664e-05
baseline,595,4.742087785287831e-06,5.626934565572347e-06
baseline,596,-2.2349975525444993e-06,6.658167522094924e-06
baseline,597,8.235495274665055e-06,9.771602898870563e-06
baseline,598,-9.868028283214974e-07,6.83108985585852e-06
baseline,599,-9.459167064208364e-07,6.992519027037076e-06
baseline,600,5.58738790195942e-06,6.657098348555161e-06
baseline,601,-3.5717408324830696e-06,9.129297383946627e-06
baseline,602,5.996888243874356e-06,7.684168071686312e-06
baseline,603,1.441185873547105e-07,6.061343023884167e-06
baseline,604,1.4481143679633536e-05,9.428369427224746e-06
baseline,605,1.5635676970150976e-05,9.167282842958517e-06
baseline,606,1.5368180313562193e-05,8.31816329543266e-06
baseline,607,6.272659549730671e-07,9.308877468962136e-06
baseline,608,1.4135576236723095e-05,9.290047836155265e-06
baseline,609,-1.4383257986604393e-06,7.4678130204469845e-06
baseline,610,1.2882314741215784e-05,1.0590022411746384e-05
baseline,611,1.8830618696317754e-05,8.926226410022717e-06
baseline,612,2.2233866558384645e-05,1.3635074878279017e-05
baseline,613,7.298337171378303e-06,6.876432688535591e-06
baseline,614,3.4811713852231805e-05,1.7455742082025015e-05
baseline,615,1.023777099837914e-05,9.292471730922596e-06
baseline,616,4.319590532194441e-06,5.491833667704986e-06
baseline,617,2.194788107781631e-05,8.935433819174497e-06
baseline,618,6.8557481644977005e-06,7.039055229435199e-06
baseline,619,1.0904034494603232e-05,1.0446365378368838e-05
baseline,620,1.4329637440000098e-05,8.147480279275052e-06
baseline,621,1.0688846131814062e-05,7.904057473417677e-06
baseline,622,2.506272242243171e-05,5.619670028020201e-06
baseline,623,8.258232519049255e-06,8.499828803181528e-06
baseline,624,9.512356534263536e-06,6.561818441273728e-06
baseline,625,1.3465930593202526e-06,5.846339125094734e-06
baseline,626,5.3229803202317375e-06,8.453757866187724e-06
baseline,627,1.8991368987595183e-06,5.655971958238767e-06
baseline,628,2.241271872237908e-06,5.5345316063457375e-06
baseline,629,7.301827576039954e-06,6.207776686293633e-06
baseline,630,5.586360758639049e-06,8.985304413391465e-06
baseline,631,2.7004270155119877e-06,7.941292785428434e-06
baseline,632,8.713646044879902e-06,5.463018378744869e-06
baseline,633,8.669082248597948e-06,6.36329431775008e-06
baseline,634,2.0385987543278883e-07,7.67758564536911e-06
baseline,635,1.1988995092124418e-05,1.0051296001661398e-05
baseline,636,9.659121925814123e-06,1.1105794849469436e-05
baseline,637,1.4573936422639203e-05,1.3038397016232718e-05
baseline,638,2.597005646224035e-05,1.3651428516877178e-05
baseline,639,2.1129675040976344e-05,9.242568104768348e-06
baseline,640,6.88117187818998e-06,8.17407906261607e-06
baseline,641,5.849264124154667e-06,9.899979996074802e-06
baseline,642,8.372914321250514e-06,8.313672791836794e-06
baseline,643,2.1221794699857704e-05,9.787483484425016e-06
baseline,644,1.3776172116984409e-05,1.0578167774596895e-05
baseline,645,-1.8549665269453776e-06,7.953924089555209e-06
baseline,646,1.0507222831657233e-05,5.267659885906433e-06
baseline,647,1.3108475852249542e-05,1.0123086833796453e-05
baseline,648,1.3471830353650419e-05,6.158934604290782e-06
baseline,649,2.2212004771793837e-05,9.566934762195792e-06
baseline,650,1.4903889214474144e-05,1.0141301807389942e-05
baseline,651,8.682940858780917e-06,5.94132423314493e-06
baseline,652,1.7229146652819328e-05,1.639757236592908e-05
baseline,653,5.854975739344155e-06,8.51475969422155e-06
baseline,654,8.474197494710471e-06,9.123386124911976e-06
baseline,655,2.1026112855798737e-05,1.6164551868815447e-05
baseline,656,1.4590333012294458e-05,6.645576204478376e-06
baseline,657,1.4164756776442992e-05,1.0493506584724806e-05
baseline,658,9.131706987800452e-06,7.870686859277971e-06
baseline,659,1.2966667944678684e-05,9.6235775611634e-06
baseline,660,1.0704233677320217e-05,6.54349086705456e-06
baseline,661,1.1508878209603206e-05,5.3692311122352265e-06
baseline,662,1.4295807835721546e-05,9.042370478412535e-06
baseline,663,1.1919208692889254e-05,6.8555233863165775e-06
baseline,664,-7.0889009961597265e-06,5.678318629972461e-06
baseline,665,1.05226638382855e-06,7.11164230948925e-06
baseline,666,1.3273107868866046e-05,8.590867051367655e-06
baseline,667,6.103858228546076e-06,5.58710614555668e-06
baseline,668,4.970642520343867e-06,7.881371000785982e-06
baseline,669,1.2815516427393245e-05,5.251743808947551e-06
baseline,670,-6.7658272450763695e-06,8.010748716136783e-06
baseline,671,1.86138959642628e-05,1.2444504838243148e-05
baseline,672,-7.726175566780796e-06,8.513228076325607e-06
baseline,673,-4.075244956511364e-07,6.131836481010906e-06
baseline,674,2.9967707843717388e-06,4.848151145316612e-06
baseline,675,1.59769335296678e-05,9.40949640735301e-06
baseline,676,1.9697735125802975e-05,1.0781078995910965e-05
baseline,677,2.0245768200343847e-06,6.920095222067649e-06
baseline,678,1.4545610604495032e-05,9.568392104900983e-06
baseline,679,2.3639026962431492e-05,9.067901867538332e-06
baseline,680,8.922450624445941e-06,8.043740988992232e-06
baseline,681,1.0009768808143997e-05,1.7398641614823864e-05
baseline,682,-3.5972932948743767e-06,1.0901335133793246e-05
baseline,683,1.0309600937313246e-05,6.515811398251392e-06
baseline,684,2.538919076920225e-05,1.0375691557235663e-05
baseline,685,1.4710735141505753e-05,6.281859025028718e-06
baseline,686,1.7841150633991226e-05,7.772518473199904e-06
baseline,687,6.181229952330956e-06,7.872916793226305e-06
baseline,688,6.983673256587366e-06,1.7993552093819506e-05
baseline,689,2.0856215877166534e-05,9.956949594516607e-06
baseline,690,7.467792937610358e-08,8.634504643657973e-06
baseline,691,2.401210597891473e-05,8.236324576751759e-06
baseline,692,7.955535349738153e-06,1.1423185601821702e-05
baseline,693,7.8161503950559e-06,9.035797336346786e-06
baseline,694,5.324363366953102e-06,5.208239723217892e-06
baseline,695,1.0279993269402902e-05,9.961768840790376e-06
baseline,696,8.312776402699459e-06,7.359381475266424e-06
baseline,697,6.043396352616714e-06,1.1986156353353565e-05
baseline,698,1.3763594346291923e-05,1.1241306416095593e-05
baseline,699,8.988088492376859e-06,9.080160908894473e-06
baseline,700,1.013344541100363e-05,9.502662415942956e-06
baseline,701,7.190796550351786e-06,9.385975700869416e-06
baseline,702,2.1392733793959028e-05,7.483278246610173e-06
baseline,703,8.972716744374003e-06,9.51362275414497e-06
baseline,704,9.557624399579794e-06,9.737671377434861e-06
baseline,705,3.0430966072812274e-06,5.994691631121353e-06
baseline,706,9.087421809002492e-06,8.709802048415012e-06
baseline,707,3.7306040020821967e-06,4.045586697177015e-06
baseline,708,2.475619647556825e-05,1.0755378122465841e-05
baseline,709,7.528997177222874e-06,7.091831593240009e-06
baseline,710,9.886565386019239e-06,1.3291422364011274e-05
baseline,711,3.354986282658638e-06,8.407092235326503e-06
baseline,712,6.516573564970973e-06,1.2193456774272786e-05
baseline,713,6.039779149595241e-06,5.998887750161365e-06
baseline,714,1.8651535465143625e-05,6.720989074982268e-06
baseline,715,-3.016310775971895e-06,6.325105814160933e-06
baseline,716,1.8381819145960016e-05,8.102467290395577e-06
baseline,717,8.755583368317278e-06,6.181583369689515e-06
baseline,718,1.4239249010159803e-05,1.28203827311141e-05
baseline,719,-5.100989763221885e-06,8.822424204305481e-06
baseline,720,1.8050858837718507e-05,1.2886631976683408e-05
baseline,721,1.2348783419162468e-05,6.6784302031263806e-06
baseline,722,-1.2045153376626664e-06,1.1440335755348433e-05
baseline,723,-5.159194055214451e-08,6.5717537544990575e-06
baseline,724,-8.384978133332028e-07,6.599518772515354e-06
baseline,725,6.471014147133919e-06,6.4778924559170975e-06
baseline,726,1.8844266641884029e-06,7.95382637914775e-06
baseline,727,6.469098495992105e-06,6.686073612185234e-06
baseline,728,5.858740767226821e-06,8.909866132000225e-06
baseline,729,1.665516966635741e-05,8.690174805214886e-06
baseline,730,1.4489200238578078e-05,1.1506269080267267e-05
baseline,731,9.173319886022512e-06,9.73566249841316e-06
baseline,732,4.84079163589132e-06,9.290359601670873e-06
baseline,733,1.3968562227634223e-05,1.1165920674376784e-05
baseline,734,1.1276793413935156e-05,6.653276519953713e-06
baseline,735,1.3601022038861781e-05,8.95250256454649e-06
baseline,736,4.009248706921243e-06,9.131637595693236e-06
baseline,737,8.000861929537998e-09,7.627994752978178e-06
baseline,738,9.242998408556846e-07,7.498046574738671e-06
baseline,739,4.922729467190322e-06,6.878135789561054e-06
baseline,740,7.761961322336995e-06,1.1373371569543537e-05
baseline,741,1.4060260482613334e-05,5.48492738104421e-06
baseline,742,2.0088511990835593e-05,1.8969674285936952e-05
baseline,743,-5.238290900183446e-07,5.57249274191817e-06
baseline,744,9.414391154762406e-06,5.756958404642842e-06
baseline,745,1.8660147595303364e-05,1.0283107836561424e-05
baseline,746,-3.3852505795092773e-06,4.775955523705668e-06
baseline,747,1.8772686309836076e-05,9.904238286688018e-06
baseline,748,1.2249522885099244e-05,9.007218011227002e-06
baseline,749,1.107409654568529e-05,8.668322727976332e-06
baseline,750,7.379452650888946e-06,7.180690203536335e-06
baseline,751,7.4682787687327294e-06,5.162617548432504e-06
baseline,752,9.418591330516642e-06,1.1993738935325841e-05
baseline,753,1.3000721922551713e-05,1.2601248312903807e-05
baseline,754,9.747584753137064e-06,6.445382966869956e-06
baseline,755,9.827815383820023e-06,1.0919296600417656e-05
baseline,756,1.7696200917390006e-05,8.953189020759482e-06
baseline,757,-9.518481344751493e-06,8.920165391227473e-06
baseline,758,2.3535108171161774e-07,4.333420782112841e-06
baseline,759,1.0481261707237419e-05,9.250729462009595e-06
baseline,760,1.1853121201635215e-05,9.914492112581086e-06
baseline,761,1.3320087753865731e-05,1.3932629541908432e-05
baseline,762,1.4003539340017564e-05,1.1576176223589305e-05
baseline,763,3.6767449365442714e-06,6.855147045395085e-06
baseline,764,8.220051138039608e-06,1.2000935780800707e-05
baseline,765,1.7282719958240166e-05,1.678247608865564e-05
baseline,766,1.0822242716497738e-05,8.46005088669323e-06
baseline,767,2.7499951928921894e-06,7.778257187922054e-06
baseline,768,1.8637979609232584e-05,1.0594995397350132e-05
baseline,769,-6.747541412696507e-06,7.771672150506944e-06
baseline,770,2.533680091618922e-05,1.2787770656630006e-05
baseline,771,1.3040670604307347e-05,8.44974542504335e-06
baseline,772,1.3884793195384474e-05,7.069410022656995e-06
baseline,773,2.5458700811693382e-06,7.5202899875986575e-06
baseline,774,1.1689665697433932e-05,7.632917442057299e-06
baseline,775,1.0553341640091485e-07,7.559351601197905e-06
baseline,776,3.139557134272744e-05,9.828207738189154e-06
baseline,777,4.141511898292468e-06,6.465539112769862e-06
baseline,778,1.467515065731625e-05,8.267805384131555e-06
baseline,779,9.199049120424689e-06,5.875623023468626e-06
baseline,780,7.828488658083023e-06,6.3165314244951205e-06
baseline,781,3.896856382401645e-06,7.851985716551416e-06
baseline,782,1.306501240429963e-06,8.135616915837612e-06
baseline,783,3.7385271574327034e-06,6.754586262506361e-06
baseline,784,9.99746174784088e-06,6.86922989894759e-06
baseline,785,3.5806673753763175e-06,7.126295724361323e-06
baseline,786,3.996133126983329e-06,8.925955565945852e-06
baseline,787,2.3287559438667933e-05,9.512070482601761e-06
baseline,788,1.0163621892793288e-05,9.896951560919973e-06
baseline,789,5.081075672457295e-06,1.3732764897194023e-05
baseline,790,-5.342002111020745e-06,6.0891596076792524e-06
baseline,791,1.0395262558293701e-05,8.110821775576234e-06
baseline,792,1.7557097582436728e-05,1.1235968729931325e-05
baseline,793,1.801549177360246e-05,1.7009264772536628e-05
baseline,794,1.2972665627338787e-05,6.5475241226992575e-06
baseline,795,1.095745911191889e-05,1.0242218565655378e-05
baseline,796,7.694141829334296e-06,9.079208328855981e-06
baseline,797,1.7814905756503816e-05,8.67372307695667e-06
baseline,798,2.628660173051454e-05,2.0385520747352282e-05
baseline,799,1.2004966187977056e-05,8.45670507968637e-06
baseline,800,1.4462753915668731e-05,9.15934865254925e-06
baseline,801,9.96740448146683e-06,9.228892886705327e-06
baseline,802,4.677806320421167e-06,5.2119498154706115e-06
baseline,803,1.8581209106382675e-05,6.984002048477129e-06
baseline,804,1.5095548470581267e-05,1.4378935713909727e-05
baseline,805,5.778441658516359e-06,1.0866527537293887e-05
baseline,806,1.0655057305271855e-05,6.374791227623484e-06
baseline,807,1.1802773368835643e-05,1.2092186909249543e-05
baseline,808,9.612589330272949e-06,1.368855655791032e-05
baseline,809,-4.769304793451828e-06,6.583673402980545e-06
baseline,810,1.1668826378767527e-05,9.670042074913016e-06
baseline,811,7.156757356858181e-06,6.334175011344041e-06
baseline,812,8.914022077350815e-06,6.199875989795876e-06
baseline,813,-2.746938620871619e-07,5.100204399468399e-06
baseline,814,9.726681504476853e-06,9.093311982626378e-06
baseline,815,6.911283497188858e-06,5.50030591445018e-06
baseline,816,-2.2530920500649342e-06,6.666178715506697e-06
baseline,817,-2.6158685423429313e-06,5.297263704535572e-06
baseline,818,8.646782946968148e-06,9.56788029888255e-06
baseline,819,1.0615904346613934e-05,9.851676529326003e-06
baseline,820,4.055352622895334e-06,7.348230653554001e-06
baseline,821,1.6131936723239918e-05,1.015954979528317e-05
baseline,822,5.1378453197619205e-06,6.776133101572509e-06
baseline,823,1.4214828846686851e-05,7.557446398119116e-06
baseline,824,6.311731525120291e-06,6.4566603676028175e-06
baseline,825,3.5590061437884243e-06,6.61442901378312e-06
baseline,826,1.430720361179258e-05,9.973343690182814e-06
baseline,827,-3.924099328081849e-06,6.333361329622074e-06
baseline,828,2.8207506513595536e-06,7.409248103548045e-06
baseline,829,2.4608030970523203e-05,1.18344119398371e-05
baseline,830,1.781700145205717e-05,9.459634911750138e-06
baseline,831,2.1460130236249436e-05,1.2549112469806165e-05
baseline,832,1.1852473217970353e-05,7.717946781991464e-06
baseline,833,7.916765474103881e-06,5.225885140847364e-06
baseline,834,-3.4384861072777953e-07,1.1246999614609986e-05
baseline,835,-6.878873148358768e-07,8.907815420316921e-06
baseline,836,6.823844367492272e-07,6.122183899714827e-06
baseline,837,1.2206278100521278e-05,6.8184514626269835e-06
baseline,838,6.754745272897682e-06,1.2528657335769732e-05
baseline,839,3.2667110778741455e-06,1.1922867349006492e-05
baseline,840,-2.052465693840151e-06,8.345439017661565e-06
baseline,841,6.138368830535857e-06,8.594831179528761e-06
baseline,842,1.8092738427383402e-06,9.518112051299248e-06
baseline,843,6.968557875496726e-06,5.583916336146415e-06
baseline,844,7.552256785658336e-06,7.925501528380825e-06
baseline,845,-1.239152310051439e-06,5.7190004340860885e-06
baseline,846,-9.449992022459613e-07,9.435437830153831e-06
baseline,847,3.266287504821427e-06,4.492705550625397e-06
baseline,848,1.2452531733401176e-05,9.382568074084054e-06
baseline,849,1.0901704488728306e-05,7.61150609452963e-06
baseline,850,3.5154695266591854e-06,5.687776129673278e-06
baseline,851,7.507787136498668e-06,1.0462247498456614e-05
baseline,852,9.420474680130639e-06,1.027799361268381e-05
baseline,853,1.3897225977498835e-05,8.505312362365803e-06
baseline,854,-5.907299989963411e-06,8.568615154399663e-06
baseline,855,1.1409538303700231e-05,1.0592937452993287e-05
baseline,856,1.0961387448817913e-05,6.544980646651144e-06
baseline,857,5.004411269147276e-06,6.827149480248953e-06
baseline,858,1.8325909818453424e-05,8.671395708729526e-06
baseline,859,1.4645478973426117e-05,9.197949310614325e-06
baseline,860,1.5951466359444186e-05,5.992416592488416e-06
baseline,861,1.3780601164971646e-05,8.749739299978568e-06
baseline,862,5.989954391016962e-06,5.578101140675257e-06
baseline,863,1.4752019131946999e-05,1.7252117677462952e-05
baseline,864,9.650864464622286e-06,7.178995108094645e-06
baseline,865,3.157782676551339e-07,8.278080215211383e-06
baseline,866,1.4169306403294358e-05,7.352698796740089e-06
baseline,867,2.1563514247408308e-05,6.111368183159082e-06
baseline,868,1.0597486836027475e-05,6.313378370972274e-06
baseline,869,2.7191837190831076e-06,7.110111360376991e-06
baseline,870,6.327660680007436e-06,7.545977070708621e-06
baseline,871,5.728675965832435e-06,5.667992589415183e-06
baseline,872,-5.979834387965039e-06,7.450667182233302e-06
baseline,873,1.2167796683438943e-05,9.242952675081095e-06
baseline,874,1.282671261428991e-05,1.1621258429200051e-05
baseline,875,1.7996972359955925e-05,8.701537380884568e-06
baseline,876,6.310684407785842e-06,8.04062526762947e-06
baseline,877,-8.10097988323669e-06,5.316329018380127e-06
baseline,878,1.4974799960648904e-05,1.1521089639629458e-05
baseline,879,4.466204796447285e-06,7.288011687461243e-06
baseline,880,-3.902541758796654e-07,4.582823503578234e-06
baseline,881,5.069776936229931e-06,6.294519730693099e-06
baseline,882,1.5390963874462413e-05,1.1033047290417028e-05
baseline,883,3.066127224119971e-06,8.24451472574589e-06
baseline,884,1.8438620666985982e-05,1.2990658224824083e-05
baseline,885,8.266098856784505e-06,4.696221659211399e-06
baseline,886,9.220202933455403e-06,1.3093921926410579e-05
baseline,887,1.2587320414036405e-05,1.0189912771453573e-05
baseline,888,1.8970351132781495e-06,5.492853073059002e-06
baseline,889,1.890525961751369e-05,4.223868361169699e-06
baseline,890,1.1483988636884432e-05,9.456098214619021e-06
baseline,891,-6.587975680780715e-07,8.02813530833568e-06
baseline,892,8.961636191332021e-06,8.89001046841498e-06
baseline,893,2.494140121991129e-05,5.2928971057170885e-06
baseline,894,6.834815040172056e-06,5.220121528461993e-06
baseline,895,-9.638559232301523e-07,8.298747854833347e-06
baseline,896,-1.928746291850351e-06,9.198957411862393e-06
baseline,897,2.9452417398651695e-05,1.0758682379531992e-05
baseline,898,1.6559988459175268e-05,8.65399463888295e-06
baseline,899,1.3618224793769137e-06,6.2406116896720295e-06
baseline,900,1.2066917171255625e-05,1.2696430588342984e-05
baseline,901,-2.821340911455921e-06,7.622101481060523e-06
baseline,902,1.0884919993995959e-05,6.83220870898439e-06
baseline,903,8.527125007013011e-06,7.06427672602845e-06
baseline,904,1.6383517158909777e-05,1.005108221223976e-05
baseline,905,2.303457500997099e-06,7.0944575313327135e-06
baseline,906,1.54876559119761e-05,7.974901075632814e-06
baseline,907,1.7074953267342084e-05,9.87398009844818e-06
baseline,908,2.2082990870097673e-05,6.6316364041464e-06
baseline,909,-3.1438114733234208e-06,7.193880463981704e-06
baseline,910,1.073498620763715e-05,1.1180926061979618e-05
baseline,911,1.4495505747052282e-05,8.667622444829954e-06
baseline,912,1.4178720891047066e-05,1.3222838661444736e-05
baseline,913,1.4294562188410263e-05,8.184628949882128e-06
baseline,914,1.3965461539817706e-05,1.3989214412135906e-05
baseline,915,1.307383244408933e-05,8.258757699967294e-06
baseline,916,2.860582099991794e-05,9.20086665112929e-06
baseline,917,2.371790283365199e-05,8.180962302190616e-06
baseline,918,-1.2991808066652381e-06,6.615728205674477e-06
baseline,919,1.8980458244564013e-05,6.2910634423100885e-06
baseline,920,7.42512715997665e-06,6.83250336328421e-06
baseline,921,1.8745113337726155e-06,4.89492261161683e-06
baseline,922,1.9301796497377694e-05,5.656432551969181e-06
baseline,923,1.216955096784169e-05,1.2054689449092772e-05
baseline,924,4.710800462807833e-06,5.363752979862112e-06
baseline,925,2.2199698557090284e-05,1.279261694818154e-05
baseline,926,1.0476420298272276e-05,5.57056102662049e-06
baseline,927,4.220464001036598e-06,7.921049886198362e-06
baseline,928,6.032018559663219e-06,8.730027337953283e-06
baseline,929,2.192332588814423e-05,7.86554222890545e-06
baseline,930,1.5561425715212508e-05,7.947210802741017e-06
baseline,931,4.8350219237661696e-06,7.63637943578742e-06
baseline,932,6.016632856871e-06,1.0993585114995588e-05
baseline,933,1.5696096695581371e-06,5.446250659481901e-06
baseline,934,2.5155925177477644e-05,7.950153983944727e-06
baseline,935,1.767900210691938e-05,8.590122300842845e-06
baseline,936,1.010736515192269e-05,9.601344540788645e-06
baseline,937,6.501586905816333e-06,7.16606163772812e-06
baseline,938,6.465673110502586e-06,7.297490498028039e-06
baseline,939,3.4482430455441035e-06,9.39031651139005e-06
baseline,940,4.322250904250561e-06,7.552446493927718e-06
baseline,941,2.2726804984645633e-06,4.656032405783494e-06
baseline,942,8.745583462294763e-06,1.028817072543932e-05
baseline,943,9.555975233959842e-06,1.4710332902703554e-05
baseline,944,3.5872960598522224e-06,6.773966728288438e-06
baseline,945,3.18454267365471e-05,8.036870207123658e-06
baseline,946,2.4467424493594676e-07,9.292259658473591e-06
baseline,947,2.855244199895013e-06,8.323828757715511e-06
baseline,948,7.4856324465484734e-06,1.1849074274294612e-05
baseline,949,6.856551039373082e-06,7.5363904567293475e-06
baseline,950,1.7968144125945246e-05,6.472312733708728e-06
baseline,951,-6.011996636734399e-06,1.045357419574144e-05
baseline,952,9.830226200757738e-06,6.677643189400722e-06
baseline,953,1.800635392023159e-05,1.3133432586705375e-05
baseline,954,-2.568087353448168e-06,6.872487806873357e-06
baseline,955,3.6335491264756278e-06,8.822122791083626e-06
baseline,956,8.831044306608022e-06,5.699561486955999e-06
baseline,957,4.493525962195674e-06,7.74917269810013e-06
baseline,958,1.1712138466111395e-05,1.0223968230053466e-05
baseline,959,1.1372527301694488e-05,7.1203494103149105e-06
baseline,960,9.623894880665906e-06,8.438356134363613e-06
baseline,961,5.251452203526381e-06,1.0924202629739225e-05
baseline,962,1.3666723980233742e-05,6.087012363865648e-06
baseline,963,-1.6334363522674194e-06,7.9231777873479e-06
baseline,964,2.357803776194579e-05,1.1292754261607587e-05
baseline,965,4.745400618847176e-06,7.699854203912992e-06
baseline,966,1.2072154384467066e-05,1.3311444050169829e-05
baseline,967,1.7374694463595198e-05,7.997879798026133e-06
baseline,968,1.4944108182137922e-05,7.363680113075558e-06
baseline,969,1.0587357795268306e-06,1.1808564379471344e-05
baseline,970,4.793895684424754e-06,1.0623687197004403e-05
baseline,971,1.3635682667647828e-05,7.91392615033032e-06
baseline,972,9.69103457462438e-06,6.453111037501184e-06
baseline,973,7.609763296240338e-06,9.858113040924148e-06
baseline,974,-1.8020561880968514e-06,9.55574011156143e-06
baseline,975,-3.3108175193389032e-06,9.91426684888266e-06
baseline,976,1.1763348511542304e-05,6.451062400167026e-06
baseline,977,4.1498362245636375e-06,8.246447605155262e-06
baseline,978,7.259853742612307e-06,8.57686038680398e-06
baseline,979,1.547968145095218e-05,7.8523385103251e-06
baseline,980,7.604794851397022e-06,8.770943778456796e-06
baseline,981,1.2780618831668002e-05,5.404301471909905e-06
baseline,982,8.627425603973004e-06,7.413053557689916e-06
baseline,983,4.752422745049964e-06,8.451446430295308e-06
baseline,984,9.89046025937656e-06,8.624161657482233e-06
baseline,985,1.1454460766584617e-05,5.342764082126494e-06
baseline,986,2.087840568311961e-05,8.711793673544546e-06
baseline,987,1.862807562871163e-05,4.807086129518458e-06
baseline,988,3.1302019732263987e-06,6.357308981284987e-06
baseline,989,7.3474606287128115e-06,1.0461190685823324e-05
baseline,990,-3.992010960744402e-06,8.391222266435534e-06
baseline,991,1.3593576543064047e-05,6.746633291915422e-06
baseline,992,2.3027413773691195e-05,7.603215803170285e-06
baseline,993,5.523694605710019e-06,8.090929970948702e-06
baseline,994,1.6335767184417125e-05,1.4181779505051192e-05
baseline,995,1.309544022450594e-05,7.840503874404077e-06
baseline,996,1.8680062789106434e-05,8.852636829565684e-06
baseline,997,1.4274563311195022e-05,6.780360338719442e-06
baseline,998,1.2601998913447103e-05,7.950533046354283e-06
baseline,999,6.662392433995344e-06,5.463821061451798e-06
high_yield,0,2.4352511047543713e-05,4.818264973551815e-05
high_yield,1,1.3473815426230486e-05,2.7499499089698008e-05
high_yield,2,-1.513297913594836e-05,5.433644263324297e-05
high_yield,3,2.6137092009020713e-05,2.1909365279222837e-05
high_yield,4,2.762862425839214e-05,3.167679088383462e-05
high_yield,5,4.255253777411688e-05,2.342828302446181e-05
high_yield,6,8.78355522344653e-05,4.740396783450282e-05
high_yield,7,2.549521406298749e-06,4.044500071932021e-05
high_yield,8,6.8122567398894e-05,2.8679468404400188e-05
high_yield,9,3.658062434258848e-05,3.067905007478547e-05
high_yield,10,2.3678995830262218e-05,3.4433296448356105e-05
high_yield,11,7.19183127042189e-05,3.091708540779344e-05
high_yield,12,2.2611712049979306e-05,2.397973082341896e-05
high_yield,13,7.417884685372199e-05,6.036338773218001e-05
high_yield,14,2.8366797864153725e-05,3.381026594146132e-05
high_yield,15,6.53543350534425e-05,3.5111368705632916e-05
high_yield,16,6.633322429678204e-05,3.56254005176728e-05
high_yield,17,2.9082774569100713e-05,3.5163378070857826e-05
high_yield,18,6.844448829738015e-05,2.8867191917481713e-05
high_yield,19,4.179760361071049e-05,4.6300044387671456e-05
high_yield,20,5.135855567201627e-05,5.8278765969651794e-05
high_yield,21,2.7017008989145978e-05,4.3058104704070846e-05
high_yield,22,5.998730104589689e-05,2.3101961376066914e-05
high_yield,23,1.8983821685864644e-06,2.2993933829050994e-05
high_yield,24,3.252097154097629e-05,2.9843248495877408e-05
high_yield,25,3.857924921974042e-05,5.385916335739657e-05
high_yield,26,5.639071325770128e-05,2.687713387904279e-05
high_yield,27,3.948678034035645e-05,3.6944205962523536e-05
high_yield,28,1.7912518346078076e-06,2.7031987165932093e-05
high_yield,29,4.316388619056626e-05,2.8813965299374183e-05
high_yield,30,1.6136804547608856e-05,2.4848755257952543e-05
high_yield,31,1.7557257040266308e-06,4.873778839521178e-05
high_yield,32,1.2070079982281548e-05,2.303641066746135e-05
high_yield,33,3.759048066101836e-05,2.587889719815e-05
high_yield,34,5.986444150134826e-05,4.3532888286257114e-05
high_yield,35,0.00018911414058120102,0.00019118992478394216
high_yield,36,4.164738914986336e-06,3.7424213390900706e-05
high_yield,37,1.814466958978025e-05,2.624203288318151e-05
high_yield,38,2.0785962160708618e-05,5.016838651301397e-05
high_yield,39,4.6084976935791644e-05,3.517213854178612e-05
high_yield,40,2.343369302318248e-06,1.710779469363489e-05
high_yield,41,5.049632233529319e-05,3.8846376909008914e-05
high_yield,42,-3.101707386946537e-06,2.856635547231122e-05
high_yield,43,-1.3084884464030399e-05,2.3079894477425932e-05
high_yield,44,7.369428894034543e-05,3.643527240670792e-05
high_yield,45,-3.1591592278237715e-05,1.5368815354859112e-05
high_yield,46,2.9478010647302174e-05,2.871018639656592e-05
high_yield,47,4.504249795885282e-05,2.623171769510172e-05
high_yield,48,1.669516503136328e-05,2.895502537116779e-05
high_yield,49,7.622935095397777e-05,2.8829315110392475e-05
high_yield,50,3.0115094898064368e-05,2.3158344129912525e-05
high_yield,51,3.1586506082642555e-05,3.009796852007076e-05
high_yield,52,-3.523092853603675e-06,3.9726851615380156e-05
high_yield,53,9.468273722038474e-05,3.955240346874511e-05
high_yield,54,3.535405799351548e-05,3.6642462646844906e-05
high_yield,55,4.7417203420143086e-05,2.633607828413368e-05
high_yield,56,6.121262320856191e-05,4.589361025253993e-05
high_yield,57,5.159593032131681e-05,2.21719543927766e-05
high_yield,58,2.3436166221978196e-05,1.5958356032389265e-05
high_yield,59,4.81196515760007e-07,2.5534325248857682e-05
high_yield,60,5.0778414603695127e-05,3.393910204417086e-05
high_yield,61,2.542375297085755e-05,4.521810219658132e-05
high_yield,62,4.905048796243297e-05,4.2262756144013136e-05
high_yield,63,3.929807490871155e-05,2.2226187729464468e-05
high_yield,64,6.882586336880961e-05,5.86450570677737e-05
high_yield,65,4.4241467127898624e-05,4.305045632577832e-05
high_yield,66,-6.164079605398879e-06,4.053835085348814e-05
high_yield,67,6.697162992866322e-05,3.407384471997193e-05
high_yield,68,4.3585062423782306e-05,2.8907524259715802e-05
high_yield,69,9.31607812130206e-06,2.957789669409172e-05
high_yield,70,4.312008185420298e-05,5.069119868471015e-05
high_yield,71,-2.981634279401465e-05,2.523762272497557e-05
high_yield,72,5.8095793698222514e-05,3.677703400593384e-05
high_yield,73,2.3499274778711655e-06,4.088995502283831e-05
high_yield,74,8.586661599290911e-06,2.313101166492137e-05
high_yield,75,3.230897623976653e-05,5.907087741799657e-05
high_yield,76,4.24981139226873e-05,2.2152679037294435e-05
high_yield,77,8.521350483227022e-05,3.497816865499254e-05
high_yield,78,3.74270291392617e-05,3.815982283378924e-05
high_yield,79,1.97250629359762e-06,3.4643204030258536e-05
high_yield,80,4.642982786911938e-05,4.5152669329791215e-05
high_yield,81,3.610401302541021e-05,3.3240040410077926e-05
high_yield,82,5.802407736203669e-05,5.251321050848767e-05
high_yield,83,4.7064000452219366e-05,2.408445709688662e-05
high_yield,84,2.7266264572632167e-05,3.078295492314142e-05
high_yield,85,8.429415171476855e-06,3.314646139408967e-05
high_yield,86,9.330430289670467e-05,4.195773895079626e-05
high_yield,87,2.2671175523591342e-05,1.9637954875481428e-05
high_yield,88,8.567648173615126e-07,2.720560705745592e-05
high_yield,89,7.23226836616332e-05,3.809971605615554e-05
high_yield,90,3.2572096479938485e-05,3.3777312931901067e-05
high_yield,91,2.648423895660197e-05,2.204434058385501e-05
high_yield,92,-8.060870037387832e-07,2.2345544054179004e-05
high_yield,93,7.687194358064839e-05,3.0785359163911656e-05
high_yield,94,1.497339646579937e-05,3.5820688826511725e-05
high_yield,95,1.753919839695772e-05,2.5390720108054592e-05
high_yield,96,6.422998874817396e-05,3.138421141099786e-05
high_yield,97,2.1707971318425255e-05,3.213421121320973e-05
high_yield,98,4.525515169487773e-05,2.775418131193119e-05
high_yield,99,7.647308580541927e-05,2.855919541178105e-05
high_yield,100,2.8717274656251867e-05,3.725557646138046e-05
high_yield,101,2.5215569201771615e-05,2.454479036804246e-05
high_yield,102,3.7582507786408465e-07,3.776670307275178e-05
high_yield,103,2.758889944777454e-05,2.0283897105362363e-05
high_yield,104,2.417391227788519e-05,2.75883373767772e-05
high_yield,105,3.544085023901038e-05,4.661699502848113e-05
high_yield,106,9.517430370532705e-05,4.386751519868255e-05
high_yield,107,-3.1303212348038684e-05,3.220693506068139e-05
high_yield,108,5.7910738536996864e-05,3.377131155879756e-05
high_yield,109,6.103624092291698e-05,4.1914832274319055e-05
high_yield,110,7.421360875255774e-08,2.6036761632508055e-05
high_yield,111,3.3955484344278e-05,2.7134984989092238e-05
high_yield,112,3.9305549081477636e-05,4.325056513624952e-05
high_yield,113,1.5029052171435225e-05,2.208522816767536e-05
high_yield,114,5.7612321833270825e-05,3.797124121746214e-05
high_yield,115,3.45945448787432e-05,3.0370629413734547e-05
high_yield,116,7.009452135003138e-05,4.163396467884748e-05
high_yield,117,3.337166525344786e-05,2.9298905952981917e-05
high_yield,118,1.616219282584401e-05,3.709702644420169e-05
high_yield,119,4.925644277100194e-05,3.658465361918855e-05
high_yield,120,4.0403564448736536e-05,3.0482084462419535e-05
high_yield,121,3.3530286929061835e-05,2.417402517376573e-05
high_yield,122,1.0654766771031548e-05,2.5593956385653093e-05
high_yield,123,-2.9962434408506253e-05,2.457148701302358e-05
high_yield,124,6.476177968180337e-05,4.2829444687315175e-05
high_yield,125,0.00010280884462822254,7.398842645865302e-05
high_yield,126,6.130550112365838e-05,4.980885021381291e-05
high_yield,127,5.533178253172561e-05,4.447585475954937e-05
high_yield,128,2.286682955617189e-05,3.714472220967389e-05
high_yield,129,4.9004355250642285e-05,3.456507291297093e-05
high_yield,130,-1.4545384111562399e-05,2.5491327094077515e-05
high_yield,131,4.431894377327576e-05,3.5423255231827226e-05
high_yield,132,6.411649292328838e-05,2.3617591756827243e-05
high_yield,133,8.426879257000721e-06,1.9867593355288624e-05
high_yield,134,2.977122515937509e-05,2.7814905451792596e-05
high_yield,135,6.390346440558102e-05,1.9167308580053177e-05
high_yield,136,2.415142068574908e-05,2.5021266532803477e-05
high_yield,137,3.864838056328481e-05,3.151733313352265e-05
high_yield,138,2.9967794648411383e-05,4.421196511516241e-05
high_yield,139,-1.3004950431612074e-05,3.043871644038604e-05
high_yield,140,7.344888055007936e-06,3.026365135775082e-05
high_yield,141,1.6351053149636398e-05,2.411757911858116e-05
high_yield,142,3.9120446979028366e-05,1.7006354591332025e-05
high_yield,143,6.018377462866776e-05,5.505970065920668e-05
high_yield,144,3.4512147551522207e-05,3.933225738319425e-05
high_yield,145,1.258847654075033e-05,3.1324735887121334e-05
high_yield,146,7.020732439594141e-05,2.688107243328617e-05
high_yield,147,-1.4666339285994394e-05,2.915159496829655e-05
high_yield,148,7.668803990166239e-05,3.1694443936513207e-05
high_yield,149,4.8370274237691684e-05,2.520671799125477e-05
high_yield,150,2.249604081325284e-05,3.063474724403214e-05
high_yield,151,-3.76777229867811e-06,2.7669932628055105e-05
high_yield,152,1.2650845174407098e-05,2.4779717643226628e-05
high_yield,153,6.518828984284838e-05,3.1216115261186995e-05
high_yield,154,-2.3536820189098787e-05,2.1315931231337974e-05
high_yield,155,1.1753576709145709e-06,2.215671697907979e-05
high_yield,156,1.581269785817762e-05,2.334677481568608e-05
high_yield,157,4.246292052582901e-07,2.8600996368652627e-05
high_yield,158,6.295129540612107e-05,5.239595408233194e-05
high_yield,159,4.946773451153824e-05,2.6461631351216468e-05
high_yield,160,5.700975072575426e-05,5.502793718400163e-05
high_yield,161,3.078436529349463e-05,2.28322566255628e-05
high_yield,162,5.505094064862979e-05,3.0151515090359295e-05
high_yield,163,5.9390172398437064e-05,3.983858683538006e-05
high_yield,164,6.095974531461995e-05,3.5694311662939326e-05
high_yield,165,9.2864774768719e-05,4.2852113596256854e-05
high_yield,166,1.575108856402595e-05,3.152670110754592e-05
high_yield,167,5.1693414511698465e-05,2.78095628715583e-05
high_yield,168,5.867428148146223e-05,2.3039211392632322e-05
high_yield,169,0.0001043696035486009,5.587282007363214e-05
high_yield,170,4.42493610678556e-05,3.759708372032575e-05
high_yield,171,3.378416960867958e-05,2.4806840522329346e-05
high_yield,172,7.524003485647371e-05,3.6229221819921e-05
high_yield,173,2.039968870043031e-05,3.640312873158759e-05
high_yield,174,3.8027183688309186e-05,2.0826833635998523e-05
high_yield,175,2.0130900253676058e-05,1.8530310623451508e-05
high_yield,176,3.5537196729474164e-05,2.650194335152385e-05
high_yield,177,1.839755500193679e-05,2.9341418566712143e-05
high_yield,178,1.6009290116296816e-05,2.364625904879439e-05
high_yield,179,1.6122204118143428e-05,2.8042531302490562e-05
high_yield,180,2.160706798036015e-05,4.003085490854368e-05
high_yield,181,2.6173223887153467e-05,2.4980572555772313e-05
high_yield,182,1.8293092465035048e-05,2.7590027309910066e-05
high_yield,183,4.96721471294219e-05,2.7841094708452733e-05
high_yield,184,5.3655133903245265e-06,2.8223862807259118e-05
high_yield,185,7.4645515553850275e-06,2.5778520339100894e-05
high_yield,186,2.894594398175595e-05,2.8698211601270762e-05
high_yield,187,2.819709240292004e-05,2.52745754966922e-05
high_yield,188,1.067988750994776e-05,3.098174769777869e-05
high_yield,189,4.017979567134484e-05,4.461679530936379e-05
high_yield,190,1.4174981095857321e-05,3.2393076995913185e-05
high_yield,191,2.1897031966548607e-05,1.9589391684124017e-05
high_yield,192,3.0079357425324024e-06,1.7074023809621744e-05
high_yield,193,-1.1195680616044366e-05,3.543971647035873e-05
high_yield,194,4.8574531441310554e-05,2.4933502000846267e-05
high_yield,195,3.487610452017592e-05,4.542714581626191e-05
high_yield,196,8.644891344472857e-05,4.581643902109204e-05
high_yield,197,0.00012520211392944792,3.942281598129081e-05
high_yield,198,2.209617166191178e-05,2.4263484056100116e-05
high_yield,199,1.8346944865200834e-05,2.8408668113458464e-05
high_yield,200,2.6995975221097014e-05,3.214441586051024e-05
high_yield,201,5.541898674509578e-06,2.7179962436533313e-05
high_yield,202,4.681685904943314e-06,2.3180217677476293e-05
high_yield,203,6.025965667122456e-05,2.3598609301123543e-05
high_yield,204,1.5819809227012e-05,2.8938488266851944e-05
high_yield,205,4.922294242523242e-05,4.0606648209117225e-05
high_yield,206,1.6029097883736224e-05,2.4526564582498562e-05
high_yield,207,5.6189549683907726e-05,2.8405465273969095e-05
high_yield,208,5.225152952366577e-05,3.907727002805796e-05
high_yield,209,4.7139160429474625e-06,3.8242150869973426e-05
high_yield,210,4.9257229903718614e-05,3.145324786499331e-05
high_yield,211,1.4388164735391584e-05,4.1184897921990956e-05
high_yield,212,5.590144947062014e-05,4.8932886649277136e-05
high_yield,213,-1.4689473355665032e-05,2.5980603687649083e-05
high_yield,214,-8.679648021397787e-06,2.3669884790144766e-05
high_yield,215,3.3023308304492076e-05,4.520959560464952e-05
high_yield,216,7.822696803659202e-06,2.24783165750148e-05
high_yield,217,2.1140867897732053e-05,1.7197044731325355e-05
high_yield,218,4.411804278626718e-05,3.082705543746676e-05
high_yield,219,5.42516438789317e-05,3.08725952163487e-05
high_yield,220,1.335969225490345e-05,2.1239331523268084e-05
high_yield,221,3.7897692413940196e-07,2.756914411174399e-05
high_yield,222,3.16349987035391e-05,2.7742425674603943e-05
high_yield,223,-2.4606538159717545e-05,2.974604734409547e-05
high_yield,224,1.460385880897475e-05,2.1626951455843118e-05
high_yield,225,5.8561215493966276e-05,6.461048544974624e-05
high_yield,226,-4.012936894940035e-06,2.7075403804929924e-05
high_yield,227,5.844753706577482e-05,2.6691276670966877e-05
high_yield,228,3.114400218630981e-05,2.8849972753420438e-05
high_yield,229,2.99369180681319e-05,2.5704511062168293e-05
high_yield,230,5.1921540521109255e-05,4.2652716812301286e-05
high_yield,231,2.2057140511403716e-05,2.1783921126932445e-05
high_yield,232,1.8286961168667512e-05,4.007948909894347e-05
high_yield,233,1.728862876457535e-05,2.065008560435035e-05
high_yield,234,1.002140910441902e-05,2.051092975087633e-05
high_yield,235,-1.2365932421932296e-05,1.6294095776481317e-05
high_yield,236,7.687320359341357e-05,1.9557799864969332e-05
high_yield,237,5.422518190612329e-05,3.6774293359179726e-05
high_yield,238,2.715078193379884e-05,3.456543221208468e-05
high_yield,239,3.51503532285673e-05,1.957237974189168e-05
high_yield,240,4.596189541722966e-05,2.804257669703833e-05
high_yield,241,4.155155124621181e-05,2.2735236129598755e-05
high_yield,242,2.938581349091535e-05,3.3886640615989896e-05
high_yield,243,4.9479455041904465e-05,3.0016738918285587e-05
high_yield,244,-2.3201530400758325e-05,3.535788303787085e-05
high_yield,245,6.352317840591109e-05,2.736948313915599e-05
high_yield,246,7.850082024876736e-05,4.017646524138824e-05
high_yield,247,4.140818738212822e-05,2.8244271180841772e-05
high_yield,248,5.627512983211398e-05,3.7071237141699525e-05
high_yield,249,9.697230661329247e-05,7.259845873565206e-05
high_yield,250,3.266071101923254e-05,2.3903480234570255e-05
high_yield,251,4.206428904592105e-05,2.397505446262837e-05
high_yield,252,2.4680326385739888e-05,3.358703822411705e-05
high_yield,253,4.357234147924398e-05,2.4300753281212276e-05
high_yield,254,2.0171156961027147e-05,2.553904077091496e-05
high_yield,255,3.2380754559618454e-05,2.5551503090505215e-05
high_yield,256,5.0266369976416815e-05,2.7214886660112753e-05
high_yield,257,3.558748482531484e-05,3.0288925608566507e-05
high_yield,258,1.8092358849256187e-05,1.9338877903502136e-05
high_yield,259,3.017442266971568e-05,2.7045440654094522e-05
high_yield,260,3.194311318557441e-05,3.7333018603193425e-05
high_yield,261,5.558634794712598e-05,3.28972536928418e-05
high_yield,262,1.3047116241143612e-05,3.0200330371418877e-05
high_yield,263,3.6830563788374e-05,2.6933472023867233e-05
high_yield,264,7.158342065079739e-06,1.787896494422567e-05
high_yield,265,9.397416288194161e-06,1.7574845371757346e-05
high_yield,266,-1.7431656146278796e-05,4.135736259171587e-05
high_yield,267,5.636633117240758e-05,2.9320832909443964e-05
high_yield,268,2.2178616100238152e-05,2.588504628904339e-05
high_yield,269,2.863754833575332e-05,3.270038538693559e-05
high_yield,270,4.630476262613786e-05,6.0968643598248544e-05
high_yield,271,1.9364095842616165e-05,3.0286336894864237e-05
high_yield,272,1.1089848785997433e-05,2.3236598907441285e-05
high_yield,273,4.805996934548415e-05,3.4426393031853427e-05
high_yield,274,0.0001274141477891824,6.993048309357414e-05
high_yield,275,9.46488705783031e-05,8.815787377467004e-05
high_yield,276,6.917702147012451e-05,4.2047917274804526e-05
high_yield,277,5.949053844298511e-05,3.5249427194612686e-05
high_yield,278,5.670045431557174e-06,2.9171886431255268e-05
high_yield,279,2.797708715478146e-05,4.29249991073896e-05
high_yield,280,-1.6161561931702338e-06,2.7425238028210707e-05
high_yield,281,8.037889304099059e-05,3.576405247594934e-05
high_yield,282,6.244976007511058e-05,2.9526485616111662e-05
high_yield,283,-4.97497131797753e-06,2.4198695505015015e-05
high_yield,284,1.878255998549721e-05,2.8675217927723944e-05
high_yield,285,7.872465860738528e-05,4.481452971952096e-05
high_yield,286,2.6330687625349188e-05,2.967728506903668e-05
high_yield,287,2.172750396090379e-05,2.7020207184625076e-05
high_yield,288,4.792242414327625e-05,2.411038807366641e-05
high_yield,289,2.8927417723853628e-05,3.7248710611573436e-05
high_yield,290,8.734472717308354e-05,2.6902360239783317e-05
high_yield,291,0.00010292829661606876,5.4456141128812746e-05
high_yield,292,7.192531368163636e-05,4.568083710154666e-05
high_yield,293,2.621084385655902e-05,3.12409007766577e-05
high_yield,294,3.845407436398901e-05,3.109686949017783e-05
high_yield,295,7.272406107127121e-06,2.0854468860550327e-05
high_yield,296,3.2547822971123693e-06,3.270584746963713e-05
high_yield,297,4.054870711216359e-05,3.674278108139748e-05
high_yield,298,4.020039851897468e-05,4.7489937505685455e-05
high_yield,299,-3.4949268408834953e-06,2.359059400384649e-05
high_yield,300,2.458583736481661e-05,3.073060772912769e-05
high_yield,301,5.5663263098614105e-06,3.55383536213294e-05
high_yield,302,5.026135220854846e-05,2.2208625581221616e-05
high_yield,303,7.901955115375128e-05,5.5557103771522784e-05
high_yield,304,2.2046674992871213e-05,2.769263057486772e-05
high_yield,305,2.9805541478341914e-05,3.1179816417927574e-05
high_yield,306,3.26990244612687e-05,3.6302615487916146e-05
high_yield,307,2.8397747123696215e-05,3.8589582291324566e-05
high_yield,308,1.564275645052075e-05,3.257653746590189e-05
high_yield,309,6.79821647579991e-05,3.068173592207283e-05
high_yield,310,3.454805031234607e-05,5.928024654733898e-05
high_yield,311,6.155582393824367e-05,1.9891857767647557e-05
high_yield,312,5.320196882151524e-05,2.877010239816108e-05
high_yield,313,3.533939414581636e-05,1.7103370973852137e-05
high_yield,314,9.672970688369279e-05,9.974836249594818e-05
high_yield,315,-1.22967159829042e-05,2.4451841576734367e-05
high_yield,316,7.667292230143711e-05,4.1314886220930934e-05
high_yield,317,4.811840224985376e-05,2.6080166191658103e-05
high_yield,318,5.114713432144557e-05,3.695421273249381e-05
high_yield,319,3.552249076436794e-05,2.544442712595274e-05
high_yield,320,5.6107966218596346e-05,2.2289312175563736e-05
high_yield,321,2.6396214613326892e-05,3.360182166251348e-05
high_yield,322,6.086928693477778e-05,0.0001059947590050504
high_yield,323,6.273267220079562e-05,2.8865739498898923e-05
high_yield,324,-8.84867580080938e-06,3.768547195507223e-05
high_yield,325,1.4877657942063592e-05,2.254628177354466e-05
high_yield,326,9.42456326257385e-05,5.626834910632579e-05
high_yield,327,6.151424447474598e-05,3.1467508106878866e-05
high_yield,328,9.225540551182814e-06,1.7160050579714738e-05
high_yield,329,3.119477266978363e-05,2.867778524626115e-05
high_yield,330,4.675716572375821e-05,3.5236454565267595e-05
high_yield,331,3.729706021151825e-05,2.236347655901467e-05
high_yield,332,7.409723311342553e-05,4.2305372258585064e-05
high_yield,333,8.764938746470102e-05,4.926008484193267e-05
high_yield,334,2.8079735068187803e-05,5.7827474292935886e-05
high_yield,335,6.7144841563435e-05,4.1313426461416144e-05
high_yield,336,3.088610713058257e-05,1.9920106962581335e-05
high_yield,337,5.434127042127176e-05,2.9060688496587175e-05
high_yield,338,6.888079873888766e-05,3.41740508885412e-05
high_yield,339,2.3610720016414644e-05,4.4325814351283625e-05
high_yield,340,5.317358302539405e-05,3.3400007529248437e-05
high_yield,341,3.986149452446216e-05,1.9789517067028435e-05
high_yield,342,4.553309917973965e-05,3.803513297541823e-05
high_yield,343,3.197734756113929e-05,4.58479993346506e-05
high_yield,344,2.8186046263167882e-05,4.6084422928598834e-05
high_yield,345,1.3708098361342557e-07,2.7634206437558186e-05
high_yield,346,1.2876123819861944e-05,2.5926433216198146e-05
high_yield,347,4.357133604474073e-06,2.3688588449757747e-05
high_yield,348,6.8705102015365045e-06,3.031354558781563e-05
high_yield,349,5.809430505201705e-05,4.155668457912054e-05
high_yield,350,4.807597942933218e-05,4.228567403306733e-05
high_yield,351,3.9890648721660076e-06,3.2363758243622636e-05
high_yield,352,5.053121279740194e-05,3.641576424238775e-05
high_yield,353,5.1509194141938515e-06,2.7512769941706257e-05
high_yield,354,8.653007759764512e-06,3.0236208387349345e-05
high_yield,355,3.2573019882215187e-06,2.64362130356072e-05
high_yield,356,-2.723716701876613e-05,2.459046982285853e-05
high_yield,357,-1.7515409301375288e-05,3.293604473614122e-05
high_yield,358,4.008864990411368e-05,3.1345885252246655e-05
high_yield,359,1.1979293314340667e-05,3.619692907201484e-05
high_yield,360,1.778228145437141e-05,2.7511256135706938e-05
high_yield,361,4.004052744987402e-05,5.004352856669539e-05
high_yield,362,6.93798722010196e-06,3.0011824111411702e-05
high_yield,363,5.211562116851792e-05,4.728593367157375e-05
high_yield,364,3.7882841465063455e-05,2.9138376726607257e-05
high_yield,365,5.6754284234911756e-05,4.280573439256802e-05
high_yield,366,3.3606187029177345e-05,3.268674859572209e-05
high_yield,367,2.1741508550626056e-05,2.0994958597778456e-05
high_yield,368,3.271397126087985e-05,2.735762946359512e-05
high_yield,369,2.000388584232987e-06,2.985119971248131e-05
high_yield,370,-3.102282813069167e-06,3.294327038837958e-05
high_yield,371,4.114798576354266e-05,3.072981310373478e-05
high_yield,372,3.17236957148615e-05,5.0243064167834166e-05
high_yield,373,-9.468318909693236e-06,3.708302885039692e-05
high_yield,374,6.745812308786431e-05,3.4025335051751094e-05
high_yield,375,1.430741208120822e-05,4.301022532897808e-05
high_yield,376,1.7381551254678913e-05,3.916994820297376e-05
high_yield,377,3.286963050882167e-05,2.2939851104556825e-05
high_yield,378,1.9338308916062896e-05,2.468943870642197e-05
high_yield,379,3.200919511656789e-05,1.8765650633505278e-05
high_yield,380,6.975867763384344e-05,3.397515613983318e-05
high_yield,381,3.2062713218417606e-05,3.4882272346173326e-05
high_yield,382,3.2412367868397135e-05,4.354750484215916e-05
high_yield,383,2.081370509595987e-05,3.972971825827031e-05
high_yield,384,5.3412978462154395e-05,1.6839466948876168e-05
high_yield,385,7.382001490451094e-05,5.7782394987151476e-05
high_yield,386,7.92593163648945e-05,8.291117939232433e-05
high_yield,387,3.0087040261274835e-05,2.8478238637772206e-05
high_yield,388,-9.483892819878606e-06,2.772566597007604e-05
high_yield,389,6.562213437078047e-05,4.039692318753702e-05
high_yield,390,2.7183214289327172e-05,2.74821253221833e-05
high_yield,391,9.76301807706103e-05,3.494737515784765e-05
high_yield,392,3.38233348960814e-05,3.871183447126956e-05
high_yield,393,-3.3325748500215283e-06,3.108228792465407e-05
high_yield,394,4.2746106405300654e-05,2.7820639132425937e-05
high_yield,395,-3.9791692154905225e-06,3.584260373852149e-05
high_yield,396,2.0570925762733238e-05,3.7420606049332895e-05
high_yield,397,-6.442827312198573e-06,2.6747158518286066e-05
high_yield,398,3.485273440996779e-06,2.244005134507372e-05
high_yield,399,6.823367226044301e-05,3.055920382880484e-05
high_yield,400,7.008792011169599e-05,3.85102935365237e-05
high_yield,401,3.6621836804897416e-05,2.2286314547882864e-05
high_yield,402,9.46549219499194e-05,5.991662003160503e-05
high_yield,403,4.955439759973622e-05,6.127892448606339e-05
high_yield,404,1.8850189316645667e-05,3.0188423482412758e-05
high_yield,405,7.656010557694209e-05,3.95872174937887e-05
high_yield,406,5.8413799977861276e-05,2.548205593228478e-05
high_yield,407,6.0522471269379255e-05,3.6468167662343e-05
high_yield,408,2.327611454717687e-05,3.433823608618367e-05
high_yield,409,-2.370573606249048e-06,2.4054160552108247e-05
high_yield,410,5.408473367331968e-06,2.6355563663999452e-05
high_yield,411,3.37826496662517e-06,3.753168028912831e-05
high_yield,412,2.7122707939213882e-05,2.910704156792399e-05
high_yield,413,2.0938285439640886e-05,3.0155948599279417e-05
high_yield,414,7.180853769144581e-05,5.6950870642958114e-05
high_yield,415,-1.498765123190118e-05,2.263363546247697e-05
high_yield,416,2.3265227228679532e-05,4.898977001712305e-05
high_yield,417,3.55470511397863e-05,2.3734742669825123e-05
high_yield,418,1.2913503723517647e-05,2.8380512357636812e-05
high_yield,419,-5.100095779287521e-06,3.180250460707679e-05
high_yield,420,5.4780757081429693e-05,2.922865909256821e-05
high_yield,421,0.00012605290389787588,0.00010189043819424914
high_yield,422,1.9381132499464145e-05,2.3414920977092088e-05
high_yield,423,1.5634802209431844e-05,3.8868316589273644e-05
high_yield,424,-1.5213816543355802e-05,1.5099611727686912e-05
high_yield,425,8.96209012106518e-05,3.789520184469589e-05
high_yield,426,4.2785492887202946e-05,2.568375792900172e-05
high_yield,427,2.6831495481399624e-05,4.645958388052421e-05
high_yield,428,1.0479512572686416e-05,5.569895479707071e-05
high_yield,429,6.28409680056669e-05,3.785608525565916e-05
high_yield,430,3.899475392644911e-05,4.164062576385432e-05
high_yield,431,1.0551023779529862e-05,3.116814731052752e-05
high_yield,432,9.319803892128855e-05,4.455307140286093e-05
high_yield,433,5.24947797455379e-05,2.6655944841377725e-05
high_yield,434,3.7822528694044054e-05,3.416272774616928e-05
high_yield,435,4.654837173970023e-05,2.9839856906145874e-05
high_yield,436,-4.075417627864468e-06,3.441850661271149e-05
high_yield,437,0.00011024892458879847,4.316137140768403e-05
high_yield,438,0.00011172375865024382,3.897052717462446e-05
high_yield,439,3.22914342738781e-05,2.958488791419031e-05
high_yield,440,2.2330530418223257e-05,2.189774862330677e-05
high_yield,441,6.059666136445833e-05,6.311406396432934e-05
high_yield,442,3.072911906065804e-05,2.623427479878822e-05
high_yield,443,2.3192938483603422e-05,4.236995967518059e-05
high_yield,444,-1.0744692301112874e-05,4.1052803840989424e-05
high_yield,445,2.9099674373902838e-05,4.785881729375129e-05
high_yield,446,5.068680541424399e-05,3.0407343912642026e-05
high_yield,447,3.8165840271086304e-05,3.7118585124103974e-05
high_yield,448,3.608770958419233e-05,2.1336274345205753e-05
high_yield,449,3.253642279645902e-05,2.8638813926814706e-05
high_yield,450,2.4834427832328704e-05,2.5610693801428517e-05
high_yield,451,2.3767026664224158e-05,2.6614748297984747e-05
high_yield,452,8.65589362429747e-05,2.870266110330224e-05
high_yield,453,2.9493750380775972e-05,2.5145818628957513e-05
high_yield,454,0.0001146670563153148,3.716592336248998e-05
high_yield,455,1.7686447761313595e-05,2.95100652564364e-05
high_yield,456,6.574419092581503e-05,4.663332035936226e-05
high_yield,457,4.860091362820257e-05,4.778471027570869e-05
high_yield,458,2.5632679399020096e-05,1.7562669275926213e-05
high_yield,459,1.5601617225768748e-05,2.7453499911330976e-05
high_yield,460,4.4806041497751176e-05,3.079332587377336e-05
high_yield,461,7.333412329412579e-05,4.873230446046151e-05
high_yield,462,-9.147099252432174e-06,3.08546917490531e-05
high_yield,463,4.069495015704983e-05,2.7801187066188905e-05
high_yield,464,2.8211006495539632e-05,4.230289774744624e-05
high_yield,465,3.5998064738401295e-06,3.0041992966849738e-05
high_yield,466,2.1530148012270597e-05,5.121058853304485e-05
high_yield,467,3.135548781918324e-05,2.4120535744075855e-05
high_yield,468,6.894406158618266e-05,4.494390736803607e-05
high_yield,469,2.70377797013137e-05,2.719010077881454e-05
high_yield,470,2.6115743833621504e-05,3.131927794871468e-05
high_yield,471,5.655835587244671e-05,3.3766777667264374e-05
high_yield,472,2.615843297691942e-05,2.0586910174944757e-05
high_yield,473,6.207715237953321e-05,4.0711413004608496e-05
high_yield,474,4.277924504154086e-05,2.0081803662631835e-05
high_yield,475,3.7762394954049344e-06,2.329839707192279e-05
high_yield,476,3.539720890673642e-05,2.0922259617585382e-05
high_yield,477,3.174138178335128e-05,3.817405362700468e-05
high_yield,478,7.581012392583049e-05,3.464668039912218e-05
high_yield,479,4.080389041997656e-05,4.464520672053212e-05
high_yield,480,2.382538270331775e-05,3.561486929604528e-05
high_yield,481,3.135868002907843e-05,3.247030261171275e-05
high_yield,482,3.741040720970297e-05,2.7083916141549092e-05
high_yield,483,4.096155630170248e-05,3.3988522169969556e-05
high_yield,484,4.389708056785389e-05,2.576907022970982e-05
high_yield,485,2.988299394543222e-05,3.137198046386584e-05
high_yield,486,9.640306276401023e-06,2.711864311412598e-05
high_yield,487,2.943483729327031e-05,3.372115439830933e-05
high_yield,488,9.8557423659601e-06,3.804325673089126e-05
high_yield,489,4.5457783462055e-05,5.234495426928254e-05
high_yield,490,7.245228214594905e-05,3.1577776423968954e-05
high_yield,491,5.393778284005203e-05,3.6980534733445845e-05
high_yield,492,1.049770471315014e-05,2.9525025302002934e-05
high_yield,493,6.206144997458773e-05,4.1443368598560375e-05
high_yield,494,3.384806142225256e-05,3.602949595575084e-05
high_yield,495,6.13547305209401e-05,3.65320782797954e-05
high_yield,496,4.49322333908843e-05,2.9064588934151428e-05
high_yield,497,-3.811289020526622e-07,3.2073365017522504e-05
high_yield,498,1.5285273775664923e-05,3.7967230705641945e-05
high_yield,499,3.6315625349135865e-05,3.722069570824075e-05
high_yield,500,2.150694883240092e-05,4.3078602783086815e-05
high_yield,501,8.897732514699699e-05,4.3042753851285824e-05
high_yield,502,4.760380155047335e-05,7.346534695066954e-05
high_yield,503,-1.0716833871576983e-05,2.4036064795348084e-05
high_yield,504,3.39372407402833e-05,3.0893560777729554e-05
high_yield,505,0.00016291485074080843,5.5112901445874845e-05
high_yield,506,2.523042546343105e-05,3.214330567009571e-05
high_yield,507,3.78434181104665e-05,2.197888628257439e-05
high_yield,508,1.0891922190472484e-05,2.6043106444464433e-05
high_yield,509,4.554878472151443e-05,5.4337211776844974e-05
high_yield,510,8.004385969475644e-05,2.7118964932634267e-05
high_yield,511,3.2154791858326554e-05,2.192478406384447e-05
high_yield,512,6.44121445165149e-05,4.693789580732217e-05
high_yield,513,4.465028831294005e-05,3.8635968898672954e-05
high_yield,514,2.6870331318629547e-05,5.014602584731187e-05
high_yield,515,6.533322796681135e-05,2.9657619243830642e-05
high_yield,516,8.65374741862887e-05,2.822861436321926e-05
high_yield,517,2.512927079678507e-05,2.790990973805686e-05
high_yield,518,5.437281797543443e-05,2.917713124626766e-05
high_yield,519,7.966635730657256e-05,3.775554898305791e-05
high_yield,520,2.5890091186588368e-05,2.7414791062563313e-05
high_yield,521,-1.3003698852156231e-05,2.3844499658146358e-05
high_yield,522,0.00010293904347261067,4.541887861522999e-05
high_yield,523,6.93225391918577e-05,6.410114442764854e-05
high_yield,524,-5.439307459090609e-06,3.0270215678177002e-05
high_yield,525,1.8823813182153707e-05,2.962469394339673e-05
high_yield,526,-8.730551267551376e-06,2.8445002582694807e-05
high_yield,527,5.8411424811892036e-06,2.61713860096431e-05
high_yield,528,1.875242147921286e-05,3.2917449424989584e-05
high_yield,529,4.926113024891093e-05,2.9249267071109928e-05
high_yield,530,7.523058370496615e-05,4.942348847732029e-05
high_yield,531,6.0420144131771426e-05,6.47158773750052e-05
high_yield,532,7.551441067748252e-05,3.2467395882769437e-05
high_yield,533,5.6879326855796886e-05,3.180441091074742e-05
high_yield,534,5.537431878237345e-05,3.516998496652776e-05
high_yield,535,2.514578376963229e-05,2.4851791647686555e-05
high_yield,536,1.1188986887347715e-05,2.8423174845836857e-05
high_yield,537,2.3733073719229537e-05,4.8991972596119824e-05
high_yield,538,-4.6444681186985505e-06,2.2424006127482284e-05
high_yield,539,3.451664234158073e-05,3.636684406045261e-05
high_yield,540,1.12602366364305e-05,4.29321252728793e-05
high_yield,541,7.472610095830032e-05,4.260289138783961e-05
high_yield,542,2.793242697820044e-05,3.246210091664166e-05
high_yield,543,-5.088936200087427e-07,3.685162575239292e-05
high_yield,544,2.118730435359213e-06,2.620115191586332e-05
high_yield,545,1.6502686484931662e-06,3.353587016512681e-05
high_yield,546,7.403921661239995e-05,3.333388465114473e-05
high_yield,547,6.772191553279446e-05,3.358182396958649e-05
high_yield,548,8.33190291848889e-05,5.3399475077512535e-05
high_yield,549,4.703453641459306e-05,3.6668099849691966e-05
high_yield,550,5.48300210479412e-05,2.723823120417726e-05
high_yield,551,7.093295763455926e-05,3.999383523281466e-05
high_yield,552,4.780586543272703e-05,2.3893390681226346e-05
high_yield,553,1.7345940832500697e-05,2.1974116792810086e-05
high_yield,554,3.367258975860155e-05,2.4872829080808833e-05
high_yield,555,7.563030781997782e-05,4.256797695755611e-05
high_yield,556,8.295000608719251e-05,4.5225614500309e-05
high_yield,557,1.8827015648203627e-05,2.2711471151938485e-05
high_yield,558,4.584273506088006e-05,2.709624231285613e-05
high_yield,559,8.216169343149254e-05,4.9486016488747705e-05
high_yield,560,6.020546879582586e-05,3.47881828110649e-05
high_yield,561,4.51285402967358e-05,3.297284226775953e-05
high_yield,562,3.752082798003094e-06,2.8165030755032177e-05
high_yield,563,-1.146075131804757e-05,3.5052342013713326e-05
high_yield,564,3.1634354479757616e-05,3.5612360542743905e-05
high_yield,565,1.493632896910501e-05,1.8905929492045428e-05
high_yield,566,1.4636504300674752e-05,1.914633028841672e-05
high_yield,567,1.8665050357981286e-05,3.2056875158066526e-05
high_yield,568,1.9329491701705523e-05,2.4100050385260552e-05
high_yield,569,3.1815437709694424e-05,3.579700126028683e-05
high_yield,570,5.865965044584269e-05,4.0750945596813526e-05
high_yield,571,5.149799561926807e-05,2.9078983003855807e-05
high_yield,572,8.573605669980541e-05,2.6944605193511155e-05
high_yield,573,2.41307972402621e-05,5.6584389712892124e-05
high_yield,574,6.208889605441032e-05,5.409074295842675e-05
high_yield,575,5.941703318075128e-06,2.825581428195195e-05
high_yield,576,7.016426502909302e-06,3.187155196493484e-05
high_yield,577,2.022073653068942e-05,2.320387323037715e-05
high_yield,578,4.5489557436184266e-05,2.488343256412533e-05
high_yield,579,4.9218336047652584e-05,2.5495582026789993e-05
high_yield,580,7.049072382369796e-05,2.380622755801135e-05
high_yield,581,6.001589072331832e-05,3.2040802384861677e-05
high_yield,582,7.204084962777038e-05,3.579320116533573e-05
high_yield,583,6.110453222896598e-05,3.701376322215684e-05
high_yield,584,2.575916355777742e-05,6.2152468150384e-05
high_yield,585,5.3987316243551775e-05,3.217916679310502e-05
high_yield,586,1.1325846231060925e-05,2.803609146438371e-05
high_yield,587,1.9010570657777034e-05,3.21448811562855e-05
high_yield,588,3.680013251276145e-05,2.065115961961016e-05
high_yield,589,5.927553905160598e-05,7.480076877344718e-05
high_yield,590,3.627965519811165e-05,3.7958166343911164e-05
high_yield,591,5.524362256948233e-05,2.0341887026245882e-05
high_yield,592,8.244719195995748e-06,3.472075815195778e-05
high_yield,593,4.386889952962721e-05,4.887606801190105e-05
high_yield,594,5.058246329241794e-05,5.263124089032889e-05
high_yield,595,1.7235530384211594e-05,2.1296848955002882e-05
high_yield,596,-8.94592976477381e-06,2.5446618683191507e-05
high_yield,597,3.286446208169744e-05,3.7361962309418955e-05
high_yield,598,-2.9800918785080047e-06,2.614196062802361e-05
high_yield,599,-2.6854511182485736e-06,2.6559765613943748e-05
high_yield,600,2.139075429011223e-05,2.514802322667287e-05
high_yield,601,-1.3791160120117239e-05,3.4545006907642246e-05
high_yield,602,2.323937009537443e-05,2.9182206273629768e-05
high_yield,603,1.8213535931859912e-07,2.3075324477847167e-05
high_yield,604,5.545161474240701e-05,3.6032393807245037e-05
high_yield,605,5.948715885774076e-05,3.498514792642389e-05
high_yield,606,5.9767583818962804e-05,3.1533566376013226e-05
high_yield,607,2.1197461702081793e-06,3.5529782135526184e-05
high_yield,608,5.4538249121808054e-05,3.519470221937701e-05
high_yield,609,-5.190546698251295e-06,2.799375095693029e-05
high_yield,610,4.91187944968626e-05,4.017203024077996e-05
high_yield,611,7.258595531161895e-05,3.394239191557556e-05
high_yield,612,8.525836386769715e-05,5.180574545200549e-05
high_yield,613,2.8098419806143798e-05,2.6240883288689318e-05
high_yield,614,0.00013421941004583882,6.71923081931827e-05
high_yield,615,3.896629921749169e-05,3.55485104398835e-05
high_yield,616,1.706685039974217e-05,2.0933085855119906e-05
high_yield,617,8.424377436300431e-05,3.422538639094164e-05
high_yield,618,2.634854596670791e-05,2.6909733405982645e-05
high_yield,619,4.1841138623160613e-05,3.99242390856265e-05
high_yield,620,5.5236820225030404e-05,3.129194600980664e-05
high_yield,621,3.999358967113826e-05,2.963606170674121e-05
high_yield,622,9.649434622624764e-05,2.147402290918252e-05
high_yield,623,3.183901942716755e-05,3.228332073069818e-05
high_yield,624,3.555428514093267e-05,2.4772268779808183e-05
high_yield,625,4.919324757677446e-06,2.238024642082268e-05
high_yield,626,1.9380905803172666e-05,3.209405402670598e-05
high_yield,627,7.524099559486623e-06,2.1532286229655225e-05
high_yield,628,8.449498019007017e-06,2.0906001412723958e-05
high_yield,629,2.8694846814153338e-05,2.3716075202646307e-05
high_yield,630,2.079574643069696e-05,3.436916076502517e-05
high_yield,631,1.015593838444503e-05,3.008416625520621e-05
high_yield,632,3.257661592935551e-05,2.0626126805336273e-05
high_yield,633,3.226100899667506e-05,2.4254633646055153e-05
high_yield,634,3.3174355600112207e-07,2.928441493400751e-05
high_yield,635,4.5938829751019026e-05,3.837074422022357e-05
high_yield,636,3.681724904653891e-05,4.270757439644011e-05
high_yield,637,5.5009450034006495e-05,4.9577357631277426e-05
high_yield,638,9.996670430325971e-05,5.2101631558228804e-05
high_yield,639,8.135391326468164e-05,3.517021276529475e-05
high_yield,640,2.631995946485318e-05,3.112193187780054e-05
high_yield,641,2.1813346365168276e-05,3.7532328237888434e-05
high_yield,642,3.159041688522789e-05,3.131164488397191e-05
high_yield,643,8.142484446429474e-05,3.760214397718461e-05
high_yield,644,5.26557496523398e-05,4.0044936529989727e-05
high_yield,645,-7.709642372019083e-06,3.0429406222251224e-05
high_yield,646,3.963124515675137e-05,1.9971010954433957e-05
high_yield,647,5.067058598815787e-05,3.876837870533786e-05
high_yield,648,5.151513283542974e-05,2.336876617506591e-05
high_yield,649,8.572607027277332e-05,3.6580221546891806e-05
high_yield,650,5.721376971682931e-05,3.8771239276569104e-05
high_yield,651,3.283826395343689e-05,2.235422956528036e-05
high_yield,652,6.613185757456248e-05,6.242845108326284e-05
high_yield,653,2.295494241334958e-05,3.2629848292107445e-05
high_yield,654,3.296001492996786e-05,3.4559804346298116e-05
high_yield,655,7.930253474417233e-05,6.0999270944050903e-05
high_yield,656,5.5391272200018485e-05,2.518417304153593e-05
high_yield,657,5.39568265883677e-05,3.997585917180488e-05
high_yield,658,3.528896594878888e-05,3.009824750792347e-05
high_yield,659,4.95244220251425e-05,3.652301496359986e-05
high_yield,660,4.144258603514015e-05,2.4937596117746974e-05
high_yield,661,4.417764983907501e-05,2.0280264772517407e-05
high_yield,662,5.520020632471023e-05,3.449799122123517e-05
high_yield,663,4.5981851445505287e-05,2.5891943746476143e-05
high_yield,664,-2.6634157951221346e-05,2.1716214847302286e-05
high_yield,665,4.328531435547424e-06,2.696889142867411e-05
high_yield,666,5.019939261590831e-05,3.2465769368532914e-05
high_yield,667,2.3148784214210604e-05,2.125379808053265e-05
high_yield,668,1.8512085693806782e-05,3.00258395310924e-05
high_yield,669,5.000587825399444e-05,2.0054891776915667e-05
high_yield,670,-2.6275709936420545e-05,3.058970618523338e-05
high_yield,671,7.094903576122269e-05,4.796537707551365e-05
high_yield,672,-2.9419939620902048e-05,3.23277843095233e-05
high_yield,673,-1.3676921640875311e-06,2.3279442155265396e-05
high_yield,674,1.0783309043229763e-05,1.8362689576933012e-05
high_yield,675,6.210852393176246e-05,3.613728457518096e-05
high_yield,676,7.509178948400235e-05,4.085113943436105e-05
high_yield,677,7.444572261790683e-06,2.623800072457818e-05
high_yield,678,5.4870032160657074e-05,3.616510606279525e-05
high_yield,679,9.013179219301157e-05,3.434225200610214e-05
high_yield,680,3.373671419622996e-05,3.008894933426459e-05
high_yield,681,3.803488482915144e-05,6.622632018920084e-05
high_yield,682,-1.3613608142616797e-05,4.1351592874797776e-05
high_yield,683,4.065521019875674e-05,2.4963828400342604e-05
high_yield,684,9.661851135339648e-05,3.9447565861476095e-05
high_yield,685,5.6357596892747884e-05,2.411893840108216e-05
high_yield,686,6.818674523257343e-05,2.9580343865620146e-05
high_yield,687,2.321873897588137e-05,2.9359714691584547e-05
high_yield,688,2.7157993728829287e-05,6.879759020127984e-05
high_yield,689,7.893704582194534e-05,3.768530353713404e-05
high_yield,690,8.498365185999708e-07,3.3001680940726756e-05
high_yield,691,9.138737690434889e-05,3.1364217542437704e-05
high_yield,692,3.028482192653637e-05,4.3712103946803866e-05
high_yield,693,2.9755155790163063e-05,3.432905000776933e-05
high_yield,694,2.108812433814254e-05,1.9813918591562728e-05
high_yield,695,3.8729196708279095e-05,3.7418518798529405e-05
high_yield,696,3.134517998025149e-05,2.7953915074166172e-05
high_yield,697,2.2810467352257975e-05,4.5475907089824695e-05
high_yield,698,5.2305823745724255e-05,4.274685212428216e-05
high_yield,699,3.464835498071093e-05,3.478948526440999e-05
high_yield,700,3.875487086421834e-05,3.632890693340292e-05
high_yield,701,2.74643965509309e-05,3.576581001221929e-05
high_yield,702,8.211842190024635e-05,2.88162443742571e-05
high_yield,703,3.42318664601826e-05,3.634480532593063e-05
high_yield,704,3.6716307646405616e-05,3.712009659453688e-05
high_yield,705,1.1909252277997387e-05,2.2740137604202178e-05
high_yield,706,3.459979303277648e-05,3.297354130258544e-05
high_yield,707,1.3911901961638457e-05,1.5262380794491534e-05
high_yield,708,9.648137773833918e-05,4.125234896927545e-05
high_yield,709,2.8557276415786755e-05,2.6919953936401413e-05
high_yield,710,3.673395403198665e-05,5.0618398274225064e-05
high_yield,711,1.2036447109287134e-05,3.1633611016025665e-05
high_yield,712,2.4055428329018347e-05,4.612607569929545e-05
high_yield,713,2.209172377090471e-05,2.292193442369777e-05
high_yield,714,7.14052185129102e-05,2.5633078974447953e-05
high_yield,715,-1.2261192973134115e-05,2.4097297628240904e-05
high_yield,716,7.026892863786973e-05,3.0799563382252153e-05
high_yield,717,3.2655372546553304e-05,2.346012769406748e-05
high_yield,718,5.52247016132615e-05,4.901467776055604e-05
high_yield,719,-1.9602920868713036e-05,3.354348459824673e-05
high_yield,720,6.884517091484676e-05,4.923808228854924e-05
high_yield,721,4.692549405828596e-05,2.526238039863995e-05
high_yield,722,-4.8655019190945646e-06,4.357437059434313e-05
high_yield,723,-6.2750309854865155e-09,2.4977291022826814e-05
high_yield,724,-3.817351564815395e-06,2.519674477612653e-05
high_yield,725,2.480217214605816e-05,2.463310543388497e-05
high_yield,726,7.089834133008272e-06,3.049616426022776e-05
high_yield,727,2.4094303302644397e-05,2.5447564090797377e-05
high_yield,728,2.198912422164678e-05,3.382710606662087e-05
high_yield,729,6.404100884279204e-05,3.3027817009117404e-05
high_yield,730,5.565942157964347e-05,4.3861186643686304e-05
high_yield,731,3.5162292961872175e-05,3.723709444377391e-05
high_yield,732,1.8092033547993867e-05,3.545912516178877e-05
high_yield,733,5.344371666599062e-05,4.274375158369167e-05
high_yield,734,4.356425067406991e-05,2.5387718845029718e-05
high_yield,735,5.158893508068291e-05,3.4068543771398995e-05
high_yield,736,1.546792441888624e-05,3.498334330607143e-05
high_yield,737,-1.8248736203376025e-07,2.867189416730669e-05
high_yield,738,3.4909052828765065e-06,2.859963423870691e-05
high_yield,739,1.861208299262436e-05,2.589382211224574e-05
high_yield,740,2.9465963682566783e-05,4.350635503242489e-05
high_yield,741,5.3291899849576256e-05,2.0694144782222136e-05
high_yield,742,7.668936998458793e-05,7.26239250849165e-05
high_yield,743,-2.3518178588268967e-06,2.117388982500464e-05
high_yield,744,3.575542359275328e-05,2.1732539209817074e-05
high_yield,745,7.03000642562982e-05,3.8780144371890654e-05
high_yield,746,-1.2898399883543597e-05,1.8033755774471724e-05
high_yield,747,7.113393409386924e-05,3.7853825448153784e-05
high_yield,748,4.72259009204493e-05,3.407008676409923e-05
high_yield,749,4.289781948889653e-05,3.3388449937808744e-05
high_yield,750,2.7333762418739914e-05,2.7457682196765297e-05
high_yield,751,2.8046065049538956e-05,1.941806602912675e-05
high_yield,752,3.547429606998848e-05,4.581030344195315e-05
high_yield,753,4.924327168668326e-05,4.833046435176995e-05
high_yield,754,3.690005258331508e-05,2.423218067627558e-05
high_yield,755,3.697222383909932e-05,4.1740175206137796e-05
high_yield,756,6.759159418756604e-05,3.408940947104744e-05
high_yield,757,-3.688351905876597e-05,3.4069979323167206e-05
high_yield,758,3.330866036264287e-07,1.6440290889183684e-05
high_yield,759,3.994361713284082e-05,3.555742710561164e-05
high_yield,760,4.428996162319291e-05,3.745673747247891e-05
high_yield,761,5.06686559088584e-05,5.3172272783796784e-05
high_yield,762,5.28553796231697e-05,4.3636460460213314e-05
high_yield,763,1.3428819285814312e-05,2.6269785988618116e-05
high_yield,764,3.1487775564538323e-05,4.5675976109745955e-05
high_yield,765,6.581794868913816e-05,6.425673843445177e-05
high_yield,766,4.1139857356411784e-05,3.2220886392337615e-05
high_yield,767,1.0268436399134149e-05,2.9563078700031346e-05
high_yield,768,7.150442092918033e-05,4.045898599699418e-05
high_yield,769,-2.569368145209971e-05,2.924123967144931e-05
high_yield,770,9.692187000952666e-05,4.8547375114956175e-05
high_yield,771,4.984846252758988e-05,3.243907748306576e-05
high_yield,772,5.2550085482706746e-05,2.651782912325328e-05
high_yield,773,1.0237041961280371e-05,2.8708584477544275e-05
high_yield,774,4.456431186964856e-05,2.9090712624748536e-05
high_yield,775,6.184331793448755e-07,2.8634953742938823e-05
high_yield,776,0.00012127840347382308,3.7706550108113265e-05
high_yield,777,1.5890145858979617e-05,2.4427320148210092e-05
high_yield,778,5.6405173841332266e-05,3.142948987992758e-05
high_yield,779,3.461268515510877e-05,2.2266603817595364e-05
high_yield,780,3.0134998154586172e-05,2.3856144468884016e-05
high_yield,781,1.57100622873995e-05,2.968040024874094e-05
high_yield,782,5.020865351299801e-06,3.124376588836142e-05
high_yield,783,1.3688101495782992e-05,2.5686085910852486e-05
high_yield,784,3.786341947525637e-05,2.5944789893751865e-05
high_yield,785,1.4031990362274433e-05,2.704895725746541e-05
high_yield,786,1.5045911191758006e-05,3.3931373795153634e-05
high_yield,787,8.82810589474511e-05,3.579182315602692e-05
high_yield,788,3.855953820120633e-05,3.7661177593099824e-05
high_yield,789,1.8849275365114224e-05,5.254849762072489e-05
high_yield,790,-2.1111567472490813e-05,2.3201789632475262e-05
high_yield,791,3.9354452725706665e-05,3.067779830978729e-05
high_yield,792,6.70046591815835e-05,4.2901095137021126e-05
high_yield,793,6.86137212771292e-05,6.462847076857525e-05
high_yield,794,4.9380862020869716e-05,2.5096234019544806e-05
high_yield,795,4.065026799291983e-05,3.8602732752621526e-05
high_yield,796,2.886119260214921e-05,3.4611557068027454e-05
high_yield,797,6.906577642692884e-05,3.295085678248045e-05
high_yield,798,0.0001015213608389423,7.827606656339512e-05
high_yield,799,4.574223152270992e-05,3.204955634302644e-05
high_yield,800,5.533478884742302e-05,3.4986463369610646e-05
high_yield,801,3.804884228914865e-05,3.50634364381563e-05
high_yield,802,1.7231712553266264e-05,1.96700318653399e-05
high_yield,803,7.143852493839557e-05,2.674582887912832e-05
high_yield,804,5.787821577481962e-05,5.4703633207074876e-05
high_yield,805,2.257515535793047e-05,4.16835051963779e-05
high_yield,806,4.011520083321588e-05,2.4142140052810265e-05
high_yield,807,4.471418404478816e-05,4.593135448227225e-05
high_yield,808,3.719468763031851e-05,5.239090254611627e-05
high_yield,809,-1.8265369397374047e-05,2.4922243823090386e-05
high_yield,810,4.4859222019720275e-05,3.7160083659190615e-05
high_yield,811,2.7257303758070082e-05,2.3605328168938657e-05
high_yield,812,3.3746941373038175e-05,2.3355269794051614e-05
high_yield,813,-1.359503929623985e-06,1.9180383662438827e-05
high_yield,814,3.7007462317650905e-05,3.447240151820574e-05
high_yield,815,2.6491039272711843e-05,2.0861313670477334e-05
high_yield,816,-8.837617742486423e-06,2.5216989731442406e-05
high_yield,817,-1.0636421317712209e-05,1.9926354381393193e-05
high_yield,818,3.286051380122492e-05,3.661011341423145e-05
high_yield,819,4.042926494981727e-05,3.773718795081864e-05
high_yield,820,1.5646954134985314e-05,2.8088611960822843e-05
high_yield,821,6.178547468275823e-05,3.866931820901366e-05
high_yield,822,1.9468894815584684e-05,2.576375370260555e-05
high_yield,823,5.430830134579293e-05,2.869224477504071e-05
high_yield,824,2.3704516736288675e-05,2.4357700709784576e-05
high_yield,825,1.3770083396421259e-05,2.502198325541191e-05
high_yield,826,5.580955698864041e-05,3.8154779656354574e-05
high_yield,827,-1.6144414270389182e-05,2.3773651621682232e-05
high_yield,828,1.0494507134955732e-05,2.8001709806670758e-05
high_yield,829,9.447813846954772e-05,4.5043333899949724e-05
high_yield,830,6.834044891202889e-05,3.620821982247827e-05
high_yield,831,8.226173340407646e-05,4.8330903058905615e-05
high_yield,832,4.5240329121060524e-05,2.92017583184397e-05
high_yield,833,2.9382188155696896e-05,1.9904313841200584e-05
high_yield,834,-1.503698629347544e-06,4.2992849917537564e-05
high_yield,835,-4.418829746581647e-06,3.396124749942737e-05
high_yield,836,3.327318016591111e-06,2.3244384324356366e-05
high_yield,837,4.6399892617108965e-05,2.5816753309871023e-05
high_yield,838,2.5511636768729366e-05,4.753251098133416e-05
high_yield,839,1.2093185720179896e-05,4.553992167275076e-05
high_yield,840,-8.089280357465647e-06,3.1816200934677725e-05
high_yield,841,2.3763437029048966e-05,3.270806220740841e-05
high_yield,842,6.547351242085146e-06,3.61505340258272e-05
high_yield,843,2.5981892598657077e-05,2.1261322529585117e-05
high_yield,844,2.8519673122175026e-05,3.0256639439320822e-05
high_yield,845,-5.193902411500137e-06,2.1817106143640604e-05
high_yield,846,-3.711033312403503e-06,3.584113072335321e-05
high_yield,847,1.2571664584743754e-05,1.706128960193147e-05
high_yield,848,4.8260448545462886e-05,3.581117206392357e-05
high_yield,849,4.0733316998351327e-05,2.895031263113128e-05
high_yield,850,1.3558545933216109e-05,2.1612756613931947e-05
high_yield,851,2.8693172343500285e-05,4.0209040068372334e-05
high_yield,852,3.600042336750071e-05,3.901453590023017e-05
high_yield,853,5.328580012501064e-05,3.214082645544238e-05
high_yield,854,-2.3752526434072853e-05,3.254872083419249e-05
high_yield,855,4.378436479860728e-05,3.999751787273094e-05
high_yield,856,4.082311885586845e-05,2.502069943216862e-05
high_yield,857,1.9002358804422224e-05,2.5974957116961027e-05
high_yield,858,7.097572273741677e-05,3.3173176603364395e-05
high_yield,859,5.611242490206911e-05,3.494807594967662e-05
high_yield,860,6.0447011314986585e-05,2.2638646406334664e-05
high_yield,861,5.1470239101832124e-05,3.317035589716034e-05
high_yield,862,2.2603423634111477e-05,2.0948641237656222e-05
high_yield,863,5.639931594925226e-05,6.614782406965444e-05
high_yield,864,3.6761915270651644e-05,2.7216722796384707e-05
high_yield,865,1.352776707009056e-06,3.203051030089945e-05
high_yield,866,5.417025875040246e-05,2.782445886963755e-05
high_yield,867,8.159446642293861e-05,2.297540180467384e-05
high_yield,868,4.0586166037289976e-05,2.405137757536805e-05
high_yield,869,1.0095668838704473e-05,2.729235825529785e-05
high_yield,870,2.5021885738778485e-05,2.8849710813736468e-05
high_yield,871,2.148547198613541e-05,2.15056961458026e-05
high_yield,872,-2.2699375733295406e-05,2.757812243686957e-05
high_yield,873,4.764281527004401e-05,3.523481037084762e-05
high_yield,874,4.8784477608961744e-05,4.43533831256321e-05
high_yield,875,6.878762994811336e-05,3.304218872444706e-05
high_yield,876,2.3874223016657783e-05,3.070075952083078e-05
high_yield,877,-3.121723451865436e-05,2.0199527527882577e-05
high_yield,878,5.775884618196832e-05,4.414511568104081e-05
high_yield,879,1.7367451483632545e-05,2.7951354195868575e-05
high_yield,880,-9.93979822229258e-07,1.739792476438325e-05
high_yield,881,1.927589098377448e-05,2.4035312163700104e-05
high_yield,882,5.8030847455113874e-05,4.1696655736614776e-05
high_yield,883,1.1569078156536687e-05,3.099839815666426e-05
high_yield,884,6.942130778904737e-05,4.8841395351403825e-05
high_yield,885,3.0998452168712565e-05,1.7811947447164515e-05
high_yield,886,3.559274070135909e-05,4.9933425516787636e-05
high_yield,887,4.8895991673330325e-05,3.877089967173872e-05
high_yield,888,7.468412816770771e-06,2.08096734326346e-05
high_yield,889,7.260033728080633e-05,1.606643689726705e-05
high_yield,890,4.277840726201344e-05,3.6183393758393454e-05
high_yield,891,-1.0262390277802315e-06,3.067720469419166e-05
high_yield,892,3.4166588348309224e-05,3.379149311283169e-05
high_yield,893,9.442695396207275e-05,1.967540282821106e-05
high_yield,894,2.4603057377020078e-05,1.9612837606935205e-05
high_yield,895,-3.7562987799879867e-06,3.1594163168495706e-05
high_yield,896,-7.482622787722911e-06,3.507703717581282e-05
high_yield,897,0.00011334940220167514,4.135066548927389e-05
high_yield,898,6.33098552605353e-05,3.285465408062619e-05
high_yield,899,4.755196391465498e-06,2.3649428032203702e-05
high_yield,900,4.486307545176521e-05,4.7684764022771244e-05
high_yield,901,-1.0584654145532496e-05,2.894281145575276e-05
high_yield,902,4.101373410792757e-05,2.584094599144393e-05
high_yield,903,3.2557658652657677e-05,2.6967486505342486e-05
high_yield,904,6.196250923432122e-05,3.826765676997827e-05
high_yield,905,7.655298336794256e-06,2.6623153710418243e-05
high_yield,906,5.8799799478898466e-05,3.058142801682081e-05
high_yield,907,6.60577483650658e-05,3.776632916386127e-05
high_yield,908,8.486469337694275e-05,2.5466434191725335e-05
high_yield,909,-1.2609220864569486e-05,2.7105867476535668e-05
high_yield,910,4.1151948989928604e-05,4.25153417329398e-05
high_yield,911,5.558001337171566e-05,3.313029722495166e-05
high_yield,912,5.486669722647218e-05,5.0859398971162825e-05
high_yield,913,5.501906894263666e-05,3.130285422402652e-05
high_yield,914,5.33395771064679e-05,5.341617550334647e-05
high_yield,915,4.935601554696947e-05,3.168734079009562e-05
high_yield,916,0.00010924277897877688,3.4881043647521334e-05
high_yield,917,9.092376259101479e-05,3.1366813330420534e-05
high_yield,918,-5.040916297836333e-06,2.5252662463136432e-05
high_yield,919,7.327725017205405e-05,2.394408703506627e-05
high_yield,920,2.7668708993681046e-05,2.5727552653692323e-05
high_yield,921,6.66741502891849e-06,1.8657124936587857e-05
high_yield,922,7.414436712360424e-05,2.1636825350468435e-05
high_yield,923,4.511812274558243e-05,4.5340727071996145e-05
high_yield,924,1.78361542174291e-05,2.024524447910549e-05
high_yield,925,8.470947873329283e-05,4.868708053690937e-05
high_yield,926,3.877655041338882e-05,2.0968081030293698e-05
high_yield,927,1.7080123455534264e-05,3.012198505830127e-05
high_yield,928,2.1387935422981987e-05,3.31390313762032e-05
high_yield,929,8.46072234157852e-05,3.012105856539079e-05
high_yield,930,5.928072734177101e-05,2.9945765110249352e-05
high_yield,931,1.7990673458706156e-05,2.8686839786995145e-05
high_yield,932,2.307128669370407e-05,4.1883686621862596e-05
high_yield,933,5.731852437216358e-06,2.041043203013164e-05
high_yield,934,9.612464993587235e-05,3.0291147178262438e-05
high_yield,935,6.759616121903036e-05,3.2773128599542825e-05
high_yield,936,3.864647097670563e-05,3.6649782152046975e-05
high_yield,937,2.4053358991887773e-05,2.733360532870955e-05
high_yield,938,2.4269295451716485e-05,2.732176122053588e-05
high_yield,939,1.2756961990757457e-05,3.596931605388831e-05
high_yield,940,1.639138211467871e-05,2.825950569299489e-05
high_yield,941,8.969394019714332e-06,1.7762059177054665e-05
high_yield,942,3.195432839252507e-05,3.8732511299495155e-05
high_yield,943,3.7360517466559106e-05,5.698011958200135e-05
high_yield,944,1.3388755319880493e-05,2.580471819806185e-05
high_yield,945,0.00012185333447301443,3.037460724493234e-05
high_yield,946,2.2779434398010445e-07,3.5440624804974454e-05
high_yield,947,1.0836225658673497e-05,3.192439990677223e-05
high_yield,948,2.8253214491411756e-05,4.528518594864511e-05
high_yield,949,2.6678913907762992e-05,2.830433929068796e-05
high_yield,950,6.893085409949964e-05,2.4503918583534035e-05
high_yield,951,-2.3447018444825627e-05,3.969627577052712e-05
high_yield,952,3.802706274684227e-05,2.5085830632630496e-05
high_yield,953,6.92137861601085e-05,5.004716008619408e-05
high_yield,954,-9.905653642037093e-06,2.6180618295985947e-05
high_yield,955,1.3913772105171238e-05,3.356434324412876e-05
high_yield,956,3.4033058357087166e-05,2.17004118309156e-05
high_yield,957,1.73075691024718e-05,2.9557617495688746e-05
high_yield,958,4.4185542764600216e-05,3.880582717564521e-05
high_yield,959,4.31762639836463e-05,2.6999723840273842e-05
high_yield,960,3.733737956512708e-05,3.2305220382574484e-05
high_yield,961,2.004135697343e-05,4.1241071102471215e-05
high_yield,962,5.319685173752354e-05,2.310558469195763e-05
high_yield,963,-5.894086126480893e-06,2.983026378855839e-05
high_yield,964,9.136417002090197e-05,4.316979868455716e-05
high_yield,965,1.7927782117575226e-05,2.919828841672745e-05
high_yield,966,4.630745807262839e-05,5.084453449408863e-05
high_yield,967,6.562731395215533e-05,3.0179013165784462e-05
high_yield,968,5.639968683121656e-05,2.7866953627720007e-05
high_yield,969,4.156087091338102e-06,4.481308977888729e-05
high_yield,970,1.8421678922796473e-05,4.0546198395956714e-05
high_yield,971,5.147000197439904e-05,2.9809351478440345e-05
high_yield,972,3.6635139084646514e-05,2.4269998453316933e-05
high_yield,973,2.867944711444104e-05,3.7546712340857697e-05
high_yield,974,-6.528289501088625e-06,3.6621765756807926e-05
high_yield,975,-1.267819407186943e-05,3.779608474318089e-05
high_yield,976,4.408727706133478e-05,2.440431766409002e-05
high_yield,977,1.5932910685563485e-05,3.1583292020434884e-05
high_yield,978,2.6987127599005785e-05,3.2817702837101914e-05
high_yield,979,6.020262525019592e-05,3.0033381303305925e-05
high_yield,980,2.992858356142252e-05,3.3667135357566235e-05
high_yield,981,4.8890253846255635e-05,2.0499373884924375e-05
high_yield,982,3.342652438485396e-05,2.82081624976153e-05
high_yield,983,1.8752208016546553e-05,3.230272822972799e-05
high_yield,984,3.901939964873049e-05,3.292938060870198e-05
high_yield,985,4.476988766980773e-05,2.0304313108032107e-05
high_yield,986,8.030121019743886e-05,3.3164860849259935e-05
high_yield,987,7.155897711551912e-05,1.836083838168662e-05
high_yield,988,1.1876791844779338e-05,2.3750434226970154e-05
high_yield,989,2.7155653526755526e-05,3.937384139271409e-05
high_yield,990,-1.5382075058870922e-05,3.217710642948541e-05
high_yield,991,5.135077056975081e-05,2.557568687437948e-05
high_yield,992,8.769347364215133e-05,2.8879759810699e-05
high_yield,993,2.0476558082175018e-05,3.049728751501363e-05
high_yield,994,6.269448786436565e-05,5.47367929701795e-05
high_yield,995,5.024463980777496e-05,2.9839061534041494e-05
high_yield,996,7.063310717852071e-05,3.37723813676354e-05
high_yield,997,5.479808263904184e-05,2.5854670349750898e-05
high_yield,998,4.861229664984023e-05,3.0424803439352997e-05
high_yield,999,2.595292283818032e-05,2.078605624331501e-05
extensification,0,2.442732404801633e-05,4.8289918353245674e-05
extensification,1,1.3533873439662574e-05,2.7588975318925334e-05
extensification,2,-1.5147547057521183e-05,5.439932723751556e-05
extensification,3,2.6169619291804466e-05,2.194158960995376e-05
extensification,4,2.768692876595483e-05,3.174344041647035e-05
extensification,5,4.2609821307184776e-05,2.3469795114267858e-05
extensification,6,8.795027367558421e-05,4.7476321065399436e-05
extensification,7,2.5353518294928707e-06,4.0491533034752997e-05
extensification,8,6.822869226088182e-05,2.8730333973765114e-05
extensification,9,3.6635571479450693e-05,3.073489240962976e-05
extensification,10,2.37034337949158e-05,3.4467554195898456e-05
extensification,11,7.198740337517025e-05,3.095496665118654e-05
extensification,12,2.268146790976155e-05,2.4053470351948167e-05
extensification,13,7.429824101400815e-05,6.046166572792727e-05
extensification,14,2.8414817577180266e-05,3.386684171464077e-05
extensification,15,6.544402673298008e-05,3.5165665190007385e-05
extensification,16,6.642790431073202e-05,3.568044835661351e-05
extensification,17,2.9127750351387233e-05,3.5213932239841613e-05
extensification,18,6.85378809165605e-05,2.8908943319441052e-05
extensification,19,4.1858100300381713e-05,4.637987194983661e-05
extensification,20,5.141681041353955e-05,5.836937678605381e-05
extensification,21,2.7054725286743128e-05,4.312657927951653e-05
extensification,22,6.008019180319737e-05,2.3146670223419595e-05
extensification,23,1.901216894838135e-06,2.3029288611438445e-05
extensification,24,3.25748734469697e-05,2.989231939590511e-05
extensification,25,3.862659752865194e-05,5.3924683244147756e-05
extensification,26,5.646941762906985e-05,2.6924159219715088e-05
extensification,27,3.955620066913487e-05,3.7008643391844754e-05
extensification,28,1.7817572911981208e-06,2.7097500350828242e-05
extensification,29,4.3260233853260896e-05,2.8866370519207862e-05
extensification,30,1.61571813519167e-05,2.4894657583427346e-05
extensification,31,1.795442089940677e-06,4.880598412833229e-05
extensification,32,1.208528511083728e-05,2.3070488650444162e-05
extensification,33,3.768030008331879e-05,2.5950799423887463e-05
extensification,34,5.992848793071582e-05,4.358114138696331e-05
extensification,35,0.0001893302545776653,0.00019141366293194817
extensification,36,4.154948789085123e-06,3.7462931544256434e-05
extensification,37,1.8179164438245325e-05,2.6288781964046178e-05
extensification,38,2.0806090149490273e-05,5.0226501971470605e-05
extensification,39,4.618173403737625e-05,3.5239539997428716e-05
extensification,40,2.3669581543920763e-06,1.7159665992042645e-05
extensification,41,5.060228395127842e-05,3.8924844197720845e-05
extensification,42,-3.069002684421951e-06,2.8634577892948952e-05
extensification,43,-1.3118126423886807e-05,2.31288971610222e-05
extensification,44,7.378324205592974e-05,3.6481358963142785e-05
extensification,45,-3.162854736067617e-05,1.5414215272987775e-05
extensification,46,2.9556262033136718e-05,2.8781518869913226e-05
extensification,47,4.51445184332533e-05,2.6296990138190327e-05
extensification,48,1.6745849342226937e-05,2.9025944882096476e-05
extensification,49,7.633949909789369e-05,2.8888449812231823e-05
extensification,50,3.0147282974184545e-05,2.3197041804071918e-05
extensification,51,3.162159877012313e-05,3.0135391415442754e-05
extensification,52,-3.4874221608575063e-06,3.9812043047007756e-05
extensification,53,9.479404810643417e-05,3.962333778103935e-05
extensification,54,3.541336510801047e-05,3.67029358872561e-05
extensification,55,4.7481305403355466e-05,2.638184640740831e-05
extensification,56,6.129226000005696e-05,4.5958896735709616e-05
extensification,57,5.168352661467889e-05,2.2219389975797008e-05
extensification,58,2.3487002631358314e-05,1.600313419359872e-05
extensification,59,4.870309092506726e-07,2.5583702111899547e-05
extensification,60,5.0844974867559856e-05,3.39859731311065e-05
extensification,61,2.5458156499895866e-05,4.528003242050151e-05
extensification,62,4.914588126894128e-05,4.2353607327588786e-05
extensification,63,3.939887592604047e-05,2.228737915859564e-05
extensification,64,6.893111387075332e-05,5.87316422180888e-05
extensification,65,4.4334114995493684e-05,4.3143519957487626e-05
extensification,66,-6.169915558070262e-06,4.0606158687280564e-05
extensification,67,6.709297891794864e-05,3.413196217116048e-05
extensification,68,4.366413103119118e-05,2.89544384698189e-05
extensification,69,9.36102604587412e-06,2.964860049915245e-05
extensification,70,4.319800877546771e-05,5.078004275266849e-05
extensification,71,-2.985355525047799e-05,2.5304107049023587e-05
extensification,72,5.818040905986946e-05,3.683391987143741e-05
extensification,73,2.3625601194724596e-06,4.093918459217529e-05
extensification,74,8.615756673918301e-06,2.3178703285119747e-05
extensification,75,3.235307721280703e-05,5.9175632527351556e-05
extensification,76,4.25786161808361e-05,2.2203887165836285e-05
extensification,77,8.531209090733385e-05,3.5039568855656476e-05
extensification,78,3.748437782987342e-05,3.8225131994647546e-05
extensification,79,1.9833723547978345e-06,3.468681496637358e-05
extensification,80,4.6465591770530713e-05,4.5187844287497085e-05
extensification,81,3.6159641930090115e-05,3.329948496017861e-05
extensification,82,5.812426873345162e-05,5.260728302520774e-05
extensification,83,4.7122433042172915e-05,2.4121635607780386e-05
extensification,84,2.730598457219545e-05,3.083179351833961e-05
extensification,85,8.453229153653513e-06,3.319558484139402e-05
extensification,86,9.343118767279527e-05,4.2013374223790735e-05
extensification,87,2.2719216712438146e-05,1.9683188530391956e-05
extensification,88,8.637308698412968e-07,2.726076424047864e-05
extensification,89,7.245554488686817e-05,3.816440392737275e-05
extensification,90,3.2627751679578564e-05,3.382754692275907e-05
extensification,91,2.653393097505859e-05,2.208692579028149e-05
extensification,92,-7.930076559617049e-07,2.241421849396592e-05
extensification,93,7.701339373101576e-05,3.0845192935478324e-05
extensification,94,1.4994625767301357e-05,3.586565300396934e-05
extensification,95,1.7584351583339644e-05,2.544293460097946e-05
extensification,96,6.431296750832613e-05,3.143567551131725e-05
extensification,97,2.177531169339671e-05,3.22098423799865e-05
extensification,98,4.5384899451013e-05,2.785430376047968e-05
extensification,99,7.659923252034462e-05,2.8602195556346278e-05
extensification,100,2.8769459632158995e-05,3.731916899223063e-05
extensification,101,2.5277652660414627e-05,2.4605769898691423e-05
extensification,102,3.8473531931481144e-07,3.781739026423257e-05
extensification,103,2.7647116853695558e-05,2.0327777592305545e-05
extensification,104,2.421900117085089e-05,2.7626572384551763e-05
extensification,105,3.550686609551413e-05,4.670222198989955e-05
extensification,106,9.537640196889882e-05,4.395854854160057e-05
extensification,107,-3.1377520942669815e-05,3.227685875939733e-05
extensification,108,5.801974489187023e-05,3.383831407292736e-05
extensification,109,6.108442206000163e-05,4.197437057632622e-05
extensification,110,6.824354240168866e-08,2.607665884722759e-05
extensification,111,3.402117397107339e-05,2.718817465862188e-05
extensification,112,3.936501661295728e-05,4.33142562477905e-05
extensification,113,1.5087087245310502e-05,2.2145344346081077e-05
extensification,114,5.7684070267910846e-05,3.8036269975204105e-05
extensification,115,3.46736307953133e-05,3.044640794954831e-05
extensification,116,7.018697050895294e-05,4.1687275546080516e-05
extensification,117,3.34330605411551e-05,2.9352827869995033e-05
extensification,118,1.618653237717301e-05,3.715614841911915e-05
extensification,119,4.929572794618573e-05,3.6627937039965085e-05
extensification,120,4.049723916949123e-05,3.0559584782111484e-05
extensification,121,3.365299716738562e-05,2.4276946454752074e-05
extensification,122,1.0687803839136031e-05,2.5645312908274425e-05
extensification,123,-2.9966020541048745e-05,2.4613656676644346e-05
extensification,124,6.481931768585977e-05,4.287142218976358e-05
extensification,125,0.00010295023713793765,7.408673132300273e-05
extensification,126,6.141037882403156e-05,4.990086355328286e-05
extensification,127,5.541546378061448e-05,4.455681214247198e-05
extensification,128,2.2915473872969127e-05,3.720710349611612e-05
extensification,129,4.9101031085126806e-05,3.46371058961776e-05
extensification,130,-1.4549348884183886e-05,2.553800618698713e-05
extensification,131,4.4386056637010794e-05,3.5490783215295686e-05
extensification,132,6.42678043586089e-05,2.368030720458448e-05
extensification,133,8.460728421597156e-06,1.9922582054516994e-05
extensification,134,2.984466875319342e-05,2.787992484733451e-05
extensification,135,6.40545324611757e-05,1.922013775655243e-05
extensification,136,2.41732898751197e-05,2.5060119335106935e-05
extensification,137,3.87221480127573e-05,3.1573537164140856e-05
extensification,138,3.002319263242453e-05,4.4301233375924497e-05
extensification,139,-1.2990606840476333e-05,3.0526107060352715e-05
extensification,140,7.351209515896258e-06,3.0308957328968748e-05
extensification,141,1.6390745456560657e-05,2.4173490434971247e-05
extensification,142,3.918309959532548e-05,1.704366268171656e-05
extensification,143,6.0230775165349326e-05,5.513242675867554e-05
extensification,144,3.456252082473078e-05,3.940148463813758e-05
extensification,145,1.2614994402354176e-05,3.140845501511947e-05
extensification,146,7.031171805047673e-05,2.6921881799061526e-05
extensification,147,-1.4659950109152747e-05,2.9212340662485682e-05
extensification,148,7.683364971674753e-05,3.176046653857354e-05
extensification,149,4.8457503060458965e-05,2.5245068343509637e-05
extensification,150,2.252993987088789e-05,3.0711386187471126e-05
extensification,151,-3.775325089406612e-06,2.770469390747546e-05
extensification,152,1.271500934410376e-05,2.4853534131212883e-05
extensification,153,6.524748528305486e-05,3.127712948343677e-05
extensification,154,-2.3591766879689483e-05,2.1356288616828814e-05
extensification,155,1.1956933855643114e-06,2.2209323596164252e-05
extensification,156,1.584176709828188e-05,2.3403222621713455e-05
extensification,157,4.45128804880534e-07,2.8659982258511387e-05
extensification,158,6.305688122051786e-05,5.24797517643156e-05
extensification,159,4.958058718640241e-05,2.6523453335773156e-05
extensification,160,5.70540136374818e-05,5.508142770509533e-05
extensification,161,3.0890499575537104e-05,2.2909132273952005e-05
extensification,162,5.515065595547537e-05,3.0217770362819504e-05
extensification,163,5.949031456607342e-05,3.9911657520408466e-05
extensification,164,6.104322670219446e-05,3.57541557896277e-05
extensification,165,9.297452323089844e-05,4.2922424465226897e-05
extensification,166,1.576828189216612e-05,3.1565933756136214e-05
extensification,167,5.177230989879716e-05,2.7854690760771744e-05
extensification,168,5.876538440821912e-05,2.3085480474591625e-05
extensification,169,0.00010450337518825106,5.5940790544125465e-05
extensification,170,4.4310764135112066e-05,3.7656444139172664e-05
extensification,171,3.384870745665942e-05,2.4855848439158016e-05
extensification,172,7.534177074762356e-05,3.6290199613953486e-05
extensification,173,2.043398716565331e-05,3.646785648869418e-05
extensification,174,3.810278196687518e-05,2.0874043542034748e-05
extensification,175,2.017305005427083e-05,1.8565859422418613e-05
extensification,176,3.561569102701102e-05,2.656160118756001e-05
extensification,177,1.843163070000593e-05,2.9394291926388346e-05
extensification,178,1.605202900662328e-05,2.3704263346444527e-05
extensification,179,1.6174497405435052e-05,2.8112481375709802e-05
extensification,180,2.1627653325550914e-05,4.0099074905983444e-05
extensification,181,2.622315311712982e-05,2.50203672815368e-05
extensification,182,1.8347114006339985e-05,2.7640318456642675e-05
extensification,183,4.977920838038066e-05,2.7897363255901027e-05
extensification,184,5.3865827303677995e-06,2.8266878597589163e-05
extensification,185,7.493379204252331e-06,2.5830161183636342e-05
extensification,186,2.8990466511913313e-05,2.8736869335716363e-05
extensification,187,2.8258443847829448e-05,2.5330761655971826e-05
extensification,188,1.0696312153248515e-05,3.10369998613695e-05
extensification,189,4.023468499348445e-05,4.467458064792935e-05
extensification,190,1.4186430248259028e-05,3.243797340919836e-05
extensification,191,2.1937578942095165e-05,1.9633922153435592e-05
extensification,192,3.019591930836107e-06,1.7102910753104897e-05
extensification,193,-1.1184251533273883e-05,3.549528939626298e-05
extensification,194,4.870179121980709e-05,2.5000507800858676e-05
extensification,195,3.493209350350539e-05,4.549848933439031e-05
extensification,196,8.661532564612187e-05,4.589964645312377e-05
extensification,197,0.00012530295839434895,3.948260303910245e-05
extensification,198,2.2141105493055836e-05,2.431045267404668e-05
extensification,199,1.8381277533584346e-05,2.8456160843515305e-05
extensification,200,2.7020130376940396e-05,3.219040031269218e-05
extensification,201,5.535600483369834e-06,2.7223309323971747e-05
extensification,202,4.706486433047091e-06,2.3226648968963886e-05
extensification,203,6.0377625454762575e-05,2.3650047898431602e-05
extensification,204,1.5851879638397896e-05,2.89832552788075e-05
extensification,205,4.931088072925716e-05,4.06791644658125e-05
extensification,206,1.606361003246142e-05,2.4572165929070103e-05
extensification,207,5.6281135123291434e-05,2.8462579598826232e-05
extensification,208,5.2332461691706804e-05,3.914893920241081e-05
extensification,209,4.721861544538931e-06,3.828525758141874e-05
extensification,210,4.935199552496934e-05,3.151819976213032e-05
extensification,211,1.441348100593044e-05,4.1258606025958966e-05
extensification,212,5.5965059767384926e-05,4.899332728251933e-05
extensification,213,-1.47115804272799e-05,2.6034205745553565e-05
extensification,214,-8.715087197153993e-06,2.3725942946288987e-05
extensification,215,3.309291885661755e-05,4.53016130436152e-05
extensification,216,7.835769276208093e-06,2.2529356498715796e-05
extensification,217,2.118897724863631e-05,1.723392623440241e-05
extensification,218,4.4205340743952945e-05,3.0889213865446106e-05
extensification,219,5.434886656266984e-05,3.093512055440737e-05
extensification,220,1.3379347385745466e-05,2.12840731456645e-05
extensification,221,3.851867112786475e-07,2.7614109705251743e-05
extensification,222,3.1687828328102103e-05,2.7799589444289374e-05
extensification,223,-2.463808400191379e-05,2.9814194230310766e-05
extensification,224,1.4659836875407972e-05,2.1692614581150645e-05
extensification,225,5.862360057746859e-05,6.468016457675705e-05
extensification,226,-3.986905784731068e-06,2.7150264381151282e-05
extensification,227,5.855973052998043e-05,2.6746767128622884e-05
extensification,228,3.121484101338877e-05,2.8912263207863884e-05
extensification,229,2.9995562743776762e-05,2.576694182831935e-05
extensification,230,5.198324260107755e-05,4.2709850957592986e-05
extensification,231,2.209831633567537e-05,2.182253340870316e-05
extensification,232,1.8331854504725812e-05,4.0164711801058766e-05
extensification,233,1.7331708958560096e-05,2.0699155943397545e-05
extensification,234,1.0073478523750332e-05,2.0567503478475485e-05
extensification,235,-1.2360206858359598e-05,1.6352816236021507e-05
extensification,236,7.701402846774452e-05,1.9608049761958313e-05
extensification,237,5.435651544823472e-05,3.685052173835762e-05
extensification,238,2.717020922533172e-05,3.461594508701948e-05
extensification,239,3.520622951524569e-05,1.960974121226621e-05
extensification,240,4.603644583001596e-05,2.8093621814229562e-05
extensification,241,4.163479571426708e-05,2.2781653134568433e-05
extensification,242,2.9411660684838307e-05,3.3944485644683165e-05
extensification,243,4.954232913925221e-05,3.006381758619528e-05
extensification,244,-2.3254240713537832e-05,3.542085601660459e-05
extensification,245,6.365591334769953e-05,2.74377003335339e-05
extensification,246,7.861370490515711e-05,4.024671296039795e-05
extensification,247,4.147750445517171e-05,2.829476958727957e-05
extensification,248,5.641985573931159e-05,3.715706335049845e-05
extensification,249,9.705872521426516e-05,7.267384383483949e-05
extensification,250,3.270741188579764e-05,2.3947628188428348e-05
extensification,251,4.215511659132921e-05,2.4037812728103845e-05
extensification,252,2.4712054676229344e-05,3.3633970641284594e-05
extensification,253,4.366359707707552e-05,2.4364275428467867e-05
extensification,254,2.020563604400675e-05,2.559419779983378e-05
extensification,255,3.245300717277511e-05,2.561473898504075e-05
extensification,256,5.039221230132791e-05,2.7308120292450327e-05
extensification,257,3.565697318925054e-05,3.0360152469618607e-05
extensification,258,1.8132191021187632e-05,1.9375069195942128e-05
extensification,259,3.0263734288578686e-05,2.7123494040064766e-05
extensification,260,3.2004356777923564e-05,3.7396861951585566e-05
extensification,261,5.569109452407137e-05,3.296357714675855e-05
extensification,262,1.3082884738311853e-05,3.025824311123972e-05
extensification,263,3.6913691051270776e-05,2.698578969696455e-05
extensification,264,7.163385920520461e-06,1.7916992124799825e-05
extensification,265,9.416517874346052e-06,1.761120657054294e-05
extensification,266,-1.745546225822158e-05,4.1428167002366855e-05
extensification,267,5.6474178260035126e-05,2.939563584882039e-05
extensification,268,2.2222904572485945e-05,2.593667027691925e-05
extensification,269,2.868355404714219e-05,3.27557522576415e-05
extensification,270,4.636484901146399e-05,6.104405531399849e-05
extensification,271,1.9409840279919447e-05,3.033679092182714e-05
extensification,272,1.1112921464088824e-05,2.328723938246856e-05
extensification,273,4.815161546299201e-05,3.449192342640021e-05
extensification,274,0.00012751830559425313,6.998440053172419e-05
extensification,275,9.474937725236315e-05,8.82477501595542e-05
extensification,276,6.931192665024417e-05,4.212929487978308e-05
extensification,277,5.95789396428685e-05,3.530645819755707e-05
extensification,278,5.682544972321084e-06,2.923750438711032e-05
extensification,279,2.8035335783170574e-05,4.2995544992613224e-05
extensification,280,-1.615268253118519e-06,2.748436295976635e-05
extensification,281,8.049296251918178e-05,3.582272396298994e-05
extensification,282,6.253789755190736e-05,2.959248480651462e-05
extensification,283,-4.9698527835367e-06,2.4240045290011292e-05
extensification,284,1.8832879085525208e-05,2.873890542895393e-05
extensification,285,7.887399727882165e-05,4.489113942536395e-05
extensification,286,2.638881892083157e-05,2.9740425693224553e-05
extensification,287,2.1757748620255124e-05,2.7071554063574215e-05
extensification,288,4.799315713745168e-05,2.4149501027918507e-05
extensification,289,2.9002098042906345e-05,3.7336090521685745e-05
extensification,290,8.748271001606363e-05,2.6965397143385388e-05
extensification,291,0.0001030596963179034,5.453026917365448e-05
extensification,292,7.201327241439682e-05,4.573858344385053e-05
extensification,293,2.625878092381309e-05,3.1300085730725214e-05
extensification,294,3.854401073877908e-05,3.116522713638056e-05
extensification,295,7.286341412472623e-06,2.0893018648169897e-05
extensification,296,3.2758213007434262e-06,3.276303866003425e-05
extensification,297,4.059973625181513e-05,3.678815957892801e-05
extensification,298,4.025969108775284e-05,4.756505093223177e-05
extensification,299,-3.4887115602130234e-06,2.3668445069017744e-05
extensification,300,2.4636858227821573e-05,3.0803346720931306e-05
extensification,301,5.568910094082169e-06,3.559478358542741e-05
extensification,302,5.0369581868084075e-05,2.2257645735159758e-05
extensification,303,7.920186525406831e-05,5.570594612744815e-05
extensification,304,2.208901276426111e-05,2.7744581944865778e-05
extensification,305,2.987307912617675e-05,3.125238928433888e-05
extensification,306,3.2734003369684254e-05,3.634341849426453e-05
extensification,307,2.842233266549827e-05,3.8630734374840725e-05
extensification,308,1.568370552660897e-05,3.2636238779070976e-05
extensification,309,6.807847775837481e-05,3.0726603233584954e-05
extensification,310,3.4615226752874025e-05,5.9366558530433695e-05
extensification,311,6.169247804943869e-05,1.994707759781991e-05
extensification,312,5.329211976801804e-05,2.8818620997790612e-05
extensification,313,3.539416877425854e-05,1.7152399956246447e-05
extensification,314,9.686190723060097e-05,9.987972895797475e-05
extensification,315,-1.2313875404690725e-05,2.449398502256599e-05
extensification,316,7.674849107396555e-05,4.136607667017136e-05
extensification,317,4.8203713201369096e-05,2.6120812876284527e-05
extensification,318,5.1204927350333697e-05,3.700281629511573e-05
extensification,319,3.5585591310752294e-05,2.549820513582955e-05
extensification,320,5.620284868368755e-05,2.2335734965281007e-05
extensification,321,2.644504047993817e-05,3.3662925416889316e-05
extensification,322,6.0915067325014143e-05,0.00010610532895588742
extensification,323,6.281074291366122e-05,2.8910421486899703e-05
extensification,324,-8.850176956640206e-06,3.775568618549291e-05
extensification,325,1.4909279425933058e-05,2.2587881180507833e-05
extensification,326,9.438513707772006e-05,5.635891316164946e-05
extensification,327,6.162887061214286e-05,3.1538537048765975e-05
extensification,328,9.250697036825394e-06,1.719237890341244e-05
extensification,329,3.12438064168641e-05,2.872230773951542e-05
extensification,330,4.686550265207348e-05,3.5314817227886675e-05
extensification,331,3.735396906262441e-05,2.239902450729613e-05
extensification,332,7.421964676418232e-05,4.238753860592107e-05
extensification,333,8.77975126571734e-05,4.9360129650313206e-05
extensification,334,2.81070902640975e-05,5.789341169438179e-05
extensification,335,6.722803163686286e-05,4.1363091190855794e-05
extensification,336,3.094147064921066e-05,1.9954861093899878e-05
extensification,337,5.442022881545272e-05,2.9114855956497327e-05
extensification,338,6.898985943838209e-05,3.423872609006523e-05
extensification,339,2.3641121592668354e-05,4.4396338239863154e-05
extensification,340,5.323789213692058e-05,3.345832065417517e-05
extensification,341,3.995934478589058e-05,1.9857228657273156e-05
extensification,342,4.561857721679239e-05,3.811975800701706e-05
extensification,343,3.2023679324430545e-05,4.5913229606264475e-05
extensification,344,2.8224491784743973e-05,4.615674499070421e-05
extensification,345,1.2448058237660896e-07,2.7688356326425173e-05
extensification,346,1.2901051242248079e-05,2.59883454079351e-05
extensification,347,4.384184941548291e-06,2.373950442841189e-05
extensification,348,6.89293393218076e-06,3.0371348983880474e-05
extensification,349,5.82120327349117e-05,4.165650626257198e-05
extensification,350,4.817122183037275e-05,4.2365793447728735e-05
extensification,351,3.999896819621088e-06,3.2408386152737037e-05
extensification,352,5.062046294112683e-05,3.647665798935971e-05
extensification,353,5.1486556882069654e-06,2.757111228705259e-05
extensification,354,8.674116538858577e-06,3.0298100046960398e-05
extensification,355,3.303096959964032e-06,2.6524938947009633e-05
extensification,356,-2.731497015649455e-05,2.4627440082181383e-05
extensification,357,-1.7535106496616058e-05,3.298760799085308e-05
extensification,358,4.0177333851438145e-05,3.140225720212036e-05
extensification,359,1.2001887714354342e-05,3.625891226512398e-05
extensification,360,1.7807276532748256e-05,2.754385911273079e-05
extensification,361,4.009820015255369e-05,5.012829112569488e-05
extensification,362,6.977325137744974e-06,3.0091139450064943e-05
extensification,363,5.2182779191557985e-05,4.7345433745535774e-05
extensification,364,3.7961336660813916e-05,2.9203132258850835e-05
extensification,365,5.6873954959535544e-05,4.289561965541833e-05
extensification,366,3.36516934855651e-05,3.272496286452737e-05
extensification,367,2.1825277263205246e-05,2.105520569337627e-05
extensification,368,3.273867542971369e-05,2.7398285560889504e-05
extensification,369,2.021907940578418e-06,2.991513639432736e-05
extensification,370,-3.0901158353714877e-06,3.300694276964509e-05
extensification,371,4.12083856029984e-05,3.077524106418842e-05
extensification,372,3.17762748054812e-05,5.030976086170809e-05
extensification,373,-9.442201245296718e-06,3.7162609713666966e-05
extensification,374,6.756167509324548e-05,3.408786746631605e-05
extensification,375,1.4345576370008675e-05,4.306834583716802e-05
extensification,376,1.742143802834646e-05,3.921543746345894e-05
extensification,377,3.291783617113334e-05,2.2988008045535122e-05
extensification,378,1.937366578754565e-05,2.473017420974032e-05
extensification,379,3.2042688846064366e-05,1.8808735872791227e-05
extensification,380,6.984534247958653e-05,3.40239837898888e-05
extensification,381,3.209741299627978e-05,3.491938841166467e-05
extensification,382,3.247907338077026e-05,4.36498295564847e-05
extensification,383,2.0847084490118815e-05,3.978838988724756e-05
extensification,384,5.352076073505234e-05,1.689614256123618e-05
extensification,385,7.398257079738041e-05,5.790370841893488e-05
extensification,386,7.939486995282269e-05,8.306355105453779e-05
extensification,387,3.0153702870497425e-05,2.853441992646149e-05
extensification,388,-9.501749087208942e-06,2.77909283886516e-05
extensification,389,6.57305879093337e-05,4.0478178995370386e-05
extensification,390,2.7241909522787277e-05,2.754294095765722e-05
extensification,391,9.783734232143664e-05,3.50261831141641e-05
extensification,392,3.389837494273153e-05,3.8789762687620935e-05
extensification,393,-3.337903666630375e-06,3.111915053499139e-05
extensification,394,4.282256826718223e-05,2.7883353988352327e-05
extensification,395,-3.993508614338909e-06,3.588676289108769e-05
extensification,396,2.0612012400620805e-05,3.747952183524019e-05
extensification,397,-6.427426233421258e-06,2.6798572460120238e-05
extensification,398,3.4914319206978212e-06,2.2487176093811214e-05
extensification,399,6.834349946290477e-05,3.062140213827646e-05
extensification,400,7.018890853694998e-05,3.857030640259131e-05
extensification,401,3.667807617911983e-05,2.232392416167064e-05
extensification,402,9.479439882718573e-05,6.001078051989553e-05
extensification,403,4.961664018352332e-05,6.135439890384473e-05
extensification,404,1.8889558466009963e-05,3.0236205436226536e-05
extensification,405,7.668115990371826e-05,3.965336408833721e-05
extensification,406,5.8518502765027674e-05,2.5532956472865064e-05
extensification,407,6.064226723641504e-05,3.655756508485036e-05
extensification,408,2.3277734655574826e-05,3.4404233606185467e-05
extensification,409,-2.345066184676433e-06,2.4138396487157062e-05
extensification,410,5.43766144982105e-06,2.641558648813058e-05
extensification,411,3.4114913865450057e-06,3.760200580731607e-05
extensification,412,2.7174505554577515e-05,2.9160289105805416e-05
extensification,413,2.098202600507448e-05,3.0234464353484926e-05
extensification,414,7.187319982828008e-05,5.700517497182165e-05
extensification,415,-1.4985223182541519e-05,2.267651490992228e-05
extensification,416,2.328797588395623e-05,4.9060904652360314e-05
extensification,417,3.5656483907467684e-05,2.380812251899818e-05
extensification,418,1.29586101301766e-05,2.84534920894687e-05
extensification,419,-5.091529936540785e-06,3.1862591528712705e-05
extensification,420,5.483758501234676e-05,2.929408626064345e-05
extensification,421,0.00012618476792859734,0.0001019952109420009
extensification,422,1.941907683114228e-05,2.345617151521407e-05
extensification,423,1.5656192807869273e-05,3.891310182757884e-05
extensification,424,-1.523590585834201e-05,1.5131958796096706e-05
extensification,425,8.977307024523359e-05,3.7967650305769884e-05
extensification,426,4.286666651384742e-05,2.5753549720213356e-05
extensification,427,2.6876921760111603e-05,4.655371940885098e-05
extensification,428,1.0460586910188372e-05,5.577293314292153e-05
extensification,429,6.290819527331431e-05,3.7905032044994314e-05
extensification,430,3.906471253281453e-05,4.170945184395671e-05
extensification,431,1.0575611204905336e-05,3.1230019113227125e-05
extensification,432,9.336462727662148e-05,4.465131192212178e-05
extensification,433,5.259000547098749e-05,2.672100312669594e-05
extensification,434,3.7897383032432005e-05,3.421926037772995e-05
extensification,435,4.662001433082415e-05,2.9892812623932898e-05
extensification,436,-4.064524286634294e-06,3.4478987543735485e-05
extensification,437,0.0001103982300744352,4.3233664276786475e-05
extensification,438,0.00011183294458799185,3.902187941854526e-05
extensification,439,3.2362308033839666e-05,2.9654472360562653e-05
extensification,440,2.23887989550365e-05,2.1955550120835362e-05
extensification,441,6.068006450276943e-05,6.319943107205796e-05
extensification,442,3.0789355331394584e-05,2.628185464424731e-05
extensification,443,2.3235078683054403e-05,4.243770568467088e-05
extensification,444,-1.0777902026422511e-05,4.109576900925991e-05
extensification,445,2.9137199131450704e-05,4.7909587177877994e-05
extensification,446,5.07663129657477e-05,3.045108390198064e-05
extensification,447,3.8213309164083435e-05,3.717221900333996e-05
extensification,448,3.615851696595284e-05,2.13793203883661e-05
extensification,449,3.259817854748347e-05,2.869409397975704e-05
extensification,450,2.4910528072048326e-05,2.5688171110727897e-05
extensification,451,2.3843352286202145e-05,2.6709446522083927e-05
extensification,452,8.664222281223829e-05,2.8748535589867687e-05
extensification,453,2.9556005684657626e-05,2.5199311087691506e-05
extensification,454,0.00011482999705112799,3.722950689464279e-05
extensification,455,1.7718745385886645e-05,2.9560425591277655e-05
extensification,456,6.584673380048293e-05,4.6720250301869394e-05
extensification,457,4.870325353398324e-05,4.788971828780677e-05
extensification,458,2.5710584717718623e-05,1.7642136480209073e-05
extensification,459,1.5655588231799633e-05,2.7519946532880804e-05
extensification,460,4.49121481303617e-05,3.0868194746491336e-05
extensification,461,7.343322295348053e-05,4.879806790281773e-05
extensification,462,-9.139607109310477e-06,3.093922199127868e-05
extensification,463,4.078164562438517e-05,2.787458243339485e-05
extensification,464,2.8250820388636567e-05,4.2365745732500984e-05
extensification,465,3.6158466972283182e-06,3.009718658667467e-05
extensification,466,2.1566241841644977e-05,5.128518983152652e-05
extensification,467,3.140059026267879e-05,2.4171952426096303e-05
extensification,468,6.901381758871571e-05,4.4995490564888325e-05
extensification,469,2.70945111507749e-05,2.724981762843336e-05
extensification,470,2.6173972979926003e-05,3.138695069653248e-05
extensification,471,5.664261632519428e-05,3.382290601658464e-05
extensification,472,2.6214988985016623e-05,2.063642087969957e-05
extensification,473,6.219928548265674e-05,4.078394795708707e-05
extensification,474,4.2845884017588306e-05,2.0116539395994936e-05
extensification,475,3.800688908049438e-06,2.334422207844142e-05
extensification,476,3.549297607625345e-05,2.0990529243407505e-05
extensification,477,3.177309582259508e-05,3.821345448428565e-05
extensification,478,7.594110354388118e-05,3.470250323270333e-05
extensification,479,4.086424479823899e-05,4.471506759414721e-05
extensification,480,2.3849728963016396e-05,3.5667854014073566e-05
extensification,481,3.1405184181116784e-05,3.252668524089128e-05
extensification,482,3.746838607514929e-05,2.7127621793813493e-05
extensification,483,4.102206740500138e-05,3.4034399447190493e-05
extensification,484,4.397960745065593e-05,2.5818457190864322e-05
extensification,485,2.9929401327251865e-05,3.145349509986663e-05
extensification,486,9.663816001368452e-06,2.716014553003233e-05
extensification,487,2.9478978033824797e-05,3.3771444150384215e-05
extensification,488,9.87174555152923e-06,3.81169249888662e-05
extensification,489,4.551844588478704e-05,5.2425230004003934e-05
extensification,490,7.25993314086109e-05,3.164427635688538e-05
extensification,491,5.405579593914033e-05,3.70686100979788e-05
extensification,492,1.0532945408996826e-05,2.9578757664645318e-05
extensification,493,6.214192604426894e-05,4.150166811369984e-05
extensification,494,3.3922427660946496e-05,3.610500912708696e-05
extensification,495,6.145721775407427e-05,3.659061403651039e-05
extensification,496,4.5005111987011705e-05,2.911284739471328e-05
extensification,497,-4.0242146026711785e-07,3.213307784864456e-05
extensification,498,1.532835363072648e-05,3.803969522335373e-05
extensification,499,3.63599595017691e-05,3.727227895094186e-05
extensification,500,2.1538810311877086e-05,4.313639292820216e-05
extensification,501,8.905579938251735e-05,4.311307641591251e-05
extensification,502,4.765949871061268e-05,7.354582376708448e-05
extensification,503,-1.0706985433452204e-05,2.4088741538148828e-05
extensification,504,3.398240276947076e-05,3.094798466778165e-05
extensification,505,0.0001629950511990007,5.516752103459026e-05
extensification,506,2.5289981453482085e-05,3.221588219293885e-05
extensification,507,3.7910798322614986e-05,2.2027280905943015e-05
extensification,508,1.0925239550205747e-05,2.6089889571396672e-05
extensification,509,4.5615921694717106e-05,5.4409218661818334e-05
extensification,510,8.015361364663155e-05,2.7169188815980087e-05
extensification,511,3.222687828849899e-05,2.196942022088647e-05
extensification,512,6.448278340121597e-05,4.7003323798637504e-05
extensification,513,4.4743104513004576e-05,3.871667192114399e-05
extensification,514,2.69410468218564e-05,5.026341879527415e-05
extensification,515,6.543948962514691e-05,2.970508972505586e-05
extensification,516,8.673330257568633e-05,2.8303897454271864e-05
extensification,517,2.5167028675813397e-05,2.795447462219989e-05
extensification,518,5.446657597437456e-05,2.9244056952124938e-05
extensification,519,7.975364986279717e-05,3.7811854109899066e-05
extensification,520,2.5935221718633723e-05,2.7459878131610205e-05
extensification,521,-1.2976642760677564e-05,2.3907535660060033e-05
extensification,522,0.00010309391172448223,4.5491248984448844e-05
extensification,523,6.944263131136427e-05,6.421187827070487e-05
extensification,524,-5.459455596540154e-06,3.032946656470787e-05
extensification,525,1.885978694461656e-05,2.9673987594080027e-05
extensification,526,-8.734591876106074e-06,2.8483796461651028e-05
extensification,527,5.870588166119039e-06,2.624004436845664e-05
extensification,528,1.881874986575713e-05,3.299625896747171e-05
extensification,529,4.933878181044445e-05,2.930431736189814e-05
extensification,530,7.53086672194327e-05,4.94799639559792e-05
extensification,531,6.053576790434272e-05,6.48333597045685e-05
extensification,532,7.563670241230613e-05,3.2521529314750046e-05
extensification,533,5.696847616355541e-05,3.186207108330312e-05
extensification,534,5.5423176256408057e-05,3.520554375337825e-05
extensification,535,2.519563081793773e-05,2.4908737388846028e-05
extensification,536,1.119894011981669e-05,2.8461929076297535e-05
extensification,537,2.3779114409463556e-05,4.9064266544224385e-05
extensification,538,-4.635518618718563e-06,2.246498996260657e-05
extensification,539,3.4609136789876105e-05,3.6461018280335804e-05
extensification,540,1.1266440165998522e-05,4.2984029843055246e-05
extensification,541,7.480131231752989e-05,4.2655023410230694e-05
extensification,542,2.7982476855641905e-05,3.2530524296631516e-05
extensification,543,-4.945499977570044e-07,3.6905063443143425e-05
extensification,544,2.133978188401465e-06,2.625414841611171e-05
extensification,545,1.6488652178934206e-06,3.35885319942693e-05
extensification,546,7.41306046365109e-05,3.3378481318158396e-05
extensification,547,6.782909442017448e-05,3.3638207884070444e-05
extensification,548,8.343164901941871e-05,5.347720057315396e-05
extensification,549,4.7110383776251705e-05,3.6721853696244314e-05
extensification,550,5.491908921705081e-05,2.729020068118254e-05
extensification,551,7.102792537130563e-05,4.004409706772531e-05
extensification,552,4.7893234328866156e-05,2.3939057063536163e-05
extensification,553,1.7347677967667092e-05,2.201528037128515e-05
extensification,554,3.3745050749380795e-05,2.4929405440917887e-05
extensification,555,7.571445268174353e-05,4.262089596482913e-05
extensification,556,8.308415191019743e-05,4.530440454062324e-05
extensification,557,1.8874579668372868e-05,2.2756553828843714e-05
extensification,558,4.592084675652648e-05,2.7142491834631404e-05
extensification,559,8.227942617309814e-05,4.955724199394596e-05
extensification,560,6.033784806785013e-05,3.487058005303333e-05
extensification,561,4.5197381926127396e-05,3.302111575319514e-05
extensification,562,3.7735640104470117e-06,2.824468706377002e-05
extensification,563,-1.1450581713994437e-05,3.512588974674679e-05
extensification,564,3.1672121971700634e-05,3.566915427373055e-05
extensification,565,1.4969803853150582e-05,1.89475276111194e-05
extensification,566,1.466666218744897e-05,1.9186778322660807e-05
extensification,567,1.8692681224652768e-05,3.2116455830237124e-05
extensification,568,1.9369817789647514e-05,2.4139944484442282e-05
extensification,569,3.186222711926399e-05,3.584698658100376e-05
extensification,570,5.8741424044116226e-05,4.0820806103335855e-05
extensification,571,5.160066793731992e-05,2.9147219577846476e-05
extensification,572,8.583610762219585e-05,2.6985783827192547e-05
extensification,573,2.4174436138072234e-05,5.6665439367105693e-05
extensification,574,6.21521771754539e-05,5.4148679038972746e-05
extensification,575,5.972301370221323e-06,2.832543673316464e-05
extensification,576,7.033056977288245e-06,3.1950663304956314e-05
extensification,577,2.0279098745262882e-05,2.3251073060101397e-05
extensification,578,4.558233615539325e-05,2.4936552182708547e-05
extensification,579,4.929876049999482e-05,2.5538791723330953e-05
extensification,580,7.06029774188934e-05,2.3856832691323456e-05
extensification,581,6.0177422805992464e-05,3.2124554010524474e-05
extensification,582,7.212817969298412e-05,3.585261334290256e-05
extensification,583,6.117110645185245e-05,3.707154524380551e-05
extensification,584,2.5805790922517273e-05,6.225439655377875e-05
extensification,585,5.4124550654924225e-05,3.227622103384169e-05
extensification,586,1.1342982091161469e-05,2.8083831129011468e-05
extensification,587,1.9036799660336326e-05,3.218091859464951e-05
extensification,588,3.6888390207070265e-05,2.0697307635379504e-05
extensification,589,5.93432377905282e-05,7.490755827874328e-05
extensification,590,3.633469058669221e-05,3.8017542783321875e-05
extensification,591,5.539482734546735e-05,2.0401509457631057e-05
extensification,592,8.27893204855951e-06,3.4788204806824765e-05
extensification,593,4.390851118081454e-05,4.893352718796117e-05
extensification,594,5.063860803323537e-05,5.270469537696619e-05
extensification,595,1.727559627446294e-05,2.134150203090204e-05
extensification,596,-8.966189436491784e-06,2.5494672062505795e-05
extensification,597,3.293765373318004e-05,3.74428545175278e-05
extensification,598,-2.9555257063567082e-06,2.6203750736072845e-05
extensification,599,-2.6848301054941933e-06,2.6603727001037834e-05
extensification,600,2.1430533247889824e-05,2.5193481246553896e-05
extensification,601,-1.3792958246563996e-05,3.462775308251283e-05
extensification,602,2.3262492133609176e-05,2.9231188503082652e-05
extensification,603,1.9594674095690629e-07,2.312686277144628e-05
extensification,604,5.5535210104718335e-05,3.609809107705606e-05
extensification,605,5.9624227978670715e-05,3.507709912765818e-05
extensification,606,5.9818880243390265e-05,3.1604274626874495e-05
extensification,607,2.1315903987296343e-06,3.560172560463686e-05
extensification,608,5.4669073141523865e-05,3.5295563189195055e-05
extensification,609,-5.217080504791043e-06,2.804778345147681e-05
extensification,610,4.918397586678283e-05,4.024652388455375e-05
extensification,611,7.271243980964105e-05,3.4011991490772985e-05
extensification,612,8.535375647787438e-05,5.187067109263789e-05
extensification,613,2.8175529598723593e-05,2.6314866856382952e-05
extensification,614,0.00013432723533573896,6.725387607086924e-05
extensification,615,3.902611330417844e-05,3.560618305149412e-05
extensification,616,1.708595331780183e-05,2.0969321013648662e-05
extensification,617,8.43804476273541e-05,3.4300045472326297e-05
extensification,618,2.639437855072128e-05,2.6971647964138145e-05
extensification,619,4.1912854799221174e-05,3.9993068170518575e-05
extensification,620,5.532984032685092e-05,3.134371873297579e-05
extensification,621,4.0085050819626935e-05,2.96980736258888e-05
extensification,622,9.664626690767696e-05,2.15098564362204e-05
extensification,623,3.188721690709211e-05,3.2327285479643015e-05
extensification,624,3.56202631728261e-05,2.482682585118335e-05
extensification,625,4.924964142009806e-06,2.2432460126255742e-05
extensification,626,1.9415541003173066e-05,3.2142169218356095e-05
extensification,627,7.536883577340649e-06,2.157005492967234e-05
extensification,628,8.485105935038696e-06,2.0969190881624646e-05
extensification,629,2.875432515401217e-05,2.377328412434585e-05
extensification,630,2.0846863907206504e-05,3.4438180396463316e-05
extensification,631,1.0173857794612782e-05,3.0140238084048505e-05
extensification,632,3.2715043922178483e-05,2.069865240318735e-05
extensification,633,3.2281174574722596e-05,2.429734361455832e-05
extensification,634,3.4007022479988785e-07,2.9335131904122573e-05
extensification,635,4.6038772279021666e-05,3.845222314593011e-05
extensification,636,3.68535352456305e-05,4.2764012985533404e-05
extensification,637,5.5076870193984625e-05,4.963577198426041e-05
extensification,638,0.00010014047421064634,5.219334471600866e-05
extensification,639,8.146512506440766e-05,3.523453265584184e-05
extensification,640,2.6373497905944027e-05,3.1177003644323467e-05
extensification,641,2.1850668745144865e-05,3.7597174394309086e-05
extensification,642,3.1650784554013475e-05,3.1373202563818013e-05
extensification,643,8.149258958612032e-05,3.764766278243152e-05
extensification,644,5.278437630691893e-05,4.0138608818539285e-05
extensification,645,-7.727942900306101e-06,3.049984025903496e-05
extensification,646,3.970748171485273e-05,2.0018760868981966e-05
extensification,647,5.073441218955976e-05,3.883509746721898e-05
extensification,648,5.15853614211472e-05,2.341188415127679e-05
extensification,649,8.584192352609285e-05,3.663542675062456e-05
extensification,650,5.7291725751308454e-05,3.882456691742847e-05
extensification,651,3.28828272664274e-05,2.238719715119656e-05
extensification,652,6.623128167432183e-05,6.251932203564768e-05
extensification,653,2.2990645965041624e-05,3.2679241319960756e-05
extensification,654,3.3018010072570126e-05,3.46403614083491e-05
extensification,655,7.93820313745679e-05,6.10647490283745e-05
extensification,656,5.549284163401093e-05,2.523839621334441e-05
extensification,657,5.4039124339873076e-05,4.003670588427388e-05
extensification,658,3.535394626952453e-05,3.013939819385886e-05
extensification,659,4.96527103071624e-05,3.661708069091665e-05
extensification,660,4.1548224780790446e-05,2.501275861821509e-05
extensification,661,4.4254425025779816e-05,2.0326159143834932e-05
extensification,662,5.5284710022608844e-05,3.455261510329356e-05
extensification,663,4.608203922532511e-05,2.5948197919851785e-05
extensification,664,-2.6659174603157795e-05,2.175335157119877e-05
extensification,665,4.336014709296468e-06,2.7027992870295922e-05
extensification,666,5.029284547516726e-05,3.2526453260045985e-05
extensification,667,2.319496510603443e-05,2.1301061123656458e-05
extensification,668,1.8550472930288827e-05,3.0087102186805098e-05
extensification,669,5.009777583339638e-05,2.0092049251675553e-05
extensification,670,-2.6310055826823955e-05,3.06464782147498e-05
extensification,671,7.105191929696813e-05,4.802527761146433e-05
extensification,672,-2.94691324136181e-05,3.236513288602584e-05
extensification,673,-1.3868267104426303e-06,2.333781581220569e-05
extensification,674,1.082097347777054e-05,1.8404530048187323e-05
extensification,675,6.218465664989785e-05,3.618099120413949e-05
extensification,676,7.518847217082823e-05,4.090501503325734e-05
extensification,677,7.455582330076264e-06,2.6280744401788446e-05
extensification,678,5.495037543812003e-05,3.6216205368992035e-05
extensification,679,9.03404378913155e-05,3.442480742958262e-05
extensification,680,3.380532900922094e-05,3.0156203263069778e-05
extensification,681,3.808950336779379e-05,6.631585176727088e-05
extensification,682,-1.3624913340923466e-05,4.1410526659214013e-05
extensification,683,4.072103937047767e-05,2.502590679176966e-05
extensification,684,9.675680750506098e-05,3.949730436705535e-05
extensification,685,5.6480903701957825e-05,2.417030554183961e-05
extensification,686,6.828907440663853e-05,2.9620503551482668e-05
extensification,687,2.3251458729498064e-05,2.940192373292113e-05
extensification,688,2.7186801849019143e-05,6.888609181336858e-05
extensification,689,7.903877654485397e-05,3.7746532965195896e-05
extensification,690,8.497652772116499e-07,3.305726004491691e-05
extensification,691,9.151650824194709e-05,3.1405278141354046e-05
extensification,692,3.0337410431799703e-05,4.378043915816274e-05
extensification,693,2.983075375245944e-05,3.440264027930024e-05
extensification,694,2.1148012269305832e-05,1.986910028125464e-05
extensification,695,3.878745005781524e-05,3.7493707295985745e-05
extensification,696,3.141485886166636e-05,2.8008266070611907e-05
extensification,697,2.285667991970715e-05,4.5557338032614416e-05
extensification,698,5.2375924374543536e-05,4.281558591039433e-05
extensification,699,3.4691165264183954e-05,3.483444258576135e-05
extensification,700,3.882516329612051e-05,3.63914040365698e-05
extensification,701,2.7500879201386863e-05,3.5809465050500634e-05
extensification,702,8.226068758893997e-05,2.8861333794181823e-05
extensification,703,3.430200339957117e-05,3.6414502996413124e-05
extensification,704,3.677558051042206e-05,3.717689193125748e-05
extensification,705,1.1935654760504856e-05,2.2787730738329835e-05
extensification,706,3.466046895986753e-05,3.303481853257449e-05
extensification,707,1.394302786808043e-05,1.5295213268631804e-05
extensification,708,9.668401811662946e-05,4.132235023184298e-05
extensification,709,2.8598581521191243e-05,2.696280096843067e-05
extensification,710,3.681241507319477e-05,5.072199167061642e-05
extensification,711,1.2062864084791416e-05,3.169966075458365e-05
extensification,712,2.410504528885252e-05,4.620608861218119e-05
extensification,713,2.212642917360207e-05,2.2969169593682495e-05
extensification,714,7.148924263178941e-05,2.5668630018258035e-05
extensification,715,-1.2276391733656539e-05,2.413071423385816e-05
extensification,716,7.038976278731624e-05,3.0854375471251096e-05
extensification,717,3.278284431635975e-05,2.3515516127139363e-05
extensification,718,5.530678990669519e-05,4.9084282225732184e-05
extensification,719,-1.961561874266323e-05,3.3591449712988004e-05
extensification,720,6.89659388156784e-05,4.932244339071154e-05
extensification,721,4.701004801219315e-05,2.5309778274728783e-05
extensification,722,-4.859975693802917e-06,4.364359845304545e-05
extensification,723,2.435246433215769e-09,2.502806753966452e-05
extensification,724,-3.804494282537462e-06,2.5250302757226753e-05
extensification,725,2.4851717821285254e-05,2.4683628491718793e-05
extensification,726,7.1074835000582665e-06,3.054970939863728e-05
extensification,727,2.4145207838970996e-05,2.5496899299712106e-05
extensification,728,2.204210698909897e-05,3.391110057044437e-05
extensification,729,6.414316379356995e-05,3.3088275631788477e-05
extensification,730,5.57577661312628e-05,4.39468577896406e-05
extensification,731,3.52354312777609e-05,3.73024720831649e-05
extensification,732,1.8143401298781385e-05,3.5535624518527825e-05
extensification,733,5.350674467386512e-05,4.2789103158087134e-05
extensification,734,4.364235747801507e-05,2.5442199200371125e-05
extensification,735,5.167360335430805e-05,3.412897668908095e-05
extensification,736,1.5479513345843138e-05,3.503078548185496e-05
extensification,737,-1.528384696481667e-07,2.875173086501402e-05
extensification,738,3.506113224851844e-06,2.8649632289396008e-05
extensification,739,1.8668055133043697e-05,2.5960502552447077e-05
extensification,740,2.952822464857056e-05,4.358438193717676e-05
extensification,741,5.337492359381109e-05,2.0747532266490814e-05
extensification,742,7.678348174893533e-05,7.272675736196196e-05
extensification,743,-2.337240730989756e-06,2.1238185541551713e-05
extensification,744,3.5831552231986223e-05,2.1781345557686832e-05
extensification,745,7.041815389670299e-05,3.884675105225251e-05
extensification,746,-1.2906403165258351e-05,1.807159326716668e-05
extensification,747,7.126733670517751e-05,3.79336777034725e-05
extensification,748,4.73023094868e-05,3.4124289112629386e-05
extensification,749,4.297656314122982e-05,3.344875183880913e-05
extensification,750,2.738220934147438e-05,2.7505678664031418e-05
extensification,751,2.811811346153238e-05,1.9466510638666604e-05
extensification,752,3.551263023964806e-05,4.5860868329461324e-05
extensification,753,4.928756050257722e-05,4.839635006053047e-05
extensification,754,3.697634200187866e-05,2.428478042794066e-05
extensification,755,3.701019355902467e-05,4.1793929678223495e-05
extensification,756,6.767907848183706e-05,3.413969407928023e-05
extensification,757,-3.69146416376529e-05,3.4116118694423664e-05
extensification,758,3.4772756983268715e-07,1.6471026214057054e-05
extensification,759,3.999789402151944e-05,3.5608700815052666e-05
extensification,760,4.435619773281835e-05,3.751602942996719e-05
extensification,761,5.072657534146871e-05,5.3237065682948655e-05
extensification,762,5.2940569658795556e-05,4.3700964642036346e-05
extensification,763,1.3440469669582496e-05,2.6307354429134154e-05
extensification,764,3.15483584674878e-05,4.576012475810415e-05
extensification,765,6.589089256407415e-05,6.433075551317023e-05
extensification,766,4.1225615008367704e-05,3.2288404761369536e-05
extensification,767,1.0289658475932018e-05,2.961621315770802e-05
extensification,768,7.160533901080766e-05,4.052277312414823e-05
extensification,769,-2.5717844403606232e-05,2.9292636394122062e-05
extensification,770,9.705365176167902e-05,4.861164176344935e-05
extensification,771,4.992534517210887e-05,3.250165898362023e-05
extensification,772,5.264427876409603e-05,2.656853901177902e-05
extensification,773,1.0272537296273175e-05,2.8758421204655418e-05
extensification,774,4.462506234070172e-05,2.9139576678885698e-05
extensification,775,6.29108730105784e-07,2.8679728916804785e-05
extensification,776,0.00012147103007003032,3.7756783465454116e-05
extensification,777,1.5931921788900293e-05,2.448988560263062e-05
extensification,778,5.649701856530271e-05,3.1471228751090096e-05
extensification,779,3.467495940279349e-05,2.230894401670362e-05
extensification,780,3.0213506666686674e-05,2.3918150905829022e-05
extensification,781,1.5761504978421594e-05,2.974341182880621e-05
extensification,782,5.000480994489593e-06,3.129371077516852e-05
extensification,783,1.3723289239839369e-05,2.5728265662173448e-05
extensification,784,3.7937742194790184e-05,2.5998280766518993e-05
extensification,785,1.4062672445961551e-05,2.7101383211747406e-05
extensification,786,1.5112673973304702e-05,3.40266783288062e-05
extensification,787,8.842582293325136e-05,3.585870619756545e-05
extensification,788,3.861861329073454e-05,3.7714887870510225e-05
extensification,789,1.8918059241188575e-05,5.2651715988229745e-05
extensification,790,-2.1130809732867545e-05,2.3240387357752103e-05
extensification,791,3.944248138515447e-05,3.074747422927618e-05
extensification,792,6.709895786771924e-05,4.296786801372076e-05
extensification,793,6.872969329339158e-05,6.473516842664937e-05
extensification,794,4.9453131043427685e-05,2.5134472077731385e-05
extensification,795,4.073450282408623e-05,3.868055134506239e-05
extensification,796,2.889022963274701e-05,3.466234111059455e-05
extensification,797,6.918908370413008e-05,3.30159830575052e-05
extensification,798,0.00010161762259715902,7.834746090055935e-05
extensification,799,4.583140903275142e-05,3.210237119042213e-05
extensification,800,5.542956232978875e-05,3.504642928723731e-05
extensification,801,3.811992942760655e-05,3.5131748201290094e-05
extensification,802,1.7267532640781222e-05,1.9706795319725236e-05
extensification,803,7.15676771696029e-05,2.679756308942828e-05
extensification,804,5.795954763061608e-05,5.478146120187718e-05
extensification,805,2.259581485795731e-05,4.1739658688787136e-05
extensification,806,4.0177824327439585e-05,2.4181454105887934e-05
extensification,807,4.477727783178342e-05,4.599717166997443e-05
extensification,808,3.7238080611066675e-05,5.2458077595741205e-05
extensification,809,-1.8283677754042566e-05,2.4967238694129027e-05
extensification,810,4.4887511955010156e-05,3.720602677323059e-05
extensification,811,2.732549958410167e-05,2.366521087217579e-05
extensification,812,3.383655466240341e-05,2.3423042689918436e-05
extensification,813,-1.3457058963174441e-06,1.9216616525751648e-05
extensification,814,3.709052596656289e-05,3.455517397670485e-05
extensification,815,2.6564644678061204e-05,2.092122560637646e-05
extensification,816,-8.845107467741252e-06,2.525231027694196e-05
extensification,817,-1.0618593284762984e-05,1.998301936444588e-05
extensification,818,3.295244738220475e-05,3.667979695315859e-05
extensification,819,4.0488196727014944e-05,3.780142272061621e-05
extensification,820,1.5674438863360697e-05,2.813208285342978e-05
extensification,821,6.188943243433715e-05,3.87408795950553e-05
extensification,822,1.9531219989098423e-05,2.5831607018002673e-05
extensification,823,5.438011313602399e-05,2.8733364401753588e-05
extensification,824,2.3773422304330822e-05,2.442991682133331e-05
extensification,825,1.3799518418475533e-05,2.507246291087753e-05
extensification,826,5.588215630943265e-05,3.8210883971491575e-05
extensification,827,-1.617055011745344e-05,2.3835398531182242e-05
extensification,828,1.0519553329758578e-05,2.8058013549798458e-05
extensification,829,9.466026973163455e-05,4.5142359943941e-05
extensification,830,6.843415873170422e-05,3.6254489940123515e-05
extensification,831,8.235485291117245e-05,4.838821086991204e-05
extensification,832,4.534543967340512e-05,2.927349739718342e-05
extensification,833,2.9438202917985815e-05,1.995410377026547e-05
extensification,834,-1.4606520287559535e-06,4.3083443019417504e-05
extensification,835,-4.412224697971998e-06,3.4029553329414225e-05
extensification,836,3.3262710424889595e-06,2.328932007346197e-05
extensification,837,4.64780209675092e-05,2.5862141944229503e-05
extensification,838,2.5549477126976236e-05,4.76242264839635e-05
extensification,839,1.2114657167797898e-05,4.564075401766065e-05
extensification,840,-8.080116275233617e-06,3.1870931526730425e-05
extensification,841,2.3792491960321498e-05,3.27578861807236e-05
extensification,842,6.554718061406403e-06,3.6240182299110634e-05
extensification,843,2.6025218143539964e-05,2.129134731242353e-05
extensification,844,2.857138521052315e-05,3.0309309066378448e-05
extensification,845,-5.210772102364595e-06,2.1855068576079622e-05
extensification,846,-3.7086400922844698e-06,3.589082950436068e-05
extensification,847,1.2601580279304988e-05,1.709824409252519e-05
extensification,848,4.833452631276375e-05,3.586338859528429e-05
extensification,849,4.0806867319280145e-05,2.9005553203231353e-05
extensification,850,1.3591153290453026e-05,2.1671259866962472e-05
extensification,851,2.874586388721927e-05,4.0293103836811364e-05
extensification,852,3.6050375423385415e-05,3.906768510853163e-05
extensification,853,5.337807574349176e-05,3.2193881260394704e-05
extensification,854,-2.377721458274422e-05,3.260719013775574e-05
extensification,855,4.3851213259821834e-05,4.0067274420583325e-05
extensification,856,4.08834086654342e-05,2.5065068353422387e-05
extensification,857,1.9039975453590797e-05,2.6026562098653404e-05
extensification,858,7.109859691588188e-05,3.3227428765088415e-05
extensification,859,5.6231341835196994e-05,3.5025475568133225e-05
extensification,860,6.060387010845747e-05,2.269471694294268e-05
extensification,861,5.157248163706013e-05,3.3232477118155595e-05
extensification,862,2.266641971179653e-05,2.1003868389019783e-05
extensification,863,5.647190479300619e-05,6.62180672506753e-05
extensification,864,3.681403433617701e-05,2.7252687819369968e-05
extensification,865,1.36706020287898e-06,3.2091750357342506e-05
extensification,866,5.426339897446126e-05,2.787355086459393e-05
extensification,867,8.174912770863511e-05,2.3023088773675486e-05
extensification,868,4.066421291097168e-05,2.409759507501126e-05
extensification,869,1.0109679767792261e-05,2.7323654220196282e-05
extensification,870,2.507816987857616e-05,2.8904985402242575e-05
extensification,871,2.1536950593441004e-05,2.1555513387161558e-05
extensification,872,-2.2738371200740256e-05,2.7644937232467154e-05
extensification,873,4.7740445207780513e-05,3.5315814600739046e-05
extensification,874,4.8881971184914934e-05,4.4441128872820385e-05
extensification,875,6.88955199664048e-05,3.309454188487961e-05
extensification,876,2.3928383386332896e-05,3.078649701224691e-05
extensification,877,-3.127144476018951e-05,2.0242791909407712e-05
extensification,878,5.786432129162808e-05,4.4219312847428164e-05
extensification,879,1.737685476695132e-05,2.7986078822232805e-05
extensification,880,-9.91714209638468e-07,1.743688790835848e-05
extensification,881,1.9300319056892832e-05,2.4071729767403717e-05
extensification,882,5.815940373736058e-05,4.17990272157391e-05
extensification,883,1.1641291110100985e-05,3.1082839211027105e-05
extensification,884,6.951427441949978e-05,4.891256945323901e-05
extensification,885,3.10692335418519e-05,1.785803037579743e-05
extensification,886,3.564167794682777e-05,5.000733890053194e-05
extensification,887,4.8970987305890825e-05,3.882971622520996e-05
extensification,888,7.501504788615858e-06,2.085202319086549e-05
extensification,889,7.272009562802473e-05,1.6098516660157237e-05
extensification,890,4.2869808475280855e-05,3.627102132082106e-05
extensification,891,-1.0178877993806629e-06,3.072878606718491e-05
extensification,892,3.420632197332782e-05,3.3835427007466336e-05
extensification,893,9.457929823299577e-05,1.972151228383802e-05
extensification,894,2.4679061416027973e-05,1.967298572435319e-05
extensification,895,-3.759361881218742e-06,3.164154561273166e-05
extensification,896,-7.472739675823859e-06,3.513964914617796e-05
extensification,897,0.00011347491137873586,4.139794685327352e-05
extensification,898,6.342348967916333e-05,3.291436109204239e-05
extensification,899,4.798267877751579e-06,2.373201817756368e-05
extensification,900,4.49035010390411e-05,4.7752122341335934e-05
extensification,901,-1.056831128801546e-05,2.9029595696659507e-05
extensification,902,4.108873187184211e-05,2.5895160264974945e-05
extensification,903,3.262085489295911e-05,2.7015254227843517e-05
extensification,904,6.2042260687943e-05,3.831910509873295e-05
extensification,905,7.692255850248374e-06,2.669716984736088e-05
extensification,906,5.892198784300835e-05,3.064649251203308e-05
extensification,907,6.613476696574707e-05,3.781931897834043e-05
extensification,908,8.495848852263773e-05,2.551301739961678e-05
extensification,909,-1.2599695657662403e-05,2.7191432154545548e-05
extensification,910,4.121118069252485e-05,4.2578666668789026e-05
extensification,911,5.568535053365849e-05,3.319628646691165e-05
extensification,912,5.4956668960750794e-05,5.093778713178075e-05
extensification,913,5.513574463098867e-05,3.136833854434658e-05
extensification,914,5.339680596543593e-05,5.3499514116340744e-05
extensification,915,4.94240718427668e-05,3.173622950387549e-05
extensification,916,0.00010952372771155294,3.495538756787643e-05
extensification,917,9.110823394669886e-05,3.144531369859046e-05
extensification,918,-5.0553749551412485e-06,2.531204759602083e-05
extensification,919,7.33598186543575e-05,2.3982297043601486e-05
extensification,920,2.7728716014058414e-05,2.5776078125219075e-05
extensification,921,6.71152098347107e-06,1.872129727433466e-05
extensification,922,7.426569093503937e-05,2.167317486152646e-05
extensification,923,4.519197738681733e-05,4.5429527908684664e-05
extensification,924,1.7880648761474872e-05,2.0290224949726588e-05
extensification,925,8.48284687196982e-05,4.875654726446181e-05
extensification,926,3.8829317699486805e-05,2.10175998405386e-05
extensification,927,1.7117506362665928e-05,3.0173836228611974e-05
extensification,928,2.141397125534221e-05,3.319209610784685e-05
extensification,929,8.469973670230299e-05,3.0166153493161536e-05
extensification,930,5.938880647103615e-05,3.0011240297918792e-05
extensification,931,1.805823360383938e-05,2.8769503296359733e-05
extensification,932,2.309593589233271e-05,4.194071412342229e-05
extensification,933,5.775997062222491e-06,2.049392520510638e-05
extensification,934,9.628093938755604e-05,3.033602740776534e-05
extensification,935,6.767679056512647e-05,3.283112031313331e-05
extensification,936,3.871388265826039e-05,3.672401134338512e-05
extensification,937,2.411316170614985e-05,2.739159602472914e-05
extensification,938,2.431971356986533e-05,2.7377064757939742e-05
extensification,939,1.2783049182673155e-05,3.6034253308895494e-05
extensification,940,1.6424217565042327e-05,2.832237544266356e-05
extensification,941,9.011292396930753e-06,1.7814342437140468e-05
extensification,942,3.200552231345379e-05,3.8800706703873814e-05
extensification,943,3.741863509074471e-05,5.704204548454287e-05
extensification,944,1.3441657730089177e-05,2.5878594160314413e-05
extensification,945,0.00012207084974505674,3.0438475416899742e-05
extensification,946,1.9618826056799838e-07,3.5501680072805644e-05
extensification,947,1.0859365776071248e-05,3.197486102468138e-05
extensification,948,2.8279642744100115e-05,4.536503267627257e-05
extensification,949,2.6723672382399373e-05,2.8360023138704646e-05
extensification,950,6.900852783213998e-05,2.4544321341441277e-05
extensification,951,-2.3490650932175823e-05,3.977265024435373e-05
extensification,952,3.811032332113012e-05,2.5138334755529702e-05
extensification,953,6.9314220626035e-05,5.0115044499642866e-05
extensification,954,-9.89490713768404e-06,2.624985492678274e-05
extensification,955,1.3925657139236235e-05,3.360961837413769e-05
extensification,956,3.408175841133886e-05,2.175353420966332e-05
extensification,957,1.7343384775195273e-05,2.961366407320664e-05
extensification,958,4.4235803912279166e-05,3.8870784978430556e-05
extensification,959,4.326922547427523e-05,2.7059368898183966e-05
extensification,960,3.738392525638234e-05,3.235982983582721e-05
extensification,961,2.00967536354993e-05,4.1322974468701066e-05
extensification,962,5.3277254490924914e-05,2.3154329766519957e-05
extensification,963,-5.874208999137672e-06,2.9900330318684807e-05
extensification,964,9.154136594975854e-05,4.3250044517404846e-05
extensification,965,1.80188934274802e-05,2.930268744842254e-05
extensification,966,4.635829933256317e-05,5.0899491575826406e-05
extensification,967,6.573937752628657e-05,3.023854905068292e-05
extensification,968,5.6490661780094784e-05,2.79193581709235e-05
extensification,969,4.176335403988506e-06,4.4883685098005565e-05
extensification,970,1.848044079887899e-05,4.062589759097119e-05
extensification,971,5.153236088755874e-05,2.98541248471382e-05
extensification,972,3.671816476997137e-05,2.432832902305689e-05
extensification,973,2.8719908148020665e-05,3.760273107104093e-05
extensification,974,-6.534218727860706e-06,3.6668819627340874e-05
extensification,975,-1.2691544297157222e-05,3.784238874192252e-05
extensification,976,4.4182880970553585e-05,2.4472194307215167e-05
extensification,977,1.5952180302833782e-05,3.163512215456196e-05
extensification,978,2.701759479157134e-05,3.287736959771871e-05
extensification,979,6.03074681979371e-05,3.0087046946016012e-05
extensification,980,2.999285214274951e-05,3.3732885952148214e-05
extensification,981,4.896499397210247e-05,2.0541190637255455e-05
extensification,982,3.3534417064101666e-05,2.829115401417446e-05
extensification,983,1.8776171236232473e-05,3.235710774188955e-05
extensification,984,3.9100760920300796e-05,3.300109607460474e-05
extensification,985,4.4843890227899465e-05,2.0342702424829977e-05
extensification,986,8.039712748401797e-05,3.320576753071455e-05
extensification,987,7.160850950834697e-05,1.840277222643842e-05
extensification,988,1.1916951360661242e-05,2.3809676312632893e-05
extensification,989,2.7190662934263686e-05,3.946235267428833e-05
extensification,990,-1.541238007103437e-05,3.2227584183236915e-05
extensification,991,5.14557975368291e-05,2.563339418108957e-05
extensification,992,8.786167166873291e-05,2.8951923550075454e-05
extensification,993,2.0507441111560522e-05,3.056394010833812e-05
extensification,994,6.27452333892906e-05,5.4796080259668244e-05
extensification,995,5.0314711353679886e-05,2.9900296428728584e-05
extensification,996,7.075187834101948e-05,3.3841306420546905e-05
extensification,997,5.4908696037488845e-05,2.5900228888354006e-05
extensification,998,4.869108622406169e-05,3.0469367299158362e-05
extensification,999,2.602223669398255e-05,2.084112366232847e-05
organic_expansion,0,6.4887807915609754e-06,1.2572312679790123e-05
organic_expansion,1,3.7258013018435037e-06,7.273364899043202e-06
organic_expansion,2,-3.955815746156883e-06,1.4148796478850886e-05
organic_expansion,3,6.728515848015864e-06,5.752443261810314e-06
organic_expansion,4,7.2459390089140176e-06,8.23195537779461e-06
organic_expansion,5,1.1013464424188944e-05,6.1350836028535555e-06
organic_expansion,6,2.2915578150995913e-05,1.2328328855018403e-05
organic_expansion,7,7.00361004392137e-07,1.0536417954563654e-05
organic_expansion,8,1.7907245920640402e-05,7.5464054119029665e-06
organic_expansion,9,9.763364460801309e-06,8.021931371271568e-06
organic_expansion,10,6.224537753452131e-06,9.02624604196191e-06
organic_expansion,11,1.8645526236255145e-05,8.019933832591736e-06
organic_expansion,12,5.980311564768558e-06,6.330827881055499e-06
organic_expansion,13,1.9556970666736584e-05,1.5958094330037287e-05
organic_expansion,14,7.534473411658196e-06,8.851015251684185e-06
organic_expansion,15,1.7358766267567236e-05,9.24361206082497e-06
organic_expansion,16,1.7111107442197886e-05,9.227890394057142e-06
organic_expansion,17,7.490435140013123e-06,9.234773410803784e-06
organic_expansion,18,1.802809124410019e-05,7.569543760083353e-06
organic_expansion,19,1.1296695548208164e-05,1.220050997496097e-05
organic_expansion,20,1.3438258014723157e-05,1.5306860280813927e-05
organic_expansion,21,6.849952636153092e-06,1.1240870828673971e-05
organic_expansion,22,1.5617572015315685e-05,5.99859455256512e-06
organic_expansion,23,5.603767177501204e-07,6.022716397401134e-06
organic_expansion,24,8.44998286870158e-06,7.834074674790848e-06
organic_expansion,25,9.945086527197107e-06,1.409601300368232e-05
organic_expansion,26,1.4438769799420761e-05,7.0377544680991005e-06
organic_expansion,27,1.0407915244309583e-05,9.743085747966443e-06
organic_expansion,28,2.3895442451873527e-07,7.115873204983992e-06
organic_expansion,29,1.1166494877211212e-05,7.507311355246288e-06
organic_expansion,30,4.58931803196269e-06,6.493821955434229e-06
organic_expansion,31,3.191685842757827e-07,1.2591813888171383e-05
organic_expansion,32,3.1741387471967326e-06,6.042207914402879e-06
organic_expansion,33,9.772013546986575e-06,6.83904499097975e-06
organic_expansion,34,1.5503066535502125e-05,1.1366970684375234e-05
organic_expansion,35,5.004174150461694e-05,5.019074777790478e-05
organic_expansion,36,9.487852095550543e-07,9.785293660853427e-06
organic_expansion,37,4.8469156895179045e-06,6.973542998763923e-06
organic_expansion,38,5.554275797646227e-06,1.3133968370071445e-05
organic_expansion,39,1.1835328283796295e-05,9.150623627641536e-06
organic_expansion,40,5.8792788842744e-07,4.4881038168489885e-06
organic_expansion,41,1.3122362846417603e-05,1.0222603805636727e-05
organic_expansion,42,-7.047485112871638e-07,7.524118574373623e-06
organic_expansion,43,-3.397936799909613e-06,6.065569616718592e-06
organic_expansion,44,1.9052188901200163e-05,9.542782821228092e-06
organic_expansion,45,-8.380315282033543e-06,4.0290888498159085e-06
organic_expansion,46,7.905663761123552e-06,7.5971685534244554e-06
organic_expansion,47,1.1872670160054587e-05,6.84417246012285e-06
organic_expansion,48,4.463995905108346e-06,7.591245792475619e-06
organic_expansion,49,1.9837708236550834e-05,7.648240600263864e-06
organic_expansion,50,7.512825483836887e-06,6.025773934390122e-06
organic_expansion,51,8.407846308298729e-06,7.828625581280788e-06
organic_expansion,52,-8.305953109971283e-07,1.033381155160143e-05
organic_expansion,53,2.4796478878932173e-05,1.0303399096610768e-05
organic_expansion,54,9.166916018404483e-06,9.637778747444737e-06
organic_expansion,55,1.2527382863083561e-05,7.01597622582799e-06
organic_expansion,56,1.5795048042135822e-05,1.1975720797243178e-05
organic_expansion,57,1.373746175415524e-05,5.801783715940378e-06
organic_expansion,58,6.054530488408883e-06,4.169730791387457e-06
organic_expansion,59,1.0892837754777266e-07,6.706687148689079e-06
organic_expansion,60,1.3134393316028213e-05,8.891304830047597e-06
organic_expansion,61,6.669480720744966e-06,1.1858819713337497e-05
organic_expansion,62,1.2619578284422964e-05,1.105213707919892e-05
organic_expansion,63,1.0286468199713316e-05,5.861801431985335e-06
organic_expansion,64,1.776134939303277e-05,1.5265313942464077e-05
organic_expansion,65,1.1931910098092064e-05,1.132107703873786e-05
organic_expansion,66,-1.5734936391028717e-06,1.0671483165990864e-05
organic_expansion,67,1.777494361497666e-05,9.051320422411211e-06
organic_expansion,68,1.120074625711857e-05,7.564471309277152e-06
organic_expansion,69,2.7372451419945907e-06,7.850082174965511e-06
organic_expansion,70,1.1124248002609364e-05,1.3265727029569493e-05
organic_expansion,71,-7.57909106446153e-06,6.645954852844804e-06
organic_expansion,72,1.474712353622616e-05,9.584627447688151e-06
organic_expansion,73,4.2792907057111277e-07,1.0625279287927826e-05
organic_expansion,74,2.291792548568894e-06,6.105641897427096e-06
organic_expansion,75,8.61450827345519e-06,1.5506912754660337e-05
organic_expansion,76,1.1034780105243956e-05,5.816948670339694e-06
organic_expansion,77,2.213377375653162e-05,9.127528421658483e-06
organic_expansion,78,9.992945878593446e-06,1.004127958435156e-05
organic_expansion,79,4.86252240450305e-07,9.026238333493762e-06
organic_expansion,80,1.188250475681705e-05,1.164722424420284e-05
organic_expansion,81,9.60471508352775e-06,8.80090193951832e-06
organic_expansion,82,1.536061032326692e-05,1.381192289983707e-05
organic_expansion,83,1.2078113445053758e-05,6.302244090098849e-06
organic_expansion,84,7.376217810249047e-06,8.003262750702244e-06
organic_expansion,85,2.1116376201280865e-06,8.717670188475135e-06
organic_expansion,86,2.4246263359057958e-05,1.0950639008580433e-05
organic_expansion,87,5.857538239196907e-06,5.151655466145073e-06
organic_expansion,88,1.4526299806922582e-07,7.176668066908159e-06
organic_expansion,89,1.8690943529210602e-05,9.976689780620364e-06
organic_expansion,90,8.435592412759446e-06,8.801667391256742e-06
organic_expansion,91,6.928998125228728e-06,5.800992637778578e-06
organic_expansion,92,-2.2925962781213948e-07,5.960710102067535e-06
organic_expansion,93,2.002056369528024e-05,8.010609325556277e-06
organic_expansion,94,3.7238664273160804e-06,9.303712950367414e-06
organic_expansion,95,4.64117794058885e-06,6.691740067015271e-06
organic_expansion,96,1.6995405617154647e-05,8.242548741076082e-06
organic_expansion,97,5.420122157007426e-06,8.414805545887269e-06
organic_expansion,98,1.1898778984731258e-05,7.246528605470171e-06
organic_expansion,99,1.9960308938494722e-05,7.463380008414458e-06
organic_expansion,100,7.485338810258299e-06,9.795348045518384e-06
organic_expansion,101,6.590026637752577e-06,6.41581848705692e-06
organic_expansion,102,-1.2052841911816598e-07,9.75969263781363e-06
organic_expansion,103,7.2594705956962305e-06,5.379384340051944e-06
organic_expansion,104,6.161804671103111e-06,7.206984271879679e-06
organic_expansion,105,9.394906527033072e-06,1.2199582801004401e-05
organic_expansion,106,2.4721524314822847e-05,1.1446694813901267e-05
organic_expansion,107,-7.919474395735683e-06,8.384262208007246e-06
organic_expansion,108,1.4938766571537852e-05,8.86172145853068e-06
organic_expansion,109,1.5862601645882737e-05,1.0937699186309841e-05
organic_expansion,110,2.0076568620541765e-07,6.921407564388444e-06
organic_expansion,111,9.27677388368547e-06,7.221711532468935e-06
organic_expansion,112,1.0293440450646934e-05,1.133035333909371e-05
organic_expansion,113,4.078837908974705e-06,5.914142320575181e-06
organic_expansion,114,1.4930401437413758e-05,9.841458137922477e-06
organic_expansion,115,8.631680718544266e-06,7.94519992270554e-06
organic_expansion,116,1.8273147836689274e-05,1.0900412649972085e-05
organic_expansion,117,8.819884466351587e-06,7.649750673614909e-06
organic_expansion,118,4.3107535355186755e-06,9.814962360991579e-06
organic_expansion,119,1.2783024490433491e-05,9.486547847397038e-06
organic_expansion,120,1.0378445237118971e-05,7.986558577231646e-06
organic_expansion,121,8.856617731402696e-06,6.3248928762170244e-06
organic_expansion,122,2.624721435653398e-06,6.650371147767783e-06
organic_expansion,123,-7.744200990321018e-06,6.4365921875672224e-06
organic_expansion,124,1.6998921600423243e-05,1.1162795283648173e-05
organic_expansion,125,2.715180441397843e-05,1.9478405030430123e-05
organic_expansion,126,1.6147074773020322e-05,1.3098889046952614e-05
organic_expansion,127,1.4047351393863603e-05,1.1491516644482735e-05
organic_expansion,128,6.148073185003646e-06,9.7239962719308e-06
organic_expansion,129,1.2760940496115183e-05,9.029180711689774e-06
organic_expansion,130,-3.7696175195098715e-06,6.638030031368818e-06
organic_expansion,131,1.1656652674301676e-05,9.326132240879725e-06
organic_expansion,132,1.6744413528646145e-05,6.21160965787306e-06
organic_expansion,133,2.1466236076585356e-06,5.277338107839075e-06
organic_expansion,134,7.727067097666584e-06,7.274839774838958e-06
organic_expansion,135,1.6829869173974013e-05,5.072233941620647e-06
organic_expansion,136,6.3186217278915594e-06,6.676062759093964e-06
organic_expansion,137,1.0214887310243227e-05,8.305019786349428e-06
organic_expansion,138,7.936818533495788e-06,1.1548869227244104e-05
organic_expansion,139,-3.2772744324138916e-06,8.132727171111028e-06
organic_expansion,140,1.860680993644973e-06,7.99449078933578e-06
organic_expansion,141,4.370609337799594e-06,6.346565660296918e-06
organic_expansion,142,1.0192713977068356e-05,4.4118127730005975e-06
organic_expansion,143,1.571959124657194e-05,1.447035517926128e-05
organic_expansion,144,9.16531851591898e-06,1.0291347895614623e-05
organic_expansion,145,3.6707283963724556e-06,8.230180919809071e-06
organic_expansion,146,1.8487576488085528e-05,7.074921541244327e-06
organic_expansion,147,-3.6260087871695666e-06,7.5867122387784735e-06
organic_expansion,148,2.0119153756337437e-05,8.359292930529677e-06
organic_expansion,149,1.2599010177802512e-05,6.627286351406332e-06
organic_expansion,150,6.081255055430365e-06,8.09317230492698e-06
organic_expansion,151,-1.0102083081707057e-06,7.179601899513765e-06
organic_expansion,152,3.2986848298305478e-06,6.513026650065317e-06
organic_expansion,153,1.7163357663721524e-05,8.151736021032848e-06
organic_expansion,154,-5.882810675371903e-06,5.582916335924326e-06
organic_expansion,155,1.2903183210899494e-07,5.825312402860983e-06
organic_expansion,156,3.957842206469397e-06,6.120635968757787e-06
organic_expansion,157,3.127157393502138e-08,7.442693362309138e-06
organic_expansion,158,1.620366294968371e-05,1.3644943981535584e-05
organic_expansion,159,1.2877320207179676e-05,6.891659568612547e-06
organic_expansion,160,1.4874218982556486e-05,1.4332011834235743e-05
organic_expansion,161,7.920873627758635e-06,6.007678536431834e-06
organic_expansion,162,1.4235629396927942e-05,7.88132978554264e-06
organic_expansion,163,1.552749469872202e-05,1.0351912398679529e-05
organic_expansion,164,1.5979401896460455e-05,9.341708189715533e-06
organic_expansion,165,2.417571197787826e-05,1.121171930241915e-05
organic_expansion,166,4.234680112074195e-06,8.26533094394813e-06
organic_expansion,167,1.3363529856569724e-05,7.268477989886184e-06
organic_expansion,168,1.528058706321744e-05,6.131464752668841e-06
organic_expansion,169,2.7184796325691006e-05,1.4544868725499724e-05
organic_expansion,170,1.1620231549620373e-05,9.864388982864086e-06
organic_expansion,171,8.761270754469056e-06,6.51902495950951e-06
organic_expansion,172,1.9707311307987468e-05,9.486675134381811e-06
organic_expansion,173,5.434730591596672e-06,9.47930208467991e-06
organic_expansion,174,9.897978005336959e-06,5.431783182693314e-06
organic_expansion,175,5.39156135038332e-06,4.842031674257057e-06
organic_expansion,176,9.468597646713973e-06,6.978193749051115e-06
organic_expansion,177,4.9985598177116814e-06,7.771302575230764e-06
organic_expansion,178,4.1927604658588295e-06,6.140999889607674e-06
organic_expansion,179,4.000800625722721e-06,7.283861577455023e-06
organic_expansion,180,5.962753663956477e-06,1.0490303726687053e-05
organic_expansion,181,6.715142918646805e-06,6.526769824529998e-06
organic_expansion,182,4.644715752142325e-06,7.179263313875435e-06
organic_expansion,183,1.2817308543476961e-05,7.237768325643679e-06
organic_expansion,184,1.4141058166548739e-06,7.401860144207438e-06
organic_expansion,185,1.997641556984938e-06,6.704481527972436e-06
organic_expansion,186,7.388601317807877e-06,7.485284570936497e-06
organic_expansion,187,7.312814587509031e-06,6.6929927452293625e-06
organic_expansion,188,2.716007760445207e-06,8.153417068114677e-06
organic_expansion,189,1.0387532437788561e-05,1.163390954408743e-05
organic_expansion,190,3.753965717829495e-06,8.411911220057422e-06
organic_expansion,191,5.868840555067956e-06,5.106733706995404e-06
organic_expansion,192,9.042935671622172e-07,4.502650158967924e-06
organic_expansion,193,-2.879884053817062e-06,9.294179731274911e-06
organic_expansion,194,1.267036354865889e-05,6.658774458696211e-06
organic_expansion,195,9.24516125282683e-06,1.1852413664976928e-05
organic_expansion,196,2.2449459143218117e-05,1.1976064413364311e-05
organic_expansion,197,3.2340053864818725e-05,1.0384420548593854e-05
organic_expansion,198,5.585363730639503e-06,6.323116003020171e-06
organic_expansion,199,5.051764390449194e-06,7.489903016105746e-06
organic_expansion,200,7.170868579457435e-06,8.408009016910267e-06
organic_expansion,201,1.3740818467356512e-06,7.105043299509735e-06
organic_expansion,202,1.3999711537742207e-06,6.088700869783936e-06
organic_expansion,203,1.571494731293987e-05,6.183445928264496e-06
organic_expansion,204,3.989778664214609e-06,7.582892349079251e-06
organic_expansion,205,1.2917597635724873e-05,1.0559633711862233e-05
organic_expansion,206,4.161767377206572e-06,6.479778213650595e-06
organic_expansion,207,1.4739497789474441e-05,7.435568751920805e-06
organic_expansion,208,1.3604049601696401e-05,1.0165671234334542e-05
organic_expansion,209,1.2684602832008985e-06,9.962389725824863e-06
organic_expansion,210,1.2726347405593506e-05,8.237718421664258e-06
organic_expansion,211,3.866992280484782e-06,1.0747007294689191e-05
organic_expansion,212,1.4726260927119598e-05,1.2699430659957775e-05
organic_expansion,213,-3.9110238081191685e-06,6.850287361100468e-06
organic_expansion,214,-2.3503518068950443e-06,6.191736358431646e-06
organic_expansion,215,8.659398657629157e-06,1.1838007273598943e-05
organic_expansion,216,2.2181103082742435e-06,5.902574191959354e-06
organic_expansion,217,5.4707852556109934e-06,4.511952849931934e-06
organic_expansion,218,1.1606286597246381e-05,8.1542665342598e-06
organic_expansion,219,1.4575249953049984e-05,8.526941866510099e-06
organic_expansion,220,3.60575706629923e-06,5.591469649025803e-06
organic_expansion,221,3.071842045683507e-07,7.21363019536378e-06
organic_expansion,222,8.339902974709439e-06,7.321164712354907e-06
organic_expansion,223,-6.275389949314434e-06,7.773540925121994e-06
organic_expansion,224,3.7869544975822487e-06,5.745498159187835e-06
organic_expansion,225,1.5491862347687424e-05,1.6765532572467104e-05
organic_expansion,226,-1.0780681870308475e-06,7.100269689860377e-06
organic_expansion,227,1.5137128969399231e-05,7.0063340898505876e-06
organic_expansion,228,8.360375315395161e-06,7.71163046158425e-06
organic_expansion,229,7.942162646676864e-06,6.762454671134236e-06
organic_expansion,230,1.358179513260226e-05,1.1154484971828176e-05
organic_expansion,231,5.7981621205460504e-06,5.7834204531059926e-06
organic_expansion,232,5.0220446982834135e-06,1.0654294005302076e-05
organic_expansion,233,4.650476121308989e-06,5.44939339152863e-06
organic_expansion,234,2.451480192931387e-06,5.340261437691645e-06
organic_expansion,235,-3.3152033592398434e-06,4.322119417058693e-06
organic_expansion,236,2.0086665475184873e-05,5.108743366861087e-06
organic_expansion,237,1.4175872219070304e-05,9.665626755936726e-06
organic_expansion,238,7.022476419608147e-06,9.030048606935795e-06
organic_expansion,239,9.27089010497382e-06,5.15902355375049e-06
organic_expansion,240,1.2188337782994428e-05,7.3951788593971335e-06
organic_expansion,241,1.097822331081083e-05,5.98236702303705e-06
organic_expansion,242,7.865143852199897e-06,8.926845112081551e-06
organic_expansion,243,1.3054223350578747e-05,7.87452396449918e-06
organic_expansion,244,-5.975907784450051e-06,9.1707934155433e-06
organic_expansion,245,1.6351112240581897e-05,7.106770101395941e-06
organic_expansion,246,2.059218466911456e-05,1.0520741972020981e-05
organic_expansion,247,1.0742867993626703e-05,7.3693311608737436e-06
organic_expansion,248,1.4778576388715543e-05,9.795022072116489e-06
organic_expansion,249,2.5042641688584252e-05,1.8897689248849854e-05
organic_expansion,250,8.816485595553458e-06,6.28784346613049e-06
organic_expansion,251,1.1025698641486477e-05,6.313738466810837e-06
organic_expansion,252,6.28653818113083e-06,8.836847926612357e-06
organic_expansion,253,1.1370229111597695e-05,6.337279767837195e-06
organic_expansion,254,5.3282162438124814e-06,6.632054067544603e-06
organic_expansion,255,8.677902863053651e-06,6.785125585442536e-06
organic_expansion,256,1.317766329760277e-05,7.156873239067254e-06
organic_expansion,257,9.359814542466327e-06,7.933821965055714e-06
organic_expansion,258,4.830595753748327e-06,5.074340172941867e-06
organic_expansion,259,7.949992612636227e-06,7.039547879277986e-06
organic_expansion,260,8.209262557039526e-06,9.812179229783062e-06
organic_expansion,261,1.4396128380272654e-05,8.556912854532474e-06
organic_expansion,262,3.4812443958309055e-06,7.999054400161993e-06
organic_expansion,263,9.565638936437005e-06,7.086567699490912e-06
organic_expansion,264,1.801243953738034e-06,4.732593690592594e-06
organic_expansion,265,2.271369504599311e-06,4.593980728780239e-06
organic_expansion,266,-4.395594304614737e-06,1.0822239203281583e-05
organic_expansion,267,1.5086448908800626e-05,7.650647666460522e-06
organic_expansion,268,5.818436937689519e-06,6.806307107882689e-06
organic_expansion,269,7.589527608767687e-06,8.529273804817785e-06
organic_expansion,270,1.1923465287557682e-05,1.5851826890758744e-05
organic_expansion,271,5.16677833190473e-06,7.966737935871181e-06
organic_expansion,272,2.8919043127535143e-06,6.134298838589266e-06
organic_expansion,273,1.2396164335309285e-05,8.98196788512323e-06
organic_expansion,274,3.29439215344048e-05,1.814172052529504e-05
organic_expansion,275,2.4518663900767533e-05,2.297847334205366e-05
organic_expansion,276,1.8004074587648377e-05,1.1018452049881047e-05
organic_expansion,277,1.5526761789559666e-05,9.225409688872016e-06
organic_expansion,278,1.3621725632678491e-06,7.634406677550068e-06
organic_expansion,279,7.452798460098245e-06,1.1278419820058259e-05
organic_expansion,280,-6.005625757282066e-07,7.132268420230906e-06
organic_expansion,281,2.1053560983476218e-05,9.429071961008276e-06
organic_expansion,282,1.6244305782376266e-05,7.872499528319078e-06
organic_expansion,283,-1.318063981787869e-06,6.28485080385817e-06
organic_expansion,284,4.954276564941143e-06,7.534157588146134e-06
organic_expansion,285,2.0520479968485763e-05,1.1664068500870787e-05
organic_expansion,286,7.008355625184507e-06,7.840339586064294e-06
organic_expansion,287,5.549790452228361e-06,7.044579540322591e-06
organic_expansion,288,1.2484693767517723e-05,6.360198636616612e-06
organic_expansion,289,7.551606460941745e-06,9.77738439249382e-06
organic_expansion,290,2.3086104400852447e-05,7.135570834963927e-06
organic_expansion,291,2.7250491669955853e-05,1.4313876773469635e-05
organic_expansion,292,1.8573059662209668e-05,1.1881283211464102e-05
organic_expansion,293,6.770636208487903e-06,8.13781727444921e-06
organic_expansion,294,1.0074918673818706e-05,8.145170647965764e-06
organic_expansion,295,1.8875543669246392e-06,5.47392536356173e-06
organic_expansion,296,8.9356283041465e-07,8.602229727946035e-06
organic_expansion,297,1.0523020539087706e-05,9.624370338596384e-06
organic_expansion,298,1.040991577771615e-05,1.235692260183967e-05
organic_expansion,299,-9.104262053991332e-07,6.205183899423787e-06
organic_expansion,300,6.417334117810116e-06,8.03652072325968e-06
organic_expansion,301,1.426389251583052e-06,9.28332637846236e-06
organic_expansion,302,1.3166371457280532e-05,5.837794057849723e-06
organic_expansion,303,2.051898300794356e-05,1.463655578489953e-05
organic_expansion,304,5.996356174384888e-06,7.306735615702713e-06
organic_expansion,305,7.857556785998828e-06,8.247193926400568e-06
organic_expansion,306,8.646908356679774e-06,9.567129159203437e-06
organic_expansion,307,7.513553929592243e-06,1.003987385104436e-05
organic_expansion,308,4.037503889231897e-06,8.517313999433808e-06
organic_expansion,309,1.7936031061548955e-05,8.055518133756225e-06
organic_expansion,310,8.748977538634778e-06,1.545622178035156e-05
organic_expansion,311,1.5879208592211136e-05,5.27535519884769e-06
organic_expansion,312,1.4128340888201843e-05,7.678434968000364e-06
organic_expansion,313,9.28459535682448e-06,4.4564229347205936e-06
organic_expansion,314,2.506926491730708e-05,2.5813141434062167e-05
organic_expansion,315,-3.0064860497503044e-06,6.412982424205888e-06
organic_expansion,316,1.986781813513121e-05,1.0739575839066695e-05
organic_expansion,317,1.2647042398599532e-05,6.819629859916785e-06
organic_expansion,318,1.3211692141257808e-05,9.637457024102696e-06
organic_expansion,319,9.18393557066558e-06,6.6039901382311945e-06
organic_expansion,320,1.4811189148583394e-05,5.92869680340554e-06
organic_expansion,321,6.62912735669916e-06,8.823477758711328e-06
organic_expansion,322,1.6139807174710056e-05,2.7736761395209095e-05
organic_expansion,323,1.644474729537112e-05,7.542187843616801e-06
organic_expansion,324,-2.222699250367457e-06,9.794739891231733e-06
organic_expansion,325,3.928501863836206e-06,5.9130931212277664e-06
organic_expansion,326,2.4584328674922294e-05,1.4799761362589455e-05
organic_expansion,327,1.619424224186739e-05,8.223410464947864e-06
organic_expansion,328,2.1881324569263655e-06,4.4810581653963444e-06
organic_expansion,329,8.040405313408988e-06,7.462211128990302e-06
organic_expansion,330,1.1976056820196502e-05,9.186674147626901e-06
organic_expansion,331,9.864100448832453e-06,5.999592763896797e-06
organic_expansion,332,1.9359356574652792e-05,1.1047825400518997e-05
organic_expansion,333,2.2823630113075024e-05,1.288287408849507e-05
organic_expansion,334,7.5901767359291636e-06,1.5095541937520213e-05
organic_expansion,335,1.7555458595535906e-05,1.0825791684359818e-05
organic_expansion,336,8.087818438723517e-06,5.281591063644583e-06
organic_expansion,337,1.4200518893126596e-05,7.646055336980528e-06
organic_expansion,338,1.8217349855127994e-05,8.955292619586685e-06
organic_expansion,339,5.8651774732439905e-06,1.158358973293084e-05
organic_expansion,340,1.3921678099357682e-05,8.735144438637993e-06
organic_expansion,341,1.0345590016917405e-05,5.183798850294965e-06
organic_expansion,342,1.1851706742921094e-05,9.935024059244388e-06
organic_expansion,343,8.28741337642128e-06,1.199416223025193e-05
organic_expansion,344,7.517129680441759e-06,1.2144576085515608e-05
organic_expansion,345,2.3962297105537753e-07,7.2671368608969754e-06
organic_expansion,346,3.7381045111313238e-06,6.777468489892273e-06
organic_expansion,347,1.0875062937499105e-06,6.221056328918198e-06
organic_expansion,348,1.922303500735637e-06,7.96563371493618e-06
organic_expansion,349,1.5354942018823724e-05,1.0826791038791571e-05
organic_expansion,350,1.264287709183413e-05,1.1078422088606601e-05
organic_expansion,351,1.0968566500129093e-06,8.509722792309794e-06
organic_expansion,352,1.3360288533144448e-05,9.581761845666883e-06
organic_expansion,353,1.2937433680369164e-06,7.196227492519542e-06
organic_expansion,354,2.200229510598749e-06,7.95788849302806e-06
organic_expansion,355,8.171170537721587e-07,6.962957318245476e-06
organic_expansion,356,-7.171776678544927e-06,6.450189282338754e-06
organic_expansion,357,-4.482710452514509e-06,8.636843586147763e-06
organic_expansion,358,1.0350822799238193e-05,8.1688249746209e-06
organic_expansion,359,3.2070617370622745e-06,9.422785494108623e-06
organic_expansion,360,4.558722432407105e-06,7.130123858970493e-06
organic_expansion,361,1.0631672444169951e-05,1.313802884848123e-05
organic_expansion,362,2.016849569073478e-06,8.228416325267017e-06
organic_expansion,363,1.367492369472229e-05,1.2416921064678889e-05
organic_expansion,364,9.832965636158413e-06,7.577179194494834e-06
organic_expansion,365,1.4776410488809197e-05,1.1210328048378873e-05
organic_expansion,366,8.953412594802779e-06,8.5668107504085e-06
organic_expansion,367,5.592701314935456e-06,5.568207857855792e-06
organic_expansion,368,8.495440986101474e-06,7.096968510487479e-06
organic_expansion,369,3.1128603141180765e-07,7.865591086377726e-06
organic_expansion,370,-7.390207353730532e-07,8.630098327534608e-06
organic_expansion,371,1.0637821504933546e-05,8.053823372565853e-06
organic_expansion,372,8.29140637114647e-06,1.3085548921744192e-05
organic_expansion,373,-2.3585936703089513e-06,9.647259798869034e-06
organic_expansion,374,1.779707305340882e-05,8.918189893967902e-06
organic_expansion,375,3.436314723844526e-06,1.1159132387110476e-05
organic_expansion,376,4.627896088328551e-06,1.0162340710388947e-05
organic_expansion,377,8.63543701802336e-06,6.025570564589901e-06
organic_expansion,378,5.277063901463384e-06,6.554128472832345e-06
organic_expansion,379,8.506756238475722e-06,4.9297887349638886e-06
organic_expansion,380,1.8246489435696552e-05,8.881956430439064e-06
organic_expansion,381,8.363712656927917e-06,9.08777138239269e-06
organic_expansion,382,8.487252103038957e-06,1.1381548260961699e-05
organic_expansion,383,5.184721562271509e-06,1.0401231459054714e-05
organic_expansion,384,1.4018976126670057e-05,4.4831263729242526e-06
organic_expansion,385,1.9534647823007247e-05,1.5199543409233294e-05
organic_expansion,386,2.082484543881735e-05,2.1677336074460788e-05
organic_expansion,387,7.75670353127526e-06,7.399688303602638e-06
organic_expansion,388,-2.4085663434928636e-06,7.273556754488057e-06
organic_expansion,389,1.7059115035742935e-05,1.0550350962909436e-05
organic_expansion,390,6.91016642840023e-06,7.244208822845851e-06
organic_expansion,391,2.511299580152818e-05,9.082774935265179e-06
organic_expansion,392,8.904538109723569e-06,1.02522179531786e-05
organic_expansion,393,-8.240459497758642e-07,8.046244626967709e-06
organic_expansion,394,1.113620960121394e-05,7.276020452981084e-06
organic_expansion,395,-1.0505804103216595e-06,9.263736296600446e-06
organic_expansion,396,5.416735596396555e-06,9.750025598050374e-06
organic_expansion,397,-1.7361518135182599e-06,7.00592269598783e-06
organic_expansion,398,8.767099397330323e-07,5.982267866261249e-06
organic_expansion,399,1.790004478146258e-05,8.107496804554039e-06
organic_expansion,400,1.8679824596395047e-05,1.0266701502867417e-05
organic_expansion,401,9.822922730756288e-06,5.8311144600435454e-06
organic_expansion,402,2.4520994719531326e-05,1.5665919433468745e-05
organic_expansion,403,1.2935197020447732e-05,1.6032241417054596e-05
organic_expansion,404,4.8409471194937635e-06,7.865706646554228e-06
organic_expansion,405,1.9970420007120405e-05,1.0435173748426897e-05
organic_expansion,406,1.5457138509216894e-05,6.7018350161414646e-06
organic_expansion,407,1.5840915829605604e-05,9.620154069086164e-06
organic_expansion,408,6.195388282152457e-06,8.98380625331927e-06
organic_expansion,409,-6.537371432963286e-07,6.37229941671183e-06
organic_expansion,410,1.435759160367609e-06,6.918672671449649e-06
organic_expansion,411,6.588050815981976e-07,9.803092829341618e-06
organic_expansion,412,7.262215485687182e-06,7.593109621164077e-06
organic_expansion,413,5.530008731354575e-06,7.895633818525433e-06
organic_expansion,414,1.8695073453765466e-05,1.4774582134388389e-05
organic_expansion,415,-3.9894992826593044e-06,5.975767089420874e-06
organic_expansion,416,6.050276327068297e-06,1.275729802128063e-05
organic_expansion,417,9.292899025987799e-06,6.2164716812292924e-06
organic_expansion,418,3.650971566621107e-06,7.491437946200404e-06
organic_expansion,419,-1.2286022272906938e-06,8.439574699543398e-06
organic_expansion,420,1.4093265290602639e-05,7.6022388457583994e-06
organic_expansion,421,3.2891198702452794e-05,2.6527148268980872e-05
organic_expansion,422,5.004071583441629e-06,6.158417789840679e-06
organic_expansion,423,3.934320679432498e-06,1.0060585095210495e-05
organic_expansion,424,-3.6070840200001794e-06,3.956201402097105e-06
organic_expansion,425,2.3435723154826916e-05,9.927313519020175e-06
organic_expansion,426,1.1297833081118791e-05,6.7050836575105126e-06
organic_expansion,427,7.226514942754188e-06,1.2080932563730695e-05
organic_expansion,428,2.5567026782053244e-06,1.448047748476553e-05
organic_expansion,429,1.6552863130648894e-05,9.927460198883156e-06
organic_expansion,430,1.0080841830870465e-05,1.0965414137989553e-05
organic_expansion,431,2.9708263355443838e-06,8.206119716797637e-06
organic_expansion,432,2.418651323182518e-05,1.162637393976081e-05
organic_expansion,433,1.3934973997225769e-05,7.035821065149018e-06
organic_expansion,434,9.790145641999962e-06,8.895247995831687e-06
organic_expansion,435,1.2187503264079082e-05,7.870316778889845e-06
organic_expansion,436,-1.1110866297267406e-06,8.980900044847764e-06
organic_expansion,437,2.900452256958736e-05,1.1459225014200027e-05
organic_expansion,438,2.9088315877572366e-05,1.019054548369713e-05
organic_expansion,439,8.771615957761357e-06,7.807404667018075e-06
organic_expansion,440,5.5808836831703455e-06,5.742520283585231e-06
organic_expansion,441,1.5829484794727647e-05,1.6409914624329756e-05
organic_expansion,442,7.980058016792405e-06,6.8907030115085255e-06
organic_expansion,443,6.033003977740283e-06,1.1023088820468078e-05
organic_expansion,444,-2.609885220496317e-06,1.0674128033295635e-05
organic_expansion,445,7.579364617222894e-06,1.2397141644347454e-05
organic_expansion,446,1.3359319669144205e-05,7.9438500653582e-06
organic_expansion,447,1.0097906943922493e-05,9.6715302016162e-06
organic_expansion,448,9.555723040212769e-06,5.5917905112465446e-06
organic_expansion,449,8.691095290717864e-06,7.5295219543258505e-06
organic_expansion,450,6.628505183295323e-06,6.7118633691336835e-06
organic_expansion,451,6.295360416193189e-06,7.015334947857163e-06
organic_expansion,452,2.2570388080451586e-05,7.4830172435012395e-06
organic_expansion,453,7.729065411443396e-06,6.56689650955074e-06
organic_expansion,454,2.9784510963245474e-05,9.642393397406512e-06
organic_expansion,455,4.8376855940371605e-06,7.7068814480228e-06
organic_expansion,456,1.729595767346317e-05,1.2354885001275056e-05
organic_expansion,457,1.2941081966162306e-05,1.2494973827092026e-05
organic_expansion,458,6.975816865051224e-06,4.703916795905925e-06
organic_expansion,459,3.840696117993051e-06,7.200469971638721e-06
organic_expansion,460,1.1758789099849607e-05,8.120991881282458e-06
organic_expansion,461,1.880166284956131e-05,1.270033750943854e-05
organic_expansion,462,-2.174691407180704e-06,8.038247362508897e-06
organic_expansion,463,1.0918204322095873e-05,7.280275644420007e-06
organic_expansion,464,7.369753045828234e-06,1.1041706301190008e-05
organic_expansion,465,8.529261907022522e-07,7.9435389964022e-06
organic_expansion,466,5.809210905579979e-06,1.3390292715682961e-05
organic_expansion,467,8.095620744322695e-06,6.302254342280342e-06
organic_expansion,468,1.778051194338722e-05,1.165299135977556e-05
organic_expansion,469,7.343426118945523e-06,7.136059838767752e-06
organic_expansion,470,6.76487856305064e-06,8.162387055990822e-06
organic_expansion,471,1.4569170884826508e-05,8.862480872857661e-06
organic_expansion,472,7.189068597026681e-06,5.444528318941021e-06
organic_expansion,473,1.6318341723104215e-05,1.0730954011376515e-05
organic_expansion,474,1.1031663699301128e-05,5.228158222256712e-06
organic_expansion,475,8.972054609554705e-07,6.037814566054704e-06
organic_expansion,476,9.193507726046317e-06,5.4907902057902055e-06
organic_expansion,477,8.22453966340558e-06,9.980161200013186e-06
organic_expansion,478,1.9801920027091945e-05,9.138243133887573e-06
organic_expansion,479,1.070002334832197e-05,1.1636501304321825e-05
organic_expansion,480,6.135798755162792e-06,9.28299103188312e-06
organic_expansion,481,8.186015246209628e-06,8.457983759224067e-06
organic_expansion,482,9.903007008414021e-06,7.097631717479585e-06
organic_expansion,483,1.0518576688026353e-05,8.88116102291592e-06
organic_expansion,484,1.161728581579342e-05,6.7436665814368235e-06
organic_expansion,485,7.545951423807061e-06,8.20421959769273e-06
organic_expansion,486,2.472529790545044e-06,7.086467291501468e-06
organic_expansion,487,7.460650279101646e-06,8.793443093844822e-06
organic_expansion,488,2.5164696869941455e-06,9.879943932512262e-06
organic_expansion,489,1.1866611499095154e-05,1.3664399183951305e-05
organic_expansion,490,1.8954459970659897e-05,8.339649968254156e-06
organic_expansion,491,1.422585152787975e-05,9.768511218875982e-06
organic_expansion,492,2.6070911952036084e-06,7.731032721671433e-06
organic_expansion,493,1.6118701846815858e-05,1.0800365165308153e-05
organic_expansion,494,8.686516940695756e-06,9.527910631739948e-06
organic_expansion,495,1.587752919299197e-05,9.582837660113085e-06
organic_expansion,496,1.182390480659202e-05,7.563125225780191e-06
organic_expansion,497,1.0613602009300288e-07,8.365113896333683e-06
organic_expansion,498,3.7990949281869876e-06,9.912906137967855e-06
organic_expansion,499,9.627822250749486e-06,9.718857267406128e-06
organic_expansion,500,5.814358927669311e-06,1.1347076529623616e-05
organic_expansion,501,2.3319435754083714e-05,1.122104312283872e-05
organic_expansion,502,1.2319592214886571e-05,1.9250168793574797e-05
organic_expansion,503,-2.6340679382152424e-06,6.292706140182967e-06
organic_expansion,504,8.946967927760924e-06,8.169596689451014e-06
organic_expansion,505,4.223734189138133e-05,1.4302304807937316e-05
organic_expansion,506,6.446243179736996e-06,8.425900325878727e-06
organic_expansion,507,9.973386053558688e-06,5.793667817313123e-06
organic_expansion,508,2.6627684204973527e-06,6.72162679057038e-06
organic_expansion,509,1.1698339071500822e-05,1.4170600069019649e-05
organic_expansion,510,2.1137583899892905e-05,7.120792539074408e-06
organic_expansion,511,8.637665116689244e-06,5.823516122565486e-06
organic_expansion,512,1.679266913838358e-05,1.2232926841962254e-05
organic_expansion,513,1.1713742112014447e-05,1.0111897763115973e-05
organic_expansion,514,6.916392922982212e-06,1.3106569124330989e-05
organic_expansion,515,1.690480871187369e-05,7.803908169882626e-06
organic_expansion,516,2.289465294492085e-05,7.428548324893729e-06
organic_expansion,517,6.503994523919288e-06,7.245674291208237e-06
organic_expansion,518,1.4274784202426899e-05,7.581264420017788e-06
organic_expansion,519,2.0587764747101855e-05,9.808829580284524e-06
organic_expansion,520,6.776778660851529e-06,7.158073811610164e-06
organic_expansion,521,-3.663523065420799e-06,6.295447436174609e-06
organic_expansion,522,2.6920576796297824e-05,1.1736848754370184e-05
organic_expansion,523,1.7923536281542754e-05,1.673724667487285e-05
organic_expansion,524,-1.211264270444959e-06,7.936732389203373e-06
organic_expansion,525,4.933690593974284e-06,7.710453090247755e-06
organic_expansion,526,-2.190966807123453e-06,7.463645159031949e-06
organic_expansion,527,1.45138144304769e-06,6.83818007915126e-06
organic_expansion,528,4.826913684715202e-06,8.8298983372222e-06
organic_expansion,529,1.3093596587836927e-05,7.649000824663003e-06
organic_expansion,530,1.953956378152804e-05,1.2870096235479643e-05
organic_expansion,531,1.5883762033021835e-05,1.691102963923406e-05
organic_expansion,532,1.986354192415002e-05,8.512470087184881e-06
organic_expansion,533,1.4940836949097718e-05,8.339629784450787e-06
organic_expansion,534,1.4396001716264454e-05,9.114183124498844e-06
organic_expansion,535,6.9215940615843065e-06,6.5921781918581e-06
organic_expansion,536,3.015837574802594e-06,7.430429467015977e-06
organic_expansion,537,6.167542727520066e-06,1.2759863817422547e-05
organic_expansion,538,-1.2436508102752613e-06,5.860835367155751e-06
organic_expansion,539,9.195885216697101e-06,9.573395159122293e-06
organic_expansion,540,3.172050307751482e-06,1.1297149237243035e-05
organic_expansion,541,1.9638294489693394e-05,1.1086339643200842e-05
organic_expansion,542,7.289146965340268e-06,8.45286825693908e-06
organic_expansion,543,-1.2595557369657896e-07,9.611548167706603e-06
organic_expansion,544,4.36063287975612e-07,6.809655744561636e-06
organic_expansion,545,4.565869613085354e-07,8.744606370620497e-06
organic_expansion,546,1.941855630822639e-05,8.799864621149564e-06
organic_expansion,547,1.8012974089776694e-05,8.798147436204788e-06
organic_expansion,548,2.1619623886938548e-05,1.3943567125725634e-05
organic_expansion,549,1.2295911868129437e-05,9.609271315761987e-06
organic_expansion,550,1.4646531530912595e-05,7.151381594888048e-06
organic_expansion,551,1.8398096233988124e-05,1.0393450835440344e-05
organic_expansion,552,1.2564871927453612e-05,6.315396970218064e-06
organic_expansion,553,4.489383428711559e-06,5.764679656498867e-06
organic_expansion,554,8.88959577748965e-06,6.495057078153207e-06
organic_expansion,555,1.9806284778271097e-05,1.1101980499395435e-05
organic_expansion,556,2.1599989812621285e-05,1.198184392078517e-05
organic_expansion,557,4.877856537826397e-06,5.975020749155006e-06
organic_expansion,558,1.1985507986286144e-05,7.105963199280815e-06
organic_expansion,559,2.1459589663721713e-05,1.303303216291044e-05
organic_expansion,560,1.5809883021418508e-05,9.104041196055164e-06
organic_expansion,561,1.1857689602090489e-05,8.572295002811316e-06
organic_expansion,562,1.2041010822747908e-06,7.466433425715848e-06
organic_expansion,563,-3.02327570138117e-06,9.140245237402282e-06
organic_expansion,564,8.433051255459563e-06,9.236888017792022e-06
organic_expansion,565,3.7333426087750113e-06,4.93677598091979e-06
organic_expansion,566,3.6424102323076965e-06,5.048234319545166e-06
organic_expansion,567,4.830804387175568e-06,8.388392359480421e-06
organic_expansion,568,5.040418497825494e-06,6.306316875479336e-06
organic_expansion,569,8.559939382616257e-06,9.43642605410477e-06
organic_expansion,570,1.5163513823457788e-05,1.0630180568347375e-05
organic_expansion,571,1.317620217294821e-05,7.5970229170009515e-06
organic_expansion,572,2.2509329491792023e-05,7.065036183502395e-06
organic_expansion,573,6.293892434485826e-06,1.4911954794007995e-05
organic_expansion,574,1.5844799120529988e-05,1.4074632842887693e-05
organic_expansion,575,1.6519654925880893e-06,7.441101319181853e-06
organic_expansion,576,2.1980390543156176e-06,8.348505176143847e-06
organic_expansion,577,5.007401115830319e-06,6.127059477983971e-06
organic_expansion,578,1.1829990709522598e-05,6.475509566008028e-06
organic_expansion,579,1.285402894190792e-05,6.640560097321367e-06
organic_expansion,580,1.8601980736789296e-05,6.261082282099697e-06
organic_expansion,581,1.5752815135610944e-05,8.393629289279305e-06
organic_expansion,582,1.88932137817093e-05,9.374589998383503e-06
organic_expansion,583,1.609692298621952e-05,9.73012157596574e-06
organic_expansion,584,7.124688066680026e-06,1.6372022486337406e-05
organic_expansion,585,1.435580915938428e-05,8.49554005579706e-06
organic_expansion,586,3.1661904785191175e-06,7.270369484237538e-06
organic_expansion,587,4.859995574025219e-06,8.378921307386486e-06
organic_expansion,588,9.58682473032811e-06,5.384824017502443e-06
organic_expansion,589,1.5803675256672485e-05,1.9709095389995413e-05
organic_expansion,590,9.57738605496554e-06,9.892761876048526e-06
organic_expansion,591,1.4396454476623174e-05,5.3207554188061134e-06
organic_expansion,592,1.9997282301592047e-06,9.115386914326953e-06
organic_expansion,593,1.1364353381889145e-05,1.2847391515169813e-05
organic_expansion,594,1.3353535053852596e-05,1.3758803523660889e-05
organic_expansion,595,4.710446712462652e-06,5.5973529933952205e-06
organic_expansion,596,-2.2647434554712958e-06,6.631402770866522e-06
organic_expansion,597,8.177228317231401e-06,9.75065606139768e-06
organic_expansion,598,-1.072437049357326e-06,6.804907045010534e-06
organic_expansion,599,-1.0117180525965232e-06,6.962734442119914e-06
organic_expansion,600,5.556702547445487e-06,6.6333462153574895e-06
organic_expansion,601,-3.613090089632421e-06,9.099885869504355e-06
organic_expansion,602,5.927677574908473e-06,7.658452089876035e-06
organic_expansion,603,1.1000602548491291e-07,6.032066116289142e-06
organic_expansion,604,1.447279262289177e-05,9.40002306919288e-06
organic_expansion,605,1.5631401137448114e-05,9.138611065466317e-06
organic_expansion,606,1.5339669220347148e-05,8.29230401661703e-06
organic_expansion,607,6.054332356019504e-07,9.281415211093961e-06
organic_expansion,608,1.411680110812242e-05,9.261373331212224e-06
organic_expansion,609,-1.4738866509860703e-06,7.442271069981132e-06
organic_expansion,610,1.2860572448708304e-05,1.0559281923620772e-05
organic_expansion,611,1.8814852097355223e-05,8.89461617503058e-06
organic_expansion,612,2.2210843139835428e-05,1.3600366806409557e-05
organic_expansion,613,7.278907371811258e-06,6.8499702443066485e-06
organic_expansion,614,3.478844697285678e-05,1.7425631067079656e-05
organic_expansion,615,1.0220019433636619e-05,9.262925841484022e-06
organic_expansion,616,4.318614333474579e-06,5.465367073624614e-06
organic_expansion,617,2.1941679507722637e-05,8.909245508326468e-06
organic_expansion,618,6.831532069861791e-06,7.004883084747809e-06
organic_expansion,619,1.0864510419414945e-05,1.0410564785384392e-05
organic_expansion,620,1.4278743407542039e-05,8.120137506489136e-06
organic_expansion,621,1.0638380073205442e-05,7.874577449598935e-06
organic_expansion,622,2.504381082984778e-05,5.593981443663388e-06
organic_expansion,623,8.216116621437578e-06,8.467564161844472e-06
organic_expansion,624,9.534769386228624e-06,6.535836638352906e-06
organic_expansion,625,1.2837483231763287e-06,5.818800353170312e-06
organic_expansion,626,5.296062007557863e-06,8.425857095784367e-06
organic_expansion,627,1.899754468927598e-06,5.630272431611029e-06
organic_expansion,628,2.206453335947159e-06,5.506228037241901e-06
organic_expansion,629,7.25362309267114e-06,6.179919991720891e-06
organic_expansion,630,5.4481132432106735e-06,8.958705761547399e-06
organic_expansion,631,2.5897389794682373e-06,7.920196012946815e-06
organic_expansion,632,8.67196073987806e-06,5.437658939882211e-06
organic_expansion,633,8.629012390848138e-06,6.336857744148841e-06
organic_expansion,634,1.8246750885433652e-07,7.644526411180501e-06
organic_expansion,635,1.1956137943719065e-05,1.0023927449893035e-05
organic_expansion,636,9.682961308572732e-06,1.1081448740737228e-05
organic_expansion,637,1.4536051774104446e-05,1.3008901265357343e-05
organic_expansion,638,2.5932010125554317e-05,1.362261410696763e-05
organic_expansion,639,2.1095845075749627e-05,9.213495591812808e-06
organic_expansion,640,6.841996970931203e-06,8.144938519935738e-06
organic_expansion,641,5.804633489479949e-06,9.863931876883319e-06
organic_expansion,642,8.351259096118211e-06,8.28744217648145e-06
organic_expansion,643,2.1220119729976452e-05,9.75681851921432e-06
organic_expansion,644,1.3732652680596648e-05,1.0545106440632834e-05
organic_expansion,645,-1.8786864853702804e-06,7.924436867798843e-06
organic_expansion,646,1.0489026583899675e-05,5.241125107239446e-06
organic_expansion,647,1.3085849810125274e-05,1.0092618331981165e-05
organic_expansion,648,1.343620125226856e-05,6.1320767404459265e-06
organic_expansion,649,2.219514572967639e-05,9.536514424143216e-06
organic_expansion,650,1.4872983377222093e-05,1.0110498332860428e-05
organic_expansion,651,8.68293546723133e-06,5.914814307672763e-06
organic_expansion,652,1.7194955923445254e-05,1.63788566532065e-05
organic_expansion,653,5.8393164531358425e-06,8.485930024848445e-06
organic_expansion,654,8.493483107487708e-06,9.087588797769211e-06
organic_expansion,655,2.1078239072308686e-05,1.613804938008278e-05
organic_expansion,656,1.454699488817956e-05,6.618419626856346e-06
organic_expansion,657,1.4135158104145715e-05,1.0463845629170042e-05
organic_expansion,658,9.08763091906252e-06,7.843935152651128e-06
organic_expansion,659,1.2933863505139472e-05,9.597147146074222e-06
organic_expansion,660,1.0719234327290492e-05,6.515721257076522e-06
organic_expansion,661,1.1516226688985526e-05,5.341422800913036e-06
organic_expansion,662,1.424932077711739e-05,9.01108253990252e-06
organic_expansion,663,1.1884826510676531e-05,6.825181555051707e-06
organic_expansion,664,-7.147406262877046e-06,5.6519029182764926e-06
organic_expansion,665,9.91586398308827e-07,7.0859779152242656e-06
organic_expansion,666,1.3275464727329287e-05,8.5619116397595e-06
organic_expansion,667,6.084644040290077e-06,5.5555555326543455e-06
organic_expansion,668,4.963561597924888e-06,7.854829646394109e-06
organic_expansion,669,1.2749543825336933e-05,5.22600867621867e-06
organic_expansion,670,-6.8072385697016485e-06,7.983586258591587e-06
organic_expansion,671,1.8555468572152624e-05,1.2417809824765553e-05
organic_expansion,672,-7.820321950070983e-06,8.483047640736911e-06
organic_expansion,673,-4.6589853582530374e-07,6.105524211130895e-06
organic_expansion,674,2.9138287372129702e-06,4.806512623986243e-06
organic_expansion,675,1.592823080916374e-05,9.380252498858512e-06
organic_expansion,676,1.970138854336769e-05,1.075599004228529e-05
organic_expansion,677,1.9943287732340994e-06,6.893571101975838e-06
organic_expansion,678,1.4494054530270806e-05,9.544305900564967e-06
organic_expansion,679,2.3607105804967035e-05,9.03365223223702e-06
organic_expansion,680,8.892978199935269e-06,8.013828654544232e-06
organic_expansion,681,9.95876745661749e-06,1.7370492061103934e-05
organic_expansion,682,-3.646135340524171e-06,1.0875472309654515e-05
organic_expansion,683,1.0195202476085187e-05,6.494632802181449e-06
organic_expansion,684,2.5365269834093016e-05,1.0346571155729022e-05
organic_expansion,685,1.4667661375722401e-05,6.2469824514378504e-06
organic_expansion,686,1.7801227201147406e-05,7.7348629841014e-06
organic_expansion,687,6.1358054918181715e-06,7.84333598995701e-06
organic_expansion,688,6.889908524667073e-06,1.796520867462161e-05
organic_expansion,689,2.0828818113079937e-05,9.923562650628332e-06
organic_expansion,690,1.317114614364692e-08,8.607676005975822e-06
organic_expansion,691,2.401183794473036e-05,8.210304922468691e-06
organic_expansion,692,7.905865175953774e-06,1.1390859453872131e-05
organic_expansion,693,7.739142906026107e-06,8.99917443425075e-06
organic_expansion,694,5.2980345585364905e-06,5.179440981421673e-06
organic_expansion,695,1.0279711267173032e-05,9.9344113527998e-06
organic_expansion,696,8.249333644504875e-06,7.334288573941123e-06
organic_expansion,697,5.999733033855954e-06,1.1957939543118955e-05
organic_expansion,698,1.3767504147466983e-05,1.121065748790706e-05
organic_expansion,699,8.992568034423417e-06,9.05695069598901e-06
organic_expansion,700,1.0098119349696312e-05,9.468024381821418e-06
organic_expansion,701,7.133559622930035e-06,9.359974406090398e-06
organic_expansion,702,2.1366796707083717e-05,7.4557978297529686e-06
organic_expansion,703,8.881926811416748e-06,9.488901421966489e-06
organic_expansion,704,9.537004597538445e-06,9.710059441446813e-06
organic_expansion,705,3.0228432906338456e-06,5.966793455517257e-06
organic_expansion,706,9.063926094732772e-06,8.681244415950805e-06
organic_expansion,707,3.685131745130498e-06,4.016163439358127e-06
organic_expansion,708,2.467296103421866e-05,1.0712874130626559e-05
organic_expansion,709,7.4915526113211124e-06,7.064611712977184e-06
organic_expansion,710,9.834216077064555e-06,1.3262743421760012e-05
organic_expansion,711,3.3408410818103e-06,8.378046007450877e-06
organic_expansion,712,6.48404425667963e-06,1.2163920632578639e-05
organic_expansion,713,6.022081879792925e-06,5.9712983174952174e-06
organic_expansion,714,1.862634691752248e-05,6.6918132887691465e-06
organic_expansion,715,-3.0399221557585234e-06,6.297161107311934e-06
organic_expansion,716,1.8375537729065088e-05,8.074658271737974e-06
organic_expansion,717,8.660658450716213e-06,6.147155556267811e-06
organic_expansion,718,1.4202166106150597e-05,1.279121905824281e-05
organic_expansion,719,-5.148024545918096e-06,8.79093263017966e-06
organic_expansion,720,1.8018046939747376e-05,1.2855787479426702e-05
organic_expansion,721,1.2322836572129207e-05,6.648379418420746e-06
organic_expansion,722,-1.2734077226360665e-06,1.1408901634075945e-05
organic_expansion,723,-7.770347949928064e-08,6.543878239455437e-06
organic_expansion,724,-8.749612385055047e-07,6.570359426430772e-06
organic_expansion,725,6.460871638613416e-06,6.45177203231706e-06
organic_expansion,726,1.8613361110938026e-06,7.927402409296325e-06
organic_expansion,727,6.432214950980911e-06,6.6579646187266406e-06
organic_expansion,728,5.83387298474704e-06,8.876299054003059e-06
organic_expansion,729,1.6650251460189448e-05,8.662423705162763e-06
organic_expansion,730,1.4460302762424518e-05,1.1476973302511337e-05
organic_expansion,731,9.130858108955059e-06,9.70672582390657e-06
organic_expansion,732,4.78008124354226e-06,9.265116933928891e-06
organic_expansion,733,1.3933412580739183e-05,1.1136845161736225e-05
organic_expansion,734,1.1280814476919884e-05,6.627180354752057e-06
organic_expansion,735,1.358050532818514e-05,8.920785308518053e-06
organic_expansion,736,3.98771030470981e-06,9.102810129776296e-06
organic_expansion,737,-3.114082136958521e-08,7.598076806352288e-06
organic_expansion,738,8.796684027602595e-07,7.470342994868389e-06
organic_expansion,739,4.8584620849153735e-06,6.845456663633456e-06
organic_expansion,740,7.747892806024271e-06,1.1349786863727839e-05
organic_expansion,741,1.4068855892141154e-05,5.452866375677853e-06
organic_expansion,742,2.0107812707194527e-05,1.8947384591194625e-05
organic_expansion,743,-5.77847836134337e-07,5.546266495819277e-06
organic_expansion,744,9.379422401735281e-06,5.727709421720916e-06
organic_expansion,745,1.8629869601361315e-05,1.0255927741315536e-05
organic_expansion,746,-3.4298603643897743e-06,4.746712732025884e-06
organic_expansion,747,1.8738898661761125e-05,9.875228896968985e-06
organic_expansion,748,1.2180493732094873e-05,8.97717611704934e-06
organic_expansion,749,1.102607547046962e-05,8.64010580308894e-06
organic_expansion,750,7.347453695564299e-06,7.1508829757461075e-06
organic_expansion,751,7.450124800586095e-06,5.131711609355218e-06
organic_expansion,752,9.391898143870108e-06,1.1967513079878684e-05
organic_expansion,753,1.3000690359180073e-05,1.2572608058739337e-05
organic_expansion,754,9.696970999106829e-06,6.4187390920147265e-06
organic_expansion,755,9.813390201753649e-06,1.089199757736035e-05
organic_expansion,756,1.7691207493321967e-05,8.92780320317405e-06
organic_expansion,757,-9.619785419090138e-06,8.896266814126564e-06
organic_expansion,758,1.9465542205335544e-07,4.303571616837847e-06
organic_expansion,759,1.0464255268783006e-05,9.223712005103554e-06
organic_expansion,760,1.1825358329734662e-05,9.879925246987191e-06
organic_expansion,761,1.3303450627329547e-05,1.3909527327986135e-05
organic_expansion,762,1.3956159166058065e-05,1.1530072863287875e-05
organic_expansion,763,3.6667040931443364e-06,6.82297196420168e-06
organic_expansion,764,8.176783662754187e-06,1.1971079833347162e-05
organic_expansion,765,1.7257839602879786e-05,1.675440371091069e-05
organic_expansion,766,1.0786271068813073e-05,8.428034344492532e-06
organic_expansion,767,2.720888502847565e-06,7.751083055317043e-06
organic_expansion,768,1.8639770736067015e-05,1.0565237525524466e-05
organic_expansion,769,-6.809397238364185e-06,7.741018341511702e-06
organic_expansion,770,2.533550892810102e-05,1.2759315130179034e-05
organic_expansion,771,1.3044680344782787e-05,8.419928862229281e-06
organic_expansion,772,1.3845202848852873e-05,7.031406217468309e-06
organic_expansion,773,2.511718581358591e-06,7.4919277104191375e-06
organic_expansion,774,1.1666533807442762e-05,7.605001749543586e-06
organic_expansion,775,5.179844757415795e-08,7.533804004050802e-06
organic_expansion,776,3.1356712915505346e-05,9.797864178756063e-06
organic_expansion,777,4.10784330388931e-06,6.4372270273733804e-06
organic_expansion,778,1.4611043621355192e-05,8.240232424664129e-06
organic_expansion,779,9.213353927545013e-06,5.846893857972764e-06
organic_expansion,780,7.790400840832796e-06,6.2909308734338755e-06
organic_expansion,781,3.840452198648694e-06,7.824403481213745e-06
organic_expansion,782,1.2893909687091495e-06,8.109258268899473e-06
organic_expansion,783,3.692372861843628e-06,6.722915999706852e-06
organic_expansion,784,9.948437492151256e-06,6.841998305118566e-06
organic_expansion,785,3.5487924772377964e-06,7.098197154233169e-06
organic_expansion,786,3.958110279788224e-06,8.893908652554057e-06
organic_expansion,787,2.328688087875881e-05,9.480350291356449e-06
organic_expansion,788,1.0150648340390705e-05,9.86907259711641e-06
organic_expansion,789,5.0144904065300005e-06,1.3705335792519856e-05
organic_expansion,790,-5.392609320658262e-06,6.0601586462683215e-06
organic_expansion,791,1.0364734090597992e-05,8.0844212493006e-06
organic_expansion,792,1.7538393813991556e-05,1.1209142774165805e-05
organic_expansion,793,1.7988116964562535e-05,1.6979792144940735e-05
organic_expansion,794,1.296344048475393e-05,6.52225551692768e-06
organic_expansion,795,1.0933645928942856e-05,1.0212724779042768e-05
organic_expansion,796,7.67763136521942e-06,9.05273473331769e-06
organic_expansion,797,1.778958189378289e-05,8.645358226438812e-06
organic_expansion,798,2.624528491199134e-05,2.0350050634652822e-05
organic_expansion,799,1.1930335177421805e-05,8.422879242273606e-06
organic_expansion,800,1.4481900291342757e-05,9.133426885737473e-06
organic_expansion,801,9.94201686099424e-06,9.202459539999096e-06
organic_expansion,802,4.668943323372713e-06,5.1838186352613946e-06
organic_expansion,803,1.8553952494219412e-05,6.9540093700406065e-06
organic_expansion,804,1.5035812585602281e-05,1.4352495199088843e-05
organic_expansion,805,5.736158416484934e-06,1.0838254026559704e-05
organic_expansion,806,1.0628832290721755e-05,6.3489991087765245e-06
organic_expansion,807,1.1786102062496257e-05,1.2057294915887706e-05
organic_expansion,808,9.591242370188977e-06,1.366120386715588e-05
organic_expansion,809,-4.869041821708232e-06,6.554952294337763e-06
organic_expansion,810,1.1608872600703994e-05,9.647080549619515e-06
organic_expansion,811,7.119019103749106e-06,6.30625424907487e-06
organic_expansion,812,8.869288197435339e-06,6.165984825214469e-06
organic_expansion,813,-3.446102520532521e-07,5.0734959478376915e-06
organic_expansion,814,9.7240672555212e-06,9.070264621764659e-06
organic_expansion,815,6.879160356880414e-06,5.472924534448236e-06
organic_expansion,816,-2.3450082560821434e-06,6.639954341462434e-06
organic_expansion,817,-2.682539442018889e-06,5.270096181277064e-06
organic_expansion,818,8.541794291805348e-06,9.53667767939157e-06
organic_expansion,819,1.0599534468675168e-05,9.825161741032085e-06
organic_expansion,820,4.013403570861764e-06,7.313529719794681e-06
organic_expansion,821,1.6097990941067835e-05,1.0127826430278218e-05
organic_expansion,822,5.060746689134237e-06,6.746121882995974e-06
organic_expansion,823,1.4184611961013614e-05,7.525766175048353e-06
organic_expansion,824,6.2832855301339425e-06,6.427671498731879e-06
organic_expansion,825,3.5763227398951427e-06,6.585777010740723e-06
organic_expansion,826,1.428665605953349e-05,9.943462047772699e-06
organic_expansion,827,-3.942229267450657e-06,6.29899246168495e-06
organic_expansion,828,2.79776784654831e-06,7.381493185336569e-06
organic_expansion,829,2.460271034473884e-05,1.1811003734997718e-05
organic_expansion,830,1.7785334584697526e-05,9.432783215471723e-06
organic_expansion,831,2.1439464306138377e-05,1.2522408831868783e-05
organic_expansion,832,1.1823231521764527e-05,7.688912036671849e-06
organic_expansion,833,7.891028894426888e-06,5.192348213751353e-06
organic_expansion,834,-4.5734211227346345e-07,1.1211861099239986e-05
organic_expansion,835,-7.302723667443772e-07,8.876515215401747e-06
organic_expansion,836,6.624175028226845e-07,6.091909674232807e-06
organic_expansion,837,1.2186518447321791e-05,6.788192308634347e-06
organic_expansion,838,6.738738228056248e-06,1.2496914980685535e-05
organic_expansion,839,3.221436844983531e-06,1.1880537084864094e-05
organic_expansion,840,-2.0918021907831304e-06,8.314302831939799e-06
organic_expansion,841,6.1303287049468815e-06,8.567019742451798e-06
organic_expansion,842,1.7704613325502516e-06,9.484135758738106e-06
organic_expansion,843,6.8872221791299145e-06,5.557159697677413e-06
organic_expansion,844,7.508590705720293e-06,7.892916469882628e-06
organic_expansion,845,-1.2753841326954447e-06,5.695437428327108e-06
organic_expansion,846,-9.523530481560568e-07,9.406954283808815e-06
organic_expansion,847,3.2319117255220078e-06,4.465671499319944e-06
organic_expansion,848,1.2412341721903886e-05,9.354386283407078e-06
organic_expansion,849,1.0867977983173169e-05,7.586288241167865e-06
organic_expansion,850,3.494491090111273e-06,5.65944797287289e-06
organic_expansion,851,7.458320107277616e-06,1.043394942243089e-05
organic_expansion,852,9.392099714549606e-06,1.0247361563459194e-05
organic_expansion,853,1.385138124224069e-05,8.47257482656661e-06
organic_expansion,854,-5.9374746470359315e-06,8.545841089134255e-06
organic_expansion,855,1.1404061195739886e-05,1.0560653846091723e-05
organic_expansion,856,1.1041317109613411e-05,6.522278314389652e-06
organic_expansion,857,4.9960481969615425e-06,6.799863904337666e-06
organic_expansion,858,1.8284124425629732e-05,8.641056639215362e-06
organic_expansion,859,1.4600511027424262e-05,9.168528464886866e-06
organic_expansion,860,1.5903609538907185e-05,5.96312984482036e-06
organic_expansion,861,1.37679179294259e-05,8.724069101284441e-06
organic_expansion,862,5.943573552912581e-06,5.547090540546187e-06
organic_expansion,863,1.4708343692301604e-05,1.7225800082966227e-05
organic_expansion,864,9.605274504686272e-06,7.154534533323762e-06
organic_expansion,865,2.570826315091039e-07,8.252307477319102e-06
organic_expansion,866,1.4147437371576156e-05,7.326318145856914e-06
organic_expansion,867,2.1538021920242876e-05,6.085273720439818e-06
organic_expansion,868,1.05609504803495e-05,6.2854062365205765e-06
organic_expansion,869,2.686310682064594e-06,7.082228222657735e-06
organic_expansion,870,6.279446218949095e-06,7.51732140073727e-06
organic_expansion,871,5.697489957300211e-06,5.63906651576735e-06
organic_expansion,872,-6.0408047482826385e-06,7.4182180092543225e-06
organic_expansion,873,1.2145396790110664e-05,9.219657109032815e-06
organic_expansion,874,1.2807248971080732e-05,1.1594369711990714e-05
organic_expansion,875,1.7989459831012914e-05,8.675061602764138e-06
organic_expansion,876,6.278534190348527e-06,8.01120060691103e-06
organic_expansion,877,-8.18067703949891e-06,5.289469950329259e-06
organic_expansion,878,1.4888678433195861e-05,1.148403574109053e-05
organic_expansion,879,4.506056881923085e-06,7.260090767682743e-06
organic_expansion,880,-4.25895277608433e-07,4.555757716956763e-06
organic_expansion,881,5.0506980616063395e-06,6.26548334571683e-06
organic_expansion,882,1.5367032868694573e-05,1.1005497922741694e-05
organic_expansion,883,2.972039785830922e-06,8.218436941866935e-06
organic_expansion,884,1.8420948556028344e-05,1.2958804385570254e-05
organic_expansion,885,8.233150057709186e-06,4.668205704777085e-06
organic_expansion,886,9.199094182343481e-06,1.3067336337160599e-05
organic_expansion,887,1.2541504413693486e-05,1.0163368431729247e-05
organic_expansion,888,1.8438088349235707e-06,5.46790112063838e-06
organic_expansion,889,1.8887910133975906e-05,4.196953199227435e-06
organic_expansion,890,1.1569375188172076e-05,9.429565944514911e-06
organic_expansion,891,-7.221996310982741e-07,7.998668841409703e-06
organic_expansion,892,8.93430915420889e-06,8.861148364431682e-06
organic_expansion,893,2.493189069378326e-05,5.2627291240674406e-06
organic_expansion,894,6.795820786181087e-06,5.1952295775070185e-06
organic_expansion,895,-1.0094660415720636e-06,8.269051468133308e-06
organic_expansion,896,-1.9318027275763726e-06,9.173458349020718e-06
organic_expansion,897,2.9436239058968873e-05,1.0732104223367729e-05
organic_expansion,898,1.655003405639129e-05,8.622113068394928e-06
organic_expansion,899,1.3344498234359711e-06,6.209751375076221e-06
organic_expansion,900,1.207453395901279e-05,1.2670218215529021e-05
organic_expansion,901,-2.8816638023042518e-06,7.59555435763974e-06
organic_expansion,902,1.0847142478783196e-05,6.804457954180164e-06
organic_expansion,903,8.496854812104584e-06,7.035721464216244e-06
organic_expansion,904,1.63536953085501e-05,1.0024446041528046e-05
organic_expansion,905,2.3007991098070065e-06,7.064251027052461e-06
organic_expansion,906,1.5459483789887988e-05,7.947151556415913e-06
organic_expansion,907,1.7034584706773474e-05,9.837717423729601e-06
organic_expansion,908,2.2097788271308564e-05,6.603259154946713e-06
organic_expansion,909,-3.1606587756116947e-06,7.162373403816683e-06
organic_expansion,910,1.0680484309486828e-05,1.1151843968173475e-05
organic_expansion,911,1.4472644395726068e-05,8.636735534370676e-06
organic_expansion,912,1.4147478091850545e-05,1.3195618224286175e-05
organic_expansion,913,1.4249128657410641e-05,8.158285530843944e-06
organic_expansion,914,1.39255677173765e-05,1.3955877752454875e-05
organic_expansion,915,1.3045088915250215e-05,8.231002504585057e-06
organic_expansion,916,2.8568270476814325e-05,9.168013678210202e-06
organic_expansion,917,2.368961510726308e-05,8.151870068829937e-06
organic_expansion,918,-1.3178133524737856e-06,6.589261712465543e-06
organic_expansion,919,1.8976336240297377e-05,6.262114122769443e-06
organic_expansion,920,7.3843441842322056e-06,6.806660015114426e-06
organic_expansion,921,1.8311192305353898e-06,4.864703109524447e-06
organic_expansion,922,1.928553435727803e-05,5.628344450140308e-06
organic_expansion,923,1.2184350237366218e-05,1.2025470899460751e-05
organic_expansion,924,4.674341861327914e-06,5.334717764140099e-06
organic_expansion,925,2.2186933300839214e-05,1.2763748035678145e-05
organic_expansion,926,1.0531888533124528e-05,5.540424446409917e-06
organic_expansion,927,4.182349994263073e-06,7.892446474271437e-06
organic_expansion,928,6.021933130994904e-06,8.699962720589327e-06
organic_expansion,929,2.1965940742489927e-05,7.837517904656786e-06
organic_expansion,930,1.5528005562534968e-05,7.9200055822226e-06
organic_expansion,931,4.808462010353957e-06,7.605011289601336e-06
organic_expansion,932,6.0057660801256895e-06,1.0959249490000675e-05
organic_expansion,933,1.5582602016844775e-06,5.419012398501901e-06
organic_expansion,934,2.5119471024134608e-05,7.919927199357696e-06
organic_expansion,935,1.770023849579248e-05,8.562326197757679e-06
organic_expansion,936,1.0091212631056827e-05,9.572593947262166e-06
organic_expansion,937,6.45937547324511e-06,7.136041879711575e-06
organic_expansion,938,6.45060516475794e-06,7.271123655735268e-06
organic_expansion,939,3.401011681239819e-06,9.363516976230357e-06
organic_expansion,940,4.30103611826924e-06,7.525797289315213e-06
organic_expansion,941,2.227236164720915e-06,4.625894180930912e-06
organic_expansion,942,8.734249031142353e-06,1.0259865800933622e-05
organic_expansion,943,9.505226192575939e-06,1.4678180276366945e-05
organic_expansion,944,3.581621236342856e-06,6.7448682891037565e-06
organic_expansion,945,3.1825255056469015e-05,8.007601400471572e-06
organic_expansion,946,2.0467385220846914e-07,9.263190443904791e-06
organic_expansion,947,2.8526974504722e-06,8.297716438119295e-06
organic_expansion,948,7.455921798710257e-06,1.1823949747357689e-05
organic_expansion,949,6.826534732407071e-06,7.507593023913501e-06
organic_expansion,950,1.7969087301735902e-05,6.446064260882557e-06
organic_expansion,951,-6.0420753363814185e-06,1.0423929945744323e-05
organic_expansion,952,9.783529193908171e-06,6.650656320825807e-06
organic_expansion,953,1.7969776384270215e-05,1.3106333643346227e-05
organic_expansion,954,-2.6376338358325317e-06,6.838349634780852e-06
organic_expansion,955,3.6108171344039406e-06,8.801727523126469e-06
organic_expansion,956,8.810715473238574e-06,5.66598466252309e-06
organic_expansion,957,4.464438057715514e-06,7.72177720228915e-06
organic_expansion,958,1.17132123101524e-05,1.019110520129492e-05
organic_expansion,959,1.1325401010071218e-05,7.094705493755525e-06
organic_expansion,960,9.593068345846595e-06,8.41063507036369e-06
organic_expansion,961,5.176309752054704e-06,1.0891060593076692e-05
organic_expansion,962,1.3670392233676394e-05,6.056777105392983e-06
organic_expansion,963,-1.8551949771498701e-06,7.900554695588628e-06
organic_expansion,964,2.353322957467272e-05,1.126573069987391e-05
organic_expansion,965,4.7200548761663e-06,7.674191309938792e-06
organic_expansion,966,1.2035090029644971e-05,1.3282750084664308e-05
organic_expansion,967,1.7361633189626394e-05,7.969901636155105e-06
organic_expansion,968,1.4959393649648977e-05,7.338036489406698e-06
organic_expansion,969,9.882317291301535e-07,1.1779219700456675e-05
organic_expansion,970,4.746547913381494e-06,1.0595715903243802e-05
organic_expansion,971,1.3622692548392595e-05,7.884593688806042e-06
organic_expansion,972,9.649998110537885e-06,6.4275333995539956e-06
organic_expansion,973,7.5992966138143855e-06,9.83309767901317e-06
organic_expansion,974,-1.96675858260081e-06,9.528548962882994e-06
organic_expansion,975,-3.3605674076851087e-06,9.891365144203906e-06
organic_expansion,976,1.1741553573868575e-05,6.4181373319387255e-06
organic_expansion,977,4.13259722950974e-06,8.217730042774122e-06
organic_expansion,978,7.238306992084227e-06,8.551092751092863e-06
organic_expansion,979,1.5477993505302455e-05,7.826802099184866e-06
organic_expansion,980,7.538730937548712e-06,8.744413695944275e-06
organic_expansion,981,1.2780441864700907e-05,5.3772105144663575e-06
organic_expansion,982,8.564552075598747e-06,7.384787385975424e-06
organic_expansion,983,4.743393370387552e-06,8.42850917110673e-06
organic_expansion,984,9.873771267371561e-06,8.591674980899908e-06
organic_expansion,985,1.1381276204129785e-05,5.31463491039012e-06
organic_expansion,986,2.0841266851882184e-05,8.68717728818461e-06
organic_expansion,987,1.8650938942587268e-05,4.780284514378644e-06
organic_expansion,988,3.0841764202004e-06,6.326614633866266e-06
organic_expansion,989,7.327619279007951e-06,1.0432994112783906e-05
organic_expansion,990,-4.013498536796283e-06,8.363850583829361e-06
organic_expansion,991,1.3586522609609361e-05,6.721654990109989e-06
organic_expansion,992,2.301303156889487e-05,7.57505633913774e-06
organic_expansion,993,5.527892347599943e-06,8.061105137967398e-06
organic_expansion,994,1.631828192707162e-05,1.4155465820915687e-05
organic_expansion,995,1.3141592696350325e-05,7.812163360747158e-06
organic_expansion,996,1.8734204231937457e-05,8.828494306072745e-06
organic_expansion,997,1.4247029818910054e-05,6.75324846612737e-06
organic_expansion,998,1.2577146842079015e-05,7.922571770437327e-06
organic_expansion,999,6.619361003906773e-06,5.432616451193642e-06
manufacturing_expansion,0,7.226782071164086e-06,1.3138280199580332e-05
manufacturing_expansion,1,4.5764479373039456e-06,7.880839217316234e-06
manufacturing_expansion,2,-3.897832687816002e-06,1.4757538568835709e-05
manufacturing_expansion,3,6.852726566208931e-06,6.144772818833042e-06
manufacturing_expansion,4,7.671295900946086e-06,8.533443033026724e-06
manufacturing_expansion,5,1.1381195675133226e-05,6.550242935613536e-06
manufacturing_expansion,6,2.3965676258026864e-05,1.2836300319447969e-05
manufacturing_expansion,7,9.398474910875606e-07,1.1051526696261573e-05
manufacturing_expansion,8,1.911643724365236e-05,8.119633244433207e-06
manufacturing_expansion,9,1.0762953245262488e-05,8.514185070275665e-06
manufacturing_expansion,10,6.743071345646467e-06,9.56945227310292e-06
manufacturing_expansion,11,1.927993065240461e-05,8.306588164375893e-06
manufacturing_expansion,12,6.515818189756966e-06,6.852238559533622e-06
manufacturing_expansion,13,2.10829750372339e-05,1.721930338181957e-05
manufacturing_expansion,14,8.43075374394725e-06,9.373703870325474e-06
manufacturing_expansion,15,1.8864509032180865e-05,9.91365959610795e-06
manufacturing_expansion,16,1.7451021837886476e-05,9.375475867586033e-06
manufacturing_expansion,17,7.766343428702533e-06,9.834720698581208e-06
manufacturing_expansion,18,1.927492514707089e-05,8.059605225552294e-06
manufacturing_expansion,19,1.2749303753959552e-05,1.3067378783291454e-05
manufacturing_expansion,20,1.4273479603264401e-05,1.62437994766299e-05
manufacturing_expansion,21,6.72721748513324e-06,1.1789910024927662e-05
manufacturing_expansion,22,1.6296594383856327e-05,6.261997871563895e-06
manufacturing_expansion,23,9.046153097283341e-07,6.4134188563099845e-06
manufacturing_expansion,24,8.716518092175524e-06,8.298311596128397e-06
manufacturing_expansion,25,1.0249653141091346e-05,1.4901177762411936e-05
manufacturing_expansion,26,1.4372458759899844e-05,7.475438936417184e-06
manufacturing_expansion,27,1.1294326346525398e-05,1.0499439632305179e-05
manufacturing_expansion,28,-2.243789438174934e-07,7.636402089891191e-06
manufacturing_expansion,29,1.1552800183887147e-05,7.89831964556142e-06
manufacturing_expansion,30,5.843265379063481e-06,6.872254905434765e-06
manufacturing_expansion,31,3.4947014905730964e-07,1.303374847353604e-05
manufacturing_expansion,32,3.4386596844997313e-06,6.44352982455042e-06
manufacturing_expansion,33,1.0068182404108493e-05,7.425734115545402e-06
manufacturing_expansion,34,1.599280550875782e-05,1.1962939622765147e-05
manufacturing_expansion,35,5.406676234011763e-05,5.3228692731409256e-05
manufacturing_expansion,36,7.919493782152449e-07,1.0357301613615391e-05
manufacturing_expansion,37,5.642588247222731e-06,7.689842981163396e-06
manufacturing_expansion,38,6.246030558227786e-06,1.3887922464994896e-05
manufacturing_expansion,39,1.1990793350501036e-05,9.531604039413796e-06
manufacturing_expansion,40,6.041229678233385e-07,4.779611450191453e-06
manufacturing_expansion,41,1.377437503368926e-05,1.0865754789448032e-05
manufacturing_expansion,42,-3.0436235685088465e-07,8.11727449484084e-06
manufacturing_expansion,43,-3.3880667641690813e-06,6.494761627380236e-06
manufacturing_expansion,44,1.9459487687746145e-05,9.873126665718379e-06
manufacturing_expansion,45,-8.851505518669365e-06,4.27662581829103e-06
manufacturing_expansion,46,8.963149642913272e-06,8.317517983186937e-06
manufacturing_expansion,47,1.2743822168073727e-05,7.1971328257409955e-06
manufacturing_expansion,48,4.96401336422981e-06,8.058882310545361e-06
manufacturing_expansion,49,2.0648685410298884e-05,8.375663540853113e-06
manufacturing_expansion,50,7.110771466871844e-06,6.294987535134108e-06
manufacturing_expansion,51,9.325227989294656e-06,8.18854427035386e-06
manufacturing_expansion,52,-5.01593918696985e-07,1.0785029241769968e-05
manufacturing_expansion,53,2.5901509031366925e-05,1.075357803761629e-05
manufacturing_expansion,54,9.539723506397166e-06,1.0216401607236951e-05
manufacturing_expansion,55,1.3494829023240549e-05,7.761883381461274e-06
manufacturing_expansion,56,1.6048583493761134e-05,1.252323244627283e-05
manufacturing_expansion,57,1.4857111376141107e-05,6.180400268457431e-06
manufacturing_expansion,58,6.268320608704942e-06,4.482058338590539e-06
manufacturing_expansion,59,1.2095639368897394e-07,7.162354883719264e-06
manufacturing_expansion,60,1.3550613388214127e-05,9.449499305080624e-06
manufacturing_expansion,61,7.20526673185316e-06,1.2628180443824216e-05
manufacturing_expansion,62,1.2720387833952708e-05,1.1666391339204675e-05
manufacturing_expansion,63,1.0936959227807787e-05,6.358472428523617e-06
manufacturing_expansion,64,1.817341872266016e-05,1.589211895636149e-05
manufacturing_expansion,65,1.3541401220266672e-05,1.2095909478579514e-05
manufacturing_expansion,66,-1.5856544828022378e-06,1.1451679286628497e-05
manufacturing_expansion,67,1.9411749274822628e-05,9.90179810446139e-06
manufacturing_expansion,68,1.1317091189690829e-05,8.059125364961208e-06
manufacturing_expansion,69,3.7614200435898404e-06,8.594713382259645e-06
manufacturing_expansion,70,1.1380240126481402e-05,1.4000106249137031e-05
manufacturing_expansion,71,-7.270930927804624e-06,7.105383129682513e-06
manufacturing_expansion,72,1.4468395012307607e-05,1.003909037547155e-05
manufacturing_expansion,73,1.637150178168311e-07,1.1028054824769313e-05
manufacturing_expansion,74,2.6586595687216606e-06,6.628074007371532e-06
manufacturing_expansion,75,9.654133464815205e-06,1.6498036197028766e-05
manufacturing_expansion,76,1.1352628939568129e-05,6.232410879726492e-06
manufacturing_expansion,77,2.291317607851773e-05,9.552666404944342e-06
manufacturing_expansion,78,1.1074904505582476e-05,1.0775075903810065e-05
manufacturing_expansion,79,5.79571580387145e-07,9.476398053571057e-06
manufacturing_expansion,80,1.1956728928783993e-05,1.1873036158434258e-05
manufacturing_expansion,81,1.0450338334724201e-05,9.579178838120176e-06
manufacturing_expansion,82,1.6565968053031065e-05,1.4768168409668426e-05
manufacturing_expansion,83,1.2296752984187716e-05,6.693989108318577e-06
manufacturing_expansion,84,8.458215548698894e-06,8.301381457903803e-06
manufacturing_expansion,85,2.0928724362375143e-06,9.345512524107228e-06
manufacturing_expansion,86,2.517136437325245e-05,1.1473961971425413e-05
manufacturing_expansion,87,6.013409043044937e-06,5.488618788955843e-06
manufacturing_expansion,88,1.53751301586994e-07,7.715690191857937e-06
manufacturing_expansion,89,1.926004564851796e-05,1.057050449523883e-05
manufacturing_expansion,90,8.792948691439246e-06,9.229440692934565e-06
manufacturing_expansion,91,7.36613229704283e-06,6.240466979881702e-06
manufacturing_expansion,92,-1.8506266611570145e-07,6.612112278825783e-06
manufacturing_expansion,93,2.0864855012560273e-05,8.390501095281913e-06
manufacturing_expansion,94,3.6449014739306836e-06,9.723154246069845e-06
manufacturing_expansion,95,5.2661504137055e-06,7.235830411089376e-06
manufacturing_expansion,96,1.8247635539580804e-05,8.854133981990736e-06
manufacturing_expansion,97,5.283581183404909e-06,8.903167135775307e-06
manufacturing_expansion,98,1.2681030126383162e-05,7.549876565760246e-06
manufacturing_expansion,99,2.0835669818070387e-05,7.816323112649623e-06
manufacturing_expansion,100,7.898840312274045e-06,1.0444863269221253e-05
manufacturing_expansion,101,7.116820767817839e-06,6.809579800184446e-06
manufacturing_expansion,102,-5.331498880418021e-07,1.0007221834153214e-05
manufacturing_expansion,103,7.795452588878668e-06,5.894936231714548e-06
manufacturing_expansion,104,6.205248822515249e-06,7.5959526007536795e-06
manufacturing_expansion,105,1.027928043433844e-05,1.2937094308228493e-05
manufacturing_expansion,106,2.55354451918835e-05,1.2009294698032334e-05
manufacturing_expansion,107,-7.496462050061473e-06,8.745515797085351e-06
manufacturing_expansion,108,1.5285047122826586e-05,9.393798692640889e-06
manufacturing_expansion,109,1.6445229385552893e-05,1.1490802913090784e-05
manufacturing_expansion,110,7.580670046828652e-07,7.63065983213719e-06
manufacturing_expansion,111,1.0812548678358677e-05,7.991413861240463e-06
manufacturing_expansion,112,1.1003435359517559e-05,1.2015475044459582e-05
manufacturing_expansion,113,4.971245113074226e-06,6.614695936110259e-06
manufacturing_expansion,114,1.5264441595340903e-05,1.0162330434188487e-05
manufacturing_expansion,115,8.07388612325519e-06,8.328037272768192e-06
manufacturing_expansion,116,1.9140165369316703e-05,1.1409848353721579e-05
manufacturing_expansion,117,9.681953518959598e-06,8.081841982570452e-06
manufacturing_expansion,118,4.842410696160371e-06,1.0626688085239e-05
manufacturing_expansion,119,1.3186157182779605e-05,9.822148667562881e-06
manufacturing_expansion,120,1.0565615537233173e-05,8.460479444898755e-06
manufacturing_expansion,121,9.517468107946837e-06,6.703367701467886e-06
manufacturing_expansion,122,2.4809086300276967e-06,6.944150479002745e-06
manufacturing_expansion,123,-7.613585037727291e-06,6.862989808036279e-06
manufacturing_expansion,124,1.8033018484405357e-05,1.172022112141745e-05
manufacturing_expansion,125,2.9248697960210706e-05,2.0847411130939452e-05
manufacturing_expansion,126,1.726301298916374e-05,1.4019761560333215e-05
manufacturing_expansion,127,1.3678192714167251e-05,1.1797519430323507e-05
manufacturing_expansion,128,6.975596666389052e-06,1.030421965438559e-05
manufacturing_expansion,129,1.3322325131739225e-05,9.508553267485485e-06
manufacturing_expansion,130,-3.809623711863379e-06,6.948338020432332e-06
manufacturing_expansion,131,1.2511828314118939e-05,9.986729368130322e-06
manufacturing_expansion,132,1.7615311735524462e-05,6.662963791311487e-06
manufacturing_expansion,133,2.290542309059797e-06,5.82803788464321e-06
manufacturing_expansion,134,8.057697729199942e-06,7.659744133673972e-06
manufacturing_expansion,135,1.7981089666675356e-05,5.549815326837613e-06
manufacturing_expansion,136,6.647041115473765e-06,7.4432207496674754e-06
manufacturing_expansion,137,1.1200435057373988e-05,8.901677320201153e-06
manufacturing_expansion,138,8.5538518455899e-06,1.2133862397795158e-05
manufacturing_expansion,139,-3.0087315397758964e-06,9.019237803992264e-06
manufacturing_expansion,140,1.8814642622554019e-06,8.651350421816192e-06
manufacturing_expansion,141,4.943015837534777e-06,6.81762209521643e-06
manufacturing_expansion,142,1.0588578099739343e-05,4.5975936768077266e-06
manufacturing_expansion,143,1.6656219938276973e-05,1.5443249252795146e-05
manufacturing_expansion,144,1.0065356546373937e-05,1.0906030835137363e-05
manufacturing_expansion,145,4.931700884528581e-06,8.80502450439782e-06
manufacturing_expansion,146,1.9775697721913587e-05,7.616638923211478e-06
manufacturing_expansion,147,-3.1584041214990084e-06,7.903387445772389e-06
manufacturing_expansion,148,2.1264707077350706e-05,9.03322553518089e-06
manufacturing_expansion,149,1.3178727367977382e-05,7.113350048849364e-06
manufacturing_expansion,150,6.678269399567596e-06,8.74650438774366e-06
manufacturing_expansion,151,-1.013543026391301e-06,7.479324347711737e-06
manufacturing_expansion,152,3.6117229376553623e-06,6.990712873904162e-06
manufacturing_expansion,153,1.8153840482300345e-05,8.593625013901591e-06
manufacturing_expansion,154,-5.395686453105973e-06,5.970648645573246e-06
manufacturing_expansion,155,-1.749881390600145e-07,6.253339322118903e-06
manufacturing_expansion,156,3.729474500213458e-06,6.5215048569392985e-06
manufacturing_expansion,157,-2.5357136188569172e-08,7.79583202432278e-06
manufacturing_expansion,158,1.645116967555754e-05,1.4221908204429642e-05
manufacturing_expansion,159,1.3432801922428726e-05,7.238261903385929e-06
manufacturing_expansion,160,1.5549530577057688e-05,1.5025885720995966e-05
manufacturing_expansion,161,8.180595894480908e-06,6.443331003949166e-06
manufacturing_expansion,162,1.4548782339608407e-05,8.279164306304442e-06
manufacturing_expansion,163,1.629245836196185e-05,1.0749797951642562e-05
manufacturing_expansion,164,1.700884274054787e-05,9.909526719594564e-06
manufacturing_expansion,165,2.500538976164431e-05,1.1844164473019187e-05
manufacturing_expansion,166,4.822192170386074e-06,8.823713407063765e-06
manufacturing_expansion,167,1.3857333273560143e-05,7.6914560443917e-06
manufacturing_expansion,168,1.5976603322990716e-05,6.79539888264329e-06
manufacturing_expansion,169,2.8329145183386742e-05,1.5131936309447778e-05
manufacturing_expansion,170,1.2423574193270512e-05,1.0509269354228446e-05
manufacturing_expansion,171,9.102931504235585e-06,6.9599000220210694e-06
manufacturing_expansion,172,2.0721097532860237e-05,1.005239652439047e-05
manufacturing_expansion,173,6.045364726592774e-06,9.93115106220894e-06
manufacturing_expansion,174,1.029268030694643e-05,5.751663282050026e-06
manufacturing_expansion,175,6.129974879281075e-06,5.167278352345638e-06
manufacturing_expansion,176,1.0438776656290342e-05,7.527333887715738e-06
manufacturing_expansion,177,5.645893609744054e-06,8.477504792484914e-06
manufacturing_expansion,178,4.656416934332988e-06,6.38144958179414e-06
manufacturing_expansion,179,3.7171530719934666e-06,7.581768948900681e-06
manufacturing_expansion,180,7.087091134927306e-06,1.105053671083877e-05
manufacturing_expansion,181,6.838079914133584e-06,6.901251403853322e-06
manufacturing_expansion,182,4.7801502994689155e-06,7.5075502916673155e-06
manufacturing_expansion,183,1.309905811925515e-05,7.524729258719858e-06
manufacturing_expansion,184,1.675775830914975e-06,7.910633731598147e-06
manufacturing_expansion,185,2.3071795665031565e-06,7.018659427550315e-06
manufacturing_expansion,186,7.433156175792454e-06,7.881164538330258e-06
manufacturing_expansion,187,7.552401271998313e-06,7.285684293815519e-06
manufacturing_expansion,188,2.797015907679201e-06,8.789683478813935e-06
manufacturing_expansion,189,1.0689851170282772e-05,1.2170062793631108e-05
manufacturing_expansion,190,4.095944837796652e-06,8.759877860115684e-06
manufacturing_expansion,191,6.396681211905848e-06,5.365588648512807e-06
manufacturing_expansion,192,1.400899968738399e-06,4.779028694680392e-06
manufacturing_expansion,193,-2.6059468513033383e-06,9.89714609594117e-06
manufacturing_expansion,194,1.3347600568644957e-05,7.4154333510871586e-06
manufacturing_expansion,195,1.0123508718514175e-05,1.2449075086876511e-05
manufacturing_expansion,196,2.3135320737353463e-05,1.2621484396622372e-05
manufacturing_expansion,197,3.2903360561724595e-05,1.1140484417835292e-05
manufacturing_expansion,198,5.472021230104739e-06,6.655033583156847e-06
manufacturing_expansion,199,6.069341376015e-06,8.087210245364156e-06
manufacturing_expansion,200,7.885304622768845e-06,8.89082537599584e-06
manufacturing_expansion,201,1.3729887791394622e-06,7.54920063854989e-06
manufacturing_expansion,202,2.024742958430133e-06,6.544183462827611e-06
manufacturing_expansion,203,1.64321163727832e-05,6.5920875501347976e-06
manufacturing_expansion,204,3.925264561610197e-06,8.057261238305776e-06
manufacturing_expansion,205,1.3724351811799788e-05,1.098120593983445e-05
manufacturing_expansion,206,4.40034337602012e-06,7.03919545040001e-06
manufacturing_expansion,207,1.5655162385185703e-05,7.898355519975272e-06
manufacturing_expansion,208,1.404454789439923e-05,1.0588287388790472e-05
manufacturing_expansion,209,1.5813019110726037e-06,1.0411641092945075e-05
manufacturing_expansion,210,1.3032026857868997e-05,8.750533400183795e-06
manufacturing_expansion,211,4.416793572857311e-06,1.1284721661011025e-05
manufacturing_expansion,212,1.560027459224823e-05,1.3151149416710861e-05
manufacturing_expansion,213,-4.104015454673001e-06,7.381283704726946e-06
manufacturing_expansion,214,-2.562915500329545e-06,6.572525106558218e-06
manufacturing_expansion,215,9.276051589313312e-06,1.2506767987043977e-05
manufacturing_expansion,216,2.790166767124906e-06,6.319089308465999e-06
manufacturing_expansion,217,5.7097255294663055e-06,4.8189319889637026e-06
manufacturing_expansion,218,1.2431168775575889e-05,8.832846891469855e-06
manufacturing_expansion,219,1.652705618199811e-05,1.0169418115023712e-05
manufacturing_expansion,220,4.127110202318036e-06,6.029235744879762e-06
manufacturing_expansion,221,9.406406007039388e-07,7.58995120008638e-06
manufacturing_expansion,222,8.9090638424687e-06,7.932696910811884e-06
manufacturing_expansion,223,-6.0106837570136e-06,8.190040700359435e-06
manufacturing_expansion,224,4.0320626923440975e-06,6.3326337439210825e-06
manufacturing_expansion,225,1.6831030224641802e-05,1.732137425654e-05
manufacturing_expansion,226,-1.1030886400938063e-06,7.541568865477537e-06
manufacturing_expansion,227,1.5662599048173134e-05,7.523846288784745e-06
manufacturing_expansion,228,9.499352143500154e-06,8.59005517446883e-06
manufacturing_expansion,229,8.666417168119859e-06,7.26714706401393e-06
manufacturing_expansion,230,1.4307475080993737e-05,1.1796325566322253e-05
manufacturing_expansion,231,6.331427685664096e-06,6.374201796438844e-06
manufacturing_expansion,232,6.0392375608910494e-06,1.174586894926866e-05
manufacturing_expansion,233,5.266086428236092e-06,5.854615841259233e-06
manufacturing_expansion,234,2.357077993459534e-06,5.607840087274175e-06
manufacturing_expansion,235,-3.4775451417400666e-06,4.765330612847332e-06
manufacturing_expansion,236,2.0880775937328723e-05,5.415573809033567e-06
manufacturing_expansion,237,1.49757066505806e-05,1.03628742325592e-05
manufacturing_expansion,238,7.325403782807493e-06,9.512941500071607e-06
manufacturing_expansion,239,1.0045633489583093e-05,5.5747948602250185e-06
manufacturing_expansion,240,1.3330850577742025e-05,7.965150645323462e-06
manufacturing_expansion,241,1.1904824215237398e-05,6.360479390412776e-06
manufacturing_expansion,242,8.669187554362792e-06,9.52862885427331e-06
manufacturing_expansion,243,1.4037884981323029e-05,8.379488393112865e-06
manufacturing_expansion,244,-5.939522894398173e-06,9.477394571166609e-06
manufacturing_expansion,245,1.6476311681724473e-05,7.3913701065404975e-06
manufacturing_expansion,246,2.187782741410514e-05,1.1172844517251987e-05
manufacturing_expansion,247,1.1115055603867122e-05,7.750936608352096e-06
manufacturing_expansion,248,1.577447503138536e-05,1.0605118752397575e-05
manufacturing_expansion,249,2.5574678436754034e-05,1.9687641877264668e-05
manufacturing_expansion,250,9.945847739404339e-06,6.782849353566802e-06
manufacturing_expansion,251,1.1662520667054235e-05,6.811182979525074e-06
manufacturing_expansion,252,6.272940113238534e-06,9.425538763957427e-06
manufacturing_expansion,253,1.1917166015089157e-05,6.664959169827058e-06
manufacturing_expansion,254,5.769039051743806e-06,6.912594907914383e-06
manufacturing_expansion,255,9.690583738269111e-06,7.417664539997826e-06
manufacturing_expansion,256,1.3867414552229337e-05,7.66781278670419e-06
manufacturing_expansion,257,9.99946901051155e-06,8.429996060020466e-06
manufacturing_expansion,258,5.5484939740651325e-06,5.331950624773741e-06
manufacturing_expansion,259,8.599143460678817e-06,7.295210696493841e-06
manufacturing_expansion,260,8.344247970847029e-06,1.030960707017689e-05
manufacturing_expansion,261,1.481606257075044e-05,8.918828330692273e-06
manufacturing_expansion,262,3.907708326707662e-06,8.735122744757096e-06
manufacturing_expansion,263,1.0152967887365602e-05,7.652707268643665e-06
manufacturing_expansion,264,1.8175315843442725e-06,5.197381675274891e-06
manufacturing_expansion,265,2.0045991451408116e-06,4.9103970551316506e-06
manufacturing_expansion,266,-4.015873597476141e-06,1.1414220699970353e-05
manufacturing_expansion,267,1.667062235790555e-05,8.050033757790145e-06
manufacturing_expansion,268,6.267236773771682e-06,7.319900139814449e-06
manufacturing_expansion,269,8.17810098912703e-06,8.972890163196084e-06
manufacturing_expansion,270,1.219923610259192e-05,1.6445442770354478e-05
manufacturing_expansion,271,5.674290513981928e-06,8.51631515466568e-06
manufacturing_expansion,272,2.9725649244387656e-06,6.6396683371643066e-06
manufacturing_expansion,273,1.2699288377175968e-05,9.423474903322685e-06
manufacturing_expansion,274,3.3685304064451576e-05,1.8719341545198334e-05
manufacturing_expansion,275,2.5235190726052923e-05,2.3947146474054107e-05
manufacturing_expansion,276,1.885651402196422e-05,1.1665782184395375e-05
manufacturing_expansion,277,1.6029528624487075e-05,9.743404142355135e-06
manufacturing_expansion,278,1.2729270633451021e-06,8.109951451703946e-06
manufacturing_expansion,279,8.360600848456817e-06,1.2063058360302862e-05
manufacturing_expansion,280,-7.429080007461227e-07,7.4500843702830054e-06
manufacturing_expansion,281,2.2255478739501827e-05,1.0176367349288049e-05
manufacturing_expansion,282,1.6935697018349196e-05,8.705966739736183e-06
manufacturing_expansion,283,-1.3329246221089368e-06,6.5643467936375285e-06
manufacturing_expansion,284,5.433594662299487e-06,8.021951348008004e-06
manufacturing_expansion,285,2.1405937850242598e-05,1.2173170860167606e-05
manufacturing_expansion,286,7.793552912555658e-06,8.510400027028522e-06
manufacturing_expansion,287,5.5292454581305395e-06,7.400706191388582e-06
manufacturing_expansion,288,1.3070930965006001e-05,6.916904375716378e-06
manufacturing_expansion,289,7.962383162363792e-06,1.0359777651614309e-05
manufacturing_expansion,290,2.4802684942455188e-05,7.773863617762483e-06
manufacturing_expansion,291,2.9366163042021303e-05,1.527615060510131e-05
manufacturing_expansion,292,1.8819964056978142e-05,1.2377252591057346e-05
manufacturing_expansion,293,7.037304517479819e-06,8.527854347055104e-06
manufacturing_expansion,294,1.0728477225732721e-05,8.628961295712705e-06
manufacturing_expansion,295,2.0110718990501824e-06,5.871739445873898e-06
manufacturing_expansion,296,1.2178240068723445e-06,9.244440048360816e-06
manufacturing_expansion,297,1.1050015226248669e-05,1.0176387895516951e-05
manufacturing_expansion,298,1.0697505868718003e-05,1.2894808291150238e-05
manufacturing_expansion,299,-8.849923607862891e-07,6.699879493267076e-06
manufacturing_expansion,300,6.752138102960441e-06,8.487347710998127e-06
manufacturing_expansion,301,1.600374057771296e-06,9.728026491565566e-06
manufacturing_expansion,302,1.4057070870563737e-05,6.333065715563182e-06
manufacturing_expansion,303,2.1214976166422045e-05,1.5680733431413634e-05
manufacturing_expansion,304,6.985301865461364e-06,7.870301013141819e-06
manufacturing_expansion,305,8.479445615229691e-06,8.94896885580218e-06
manufacturing_expansion,306,9.415282560133039e-06,1.0307562709845296e-05
manufacturing_expansion,307,8.196222423985369e-06,1.0490603545096505e-05
manufacturing_expansion,308,4.3715442470058256e-06,8.994925061831907e-06
manufacturing_expansion,309,1.926141188066659e-05,8.599398391546447e-06
manufacturing_expansion,310,8.657285125082863e-06,1.616510102580453e-05
manufacturing_expansion,311,1.6283823333720825e-05,5.808810228623557e-06
manufacturing_expansion,312,1.5410367496732945e-05,8.544965196728433e-06
manufacturing_expansion,313,9.764473937407596e-06,4.685485830698918e-06
manufacturing_expansion,314,2.595128663078399e-05,2.6432011132500412e-05
manufacturing_expansion,315,-2.515786935032777e-06,6.8417316529060365e-06
manufacturing_expansion,316,2.0493354896232534e-05,1.1133475609625241e-05
manufacturing_expansion,317,1.357209396410734e-05,7.2411353128235415e-06
manufacturing_expansion,318,1.3451490670622514e-05,1.0109977626609823e-05
manufacturing_expansion,319,9.431477206085464e-06,6.863445499415352e-06
manufacturing_expansion,320,1.5920463249559017e-05,6.46716902306891e-06
manufacturing_expansion,321,6.562874433950278e-06,9.50606624117615e-06
manufacturing_expansion,322,1.756460356534011e-05,2.921979076330981e-05
manufacturing_expansion,323,1.7388603882761932e-05,7.980853803392561e-06
manufacturing_expansion,324,-2.0069878128738427e-06,1.0163303299488475e-05
manufacturing_expansion,325,4.305547708609609e-06,6.333734183937809e-06
manufacturing_expansion,326,2.5694575203815515e-05,1.5801128743233962e-05
manufacturing_expansion,327,1.7092407658845793e-05,8.674004011557922e-06
manufacturing_expansion,328,1.8316151983392395e-06,4.773899240758891e-06
manufacturing_expansion,329,8.314870452926786e-06,7.806528603992481e-06
manufacturing_expansion,330,1.2050651393429378e-05,9.650825084743025e-06
manufacturing_expansion,331,1.0721959625754202e-05,6.774922224883601e-06
manufacturing_expansion,332,2.0187240991637045e-05,1.1611672185207241e-05
manufacturing_expansion,333,2.3550907107783476e-05,1.3571637477950138e-05
manufacturing_expansion,334,8.70370435772057e-06,1.5848463075609794e-05
manufacturing_expansion,335,1.8492817793356598e-05,1.1444154832786799e-05
manufacturing_expansion,336,8.537536526626796e-06,5.837723398939071e-06
manufacturing_expansion,337,1.4973054350272147e-05,8.207078051365655e-06
manufacturing_expansion,338,1.9691786425816444e-05,9.503633664976085e-06
manufacturing_expansion,339,5.420194650131595e-06,1.2205192398296757e-05
manufacturing_expansion,340,1.4736343939029347e-05,9.245065437908793e-06
manufacturing_expansion,341,1.0726337647288462e-05,5.521384772625149e-06
manufacturing_expansion,342,1.2269877548501299e-05,1.0443435540642204e-05
manufacturing_expansion,343,8.803218849566067e-06,1.2670675146717225e-05
manufacturing_expansion,344,8.270346557720338e-06,1.3073460779881522e-05
manufacturing_expansion,345,8.326551899554314e-07,7.840785865354727e-06
manufacturing_expansion,346,4.898568425436813e-06,7.166613778417463e-06
manufacturing_expansion,347,1.195448736459687e-06,6.659594264249539e-06
manufacturing_expansion,348,2.4224270845636097e-06,8.532359635426244e-06
manufacturing_expansion,349,1.645192988772761e-05,1.130907732381236e-05
manufacturing_expansion,350,1.3639144400118767e-05,1.1718771525113562e-05
manufacturing_expansion,351,1.372948984523235e-06,9.13385173251574e-06
manufacturing_expansion,352,1.454930657669124e-05,1.0298719855291895e-05
manufacturing_expansion,353,1.2798727122913725e-06,7.556099567572437e-06
manufacturing_expansion,354,2.242603808945717e-06,8.57070886377687e-06
manufacturing_expansion,355,8.206277723160729e-07,7.490998493112633e-06
manufacturing_expansion,356,-7.514757578464048e-06,6.806451477889568e-06
manufacturing_expansion,357,-4.39287726327764e-06,9.159272627693886e-06
manufacturing_expansion,358,1.0720083883950297e-05,8.565185527484285e-06
manufacturing_expansion,359,3.7061611771388696e-06,9.767084830749962e-06
manufacturing_expansion,360,4.719806902400186e-06,7.420624324372416e-06
manufacturing_expansion,361,1.1668590660461941e-05,1.3979260773231376e-05
manufacturing_expansion,362,2.7090100306364377e-06,9.596594412140937e-06
manufacturing_expansion,363,1.4495097629189622e-05,1.3238318181010227e-05
manufacturing_expansion,364,1.0075627000106414e-05,7.910386159810099e-06
manufacturing_expansion,365,1.5288065116709042e-05,1.183672724319048e-05
manufacturing_expansion,366,9.924091837085742e-06,9.114397053283836e-06
manufacturing_expansion,367,5.850625705172686e-06,6.116386103213765e-06
manufacturing_expansion,368,8.669575640660589e-06,7.360670696929901e-06
manufacturing_expansion,369,1.0338744449981161e-07,8.515438693926276e-06
manufacturing_expansion,370,-4.726803235156182e-07,9.128919052540458e-06
manufacturing_expansion,371,1.0947457734158515e-05,8.555095460231957e-06
manufacturing_expansion,372,8.9048567875446e-06,1.3653660652712644e-05
manufacturing_expansion,373,-2.0924428287213743e-06,9.990279130484195e-06
manufacturing_expansion,374,1.907770618563562e-05,9.495106698545683e-06
manufacturing_expansion,375,2.979284840556636e-06,1.1532189864857515e-05
manufacturing_expansion,376,5.265051723731589e-06,1.0478037966360147e-05
manufacturing_expansion,377,9.191338179632342e-06,6.493223799550673e-06
manufacturing_expansion,378,6.201767078061558e-06,7.220137653712053e-06
manufacturing_expansion,379,9.280733690552817e-06,5.2444559484029685e-06
manufacturing_expansion,380,1.9136669534813324e-05,9.409512989212506e-06
manufacturing_expansion,381,8.823631301375427e-06,9.546112854293596e-06
manufacturing_expansion,382,9.057860967991467e-06,1.1960981790045629e-05
manufacturing_expansion,383,4.898733176848331e-06,1.097179456642849e-05
manufacturing_expansion,384,1.4854141345034691e-05,4.9856568834027285e-06
manufacturing_expansion,385,2.114510096108011e-05,1.623255394950863e-05
manufacturing_expansion,386,2.2065771141661875e-05,2.2779376326225167e-05
manufacturing_expansion,387,8.003925310146878e-06,7.706021350070522e-06
manufacturing_expansion,388,-2.214328670809668e-06,7.751831195474646e-06
manufacturing_expansion,389,1.7733923319375158e-05,1.1051644173388804e-05
manufacturing_expansion,390,6.9218000975738125e-06,7.801395338754792e-06
manufacturing_expansion,391,2.5300660562922366e-05,9.455723742042947e-06
manufacturing_expansion,392,9.641439253207813e-06,1.1087988119149101e-05
manufacturing_expansion,393,-6.322379378189741e-07,8.281557350992675e-06
manufacturing_expansion,394,1.1595778443751096e-05,7.6249592704379335e-06
manufacturing_expansion,395,-1.0415085494782078e-06,9.499629095302966e-06
manufacturing_expansion,396,6.092042179486357e-06,1.0188138119738175e-05
manufacturing_expansion,397,-1.7888908678112165e-06,7.438132177524137e-06
manufacturing_expansion,398,8.929529490057923e-07,6.668951102403869e-06
manufacturing_expansion,399,1.8853782243055508e-05,8.856202428314479e-06
manufacturing_expansion,400,2.051060669959628e-05,1.1294561029994443e-05
manufacturing_expansion,401,1.096530900060025e-05,6.225183547591894e-06
manufacturing_expansion,402,2.520993866588052e-05,1.6480649636768507e-05
manufacturing_expansion,403,1.3689167648706817e-05,1.6919679815923964e-05
manufacturing_expansion,404,5.118919675091676e-06,8.077333533965245e-06
manufacturing_expansion,405,2.0913425616735203e-05,1.1238279327319553e-05
manufacturing_expansion,406,1.6720694872214614e-05,7.181788302344582e-06
manufacturing_expansion,407,1.6618428009796752e-05,1.032656604392425e-05
manufacturing_expansion,408,6.728016066668498e-06,9.536720519098822e-06
manufacturing_expansion,409,-7.11786735174334e-07,6.967951354325834e-06
manufacturing_expansion,410,1.6787844221729484e-06,7.349506386051214e-06
manufacturing_expansion,411,4.854451628257031e-07,1.0306261257640146e-05
manufacturing_expansion,412,8.156378679318195e-06,7.983197706243898e-06
manufacturing_expansion,413,6.022720598059095e-06,8.382780173448267e-06
manufacturing_expansion,414,1.95316676021294e-05,1.5267408084505266e-05
manufacturing_expansion,415,-4.1165109627330546e-06,6.498624766686285e-06
manufacturing_expansion,416,6.454038360549601e-06,1.3293951786075167e-05
manufacturing_expansion,417,9.889162963231302e-06,6.5711649494585215e-06
manufacturing_expansion,418,4.658186237304777e-06,8.06547346158233e-06
manufacturing_expansion,419,-9.127070414800138e-07,9.228301637984125e-06
manufacturing_expansion,420,1.4289410006290195e-05,7.901952391447186e-06
manufacturing_expansion,421,3.430224339532476e-05,2.7583929854070857e-05
manufacturing_expansion,422,5.228815063069121e-06,6.650086386895716e-06
manufacturing_expansion,423,3.945576667260627e-06,1.0383719736204367e-05
manufacturing_expansion,424,-2.7693842096447504e-06,4.250205176398211e-06
manufacturing_expansion,425,2.4713038217646518e-05,1.0532524245595369e-05
manufacturing_expansion,426,1.2128267452517201e-05,7.1022380879718764e-06
manufacturing_expansion,427,8.17774503337792e-06,1.2572000389017405e-05
manufacturing_expansion,428,2.3298111855320463e-06,1.5065091575898937e-05
manufacturing_expansion,429,1.7667617928405454e-05,1.0471696607770047e-05
manufacturing_expansion,430,1.0447718599462727e-05,1.1796106324993528e-05
manufacturing_expansion,431,3.7276177953996517e-06,8.783307521872036e-06
manufacturing_expansion,432,2.488224543455705e-05,1.21987308803107e-05
manufacturing_expansion,433,1.500678374254173e-05,7.603953405888582e-06
manufacturing_expansion,434,1.0252640527899983e-05,9.31186803583173e-06
manufacturing_expansion,435,1.287120815251083e-05,8.473915384954756e-06
manufacturing_expansion,436,-1.2256804179806248e-06,9.370595429676312e-06
manufacturing_expansion,437,3.092198736332339e-05,1.2560669479755114e-05
manufacturing_expansion,438,3.017898986723812e-05,1.0761878348179448e-05
manufacturing_expansion,439,9.941684332537286e-06,8.418948451600073e-06
manufacturing_expansion,440,5.197378584893134e-06,6.128840005104632e-06
manufacturing_expansion,441,1.6614742836566117e-05,1.7026348298320214e-05
manufacturing_expansion,442,8.390441429483993e-06,7.4011014233823675e-06
manufacturing_expansion,443,6.370888885623437e-06,1.1502950109063992e-05
manufacturing_expansion,444,-2.136840790355469e-06,1.1104302028937402e-05
manufacturing_expansion,445,8.06494430739025e-06,1.2769117546747774e-05
manufacturing_expansion,446,1.4354183154201464e-05,8.404668562770237e-06
manufacturing_expansion,447,1.094718233282156e-05,1.0119353327067522e-05
manufacturing_expansion,448,1.044159600953009e-05,5.990644683224569e-06
manufacturing_expansion,449,9.668354620190342e-06,8.090357730408822e-06
manufacturing_expansion,450,7.0290200326600375e-06,7.08362702001007e-06
manufacturing_expansion,451,6.858481278210001e-06,7.557598377776368e-06
manufacturing_expansion,452,2.3552944521871496e-05,7.83628796327821e-06
manufacturing_expansion,453,8.260676840756123e-06,6.92507438847732e-06
manufacturing_expansion,454,3.076733971942665e-05,9.965127218457655e-06
manufacturing_expansion,455,5.701124339688185e-06,8.11480721932525e-06
manufacturing_expansion,456,1.855161512708183e-05,1.345549360056952e-05
manufacturing_expansion,457,1.4213448746970998e-05,1.3168055938060937e-05
manufacturing_expansion,458,8.064035048191028e-06,5.2578289937921125e-06
manufacturing_expansion,459,3.5670124544980117e-06,7.672715022178275e-06
manufacturing_expansion,460,1.2435847397684341e-05,8.75457874821319e-06
manufacturing_expansion,461,1.8831899314043624e-05,1.3304613347047986e-05
manufacturing_expansion,462,-1.8398646221199025e-06,8.396509880489612e-06
manufacturing_expansion,463,1.2108346137453503e-05,7.72336889804113e-06
manufacturing_expansion,464,7.789925941859444e-06,1.1548176960299458e-05
manufacturing_expansion,465,8.197211037616272e-07,8.631806886314731e-06
manufacturing_expansion,466,6.687482834637523e-06,1.4097337139203349e-05
manufacturing_expansion,467,8.170895673177225e-06,6.6636744492027985e-06
manufacturing_expansion,468,1.8000176154910947e-05,1.1991779545949379e-05
manufacturing_expansion,469,8.464540295777228e-06,7.63952150672816e-06
manufacturing_expansion,470,7.024418118834569e-06,8.544761805396338e-06
manufacturing_expansion,471,1.4843204685828338e-05,9.445188854124818e-06
manufacturing_expansion,472,8.483040459569958e-06,5.976041206013029e-06
manufacturing_expansion,473,1.7397911259184047e-05,1.156964153307131e-05
manufacturing_expansion,474,1.1236003030060342e-05,5.495869305145979e-06
manufacturing_expansion,475,8.319043116557607e-07,6.268232018748701e-06
manufacturing_expansion,476,9.491365499634994e-06,5.889614874166448e-06
manufacturing_expansion,477,8.411903035264809e-06,1.0528312149342988e-05
manufacturing_expansion,478,2.0787030017551642e-05,9.880960906272837e-06
manufacturing_expansion,479,1.1418378849300846e-05,1.2205431154598693e-05
manufacturing_expansion,480,6.273267205298197e-06,9.777907093492733e-06
manufacturing_expansion,481,8.663754160459368e-06,8.848638273528236e-06
manufacturing_expansion,482,1.0798702277857892e-05,7.5543199546425295e-06
manufacturing_expansion,483,1.0746437712030966e-05,9.360949576465693e-06
manufacturing_expansion,484,1.265507176213795e-05,7.088291862004277e-06
manufacturing_expansion,485,7.303239201339172e-06,8.643552001615714e-06
manufacturing_expansion,486,2.7202774311537255e-06,7.4813089764448255e-06
manufacturing_expansion,487,7.473946587269153e-06,9.196148591604093e-06
manufacturing_expansion,488,2.588115213012318e-06,1.0253209220329341e-05
manufacturing_expansion,489,1.2461430820426807e-05,1.4345689198147363e-05
manufacturing_expansion,490,1.9804308782628138e-05,9.046384051608986e-06
manufacturing_expansion,491,1.528149105743724e-05,1.0542911326845429e-05
manufacturing_expansion,492,2.659642753732355e-06,8.243715069899842e-06
manufacturing_expansion,493,1.6710325116418265e-05,1.1285880746437919e-05
manufacturing_expansion,494,8.799455711416895e-06,1.0292748380157132e-05
manufacturing_expansion,495,1.6420839469465203e-05,1.0132127543929595e-05
manufacturing_expansion,496,1.2650841936796757e-05,7.884075747264023e-06
manufacturing_expansion,497,7.347168590549413e-07,8.782917993184491e-06
manufacturing_expansion,498,3.5759143053895196e-06,1.0434552148086406e-05
manufacturing_expansion,499,1.0498289256185876e-05,1.028999126102802e-05
manufacturing_expansion,500,6.751876952209924e-06,1.2209887053758165e-05
manufacturing_expansion,501,2.447477457246195e-05,1.1724507212676554e-05
manufacturing_expansion,502,1.2724586025887107e-05,2.0395409914460086e-05
manufacturing_expansion,503,-2.1684171958586645e-06,6.678603928299819e-06
manufacturing_expansion,504,9.540757538660056e-06,8.765128835160918e-06
manufacturing_expansion,505,4.360376564078186e-05,1.4791780855797485e-05
manufacturing_expansion,506,6.535797448223495e-06,8.957645730685786e-06
manufacturing_expansion,507,1.067137951146411e-05,6.133253029492131e-06
manufacturing_expansion,508,2.444875545595214e-06,6.944508291783916e-06
manufacturing_expansion,509,1.192066056014691e-05,1.4866058955215004e-05
manufacturing_expansion,510,2.2640698255658236e-05,7.634214414303451e-06
manufacturing_expansion,511,9.800449357935785e-06,6.417894098017872e-06
manufacturing_expansion,512,1.76416294024952e-05,1.2780623780144657e-05
manufacturing_expansion,513,1.2396399077820972e-05,1.0621558814667681e-05
manufacturing_expansion,514,7.0563231475304e-06,1.3743691898208549e-05
manufacturing_expansion,515,1.7333601340549534e-05,8.363075113431143e-06
manufacturing_expansion,516,2.4662475574906044e-05,7.978383452524176e-06
manufacturing_expansion,517,6.73327885193141e-06,7.547198623317186e-06
manufacturing_expansion,518,1.4981440551744383e-05,7.871511146071876e-06
manufacturing_expansion,519,2.1066308132081937e-05,1.0222829964856207e-05
manufacturing_expansion,520,7.264356783319246e-06,7.490624235993209e-06
manufacturing_expansion,521,-4.291151239428504e-06,6.807158591145751e-06
manufacturing_expansion,522,2.8115877919140296e-05,1.2032729695324405e-05
manufacturing_expansion,523,1.841153518459346e-05,1.75760624013472e-05
manufacturing_expansion,524,-5.919305958863225e-07,8.462235240423171e-06
manufacturing_expansion,525,5.280884886632768e-06,8.083959318937021e-06
manufacturing_expansion,526,-1.9883482500806236e-06,7.97852080380266e-06
manufacturing_expansion,527,1.5655126832562063e-06,7.2597481603704485e-06
manufacturing_expansion,528,5.0744535626326804e-06,9.86797791422598e-06
manufacturing_expansion,529,1.4388163449693487e-05,8.074335584982963e-06
manufacturing_expansion,530,2.023768314363904e-05,1.3443292110598127e-05
manufacturing_expansion,531,1.6906977203501834e-05,1.7673171263361018e-05
manufacturing_expansion,532,2.1088958164702872e-05,9.052513117722308e-06
manufacturing_expansion,533,1.5901974116907108e-05,8.881536881300283e-06
manufacturing_expansion,534,1.5021614529686385e-05,9.365609744809593e-06
manufacturing_expansion,535,8.10284076755693e-06,7.248932508777714e-06
manufacturing_expansion,536,3.4114410350280503e-06,7.707427730591418e-06
manufacturing_expansion,537,6.474289229677866e-06,1.3355381530929498e-05
manufacturing_expansion,538,-1.2524215213945582e-06,6.221029022203459e-06
manufacturing_expansion,539,1.019041339875938e-05,1.0278329964417459e-05
manufacturing_expansion,540,4.07058189307397e-06,1.2112926017772427e-05
manufacturing_expansion,541,2.081139786937507e-05,1.1550113780549188e-05
manufacturing_expansion,542,7.710557160454392e-06,8.913370815913707e-06
manufacturing_expansion,543,4.3037324971060896e-07,1.0042533781981797e-05
manufacturing_expansion,544,2.4162060663343383e-07,7.097597375617836e-06
manufacturing_expansion,545,6.742239616168681e-07,9.14520814212954e-06
manufacturing_expansion,546,2.063315502572466e-05,9.457395588410146e-06
manufacturing_expansion,547,1.951443360035422e-05,9.35184102992655e-06
manufacturing_expansion,548,2.226662549940872e-05,1.464437021018425e-05
manufacturing_expansion,549,1.3074031297691935e-05,1.0219498012806132e-05
manufacturing_expansion,550,1.603110880217257e-05,7.638292865785363e-06
manufacturing_expansion,551,1.893624658003119e-05,1.0781060563179262e-05
manufacturing_expansion,552,1.3321456633668811e-05,6.865849278158321e-06
manufacturing_expansion,553,4.794837322122925e-06,6.1718673450451525e-06
manufacturing_expansion,554,9.550800824639263e-06,6.854797437407689e-06
manufacturing_expansion,555,2.0874294490205483e-05,1.1645014029857699e-05
manufacturing_expansion,556,2.2817833129239203e-05,1.3030186899745169e-05
manufacturing_expansion,557,5.148980172388797e-06,6.391406212546825e-06
manufacturing_expansion,558,1.267297336907714e-05,7.568367560612048e-06
manufacturing_expansion,559,2.254682018911307e-05,1.4017634290277557e-05
manufacturing_expansion,560,1.6788593979777547e-05,9.618846312021299e-06
manufacturing_expansion,561,1.270494489322973e-05,8.915710245833702e-06
manufacturing_expansion,562,2.021320823331656e-06,8.027171620335813e-06
manufacturing_expansion,563,-3.0701169132852903e-06,9.559581013024792e-06
manufacturing_expansion,564,9.214805991344673e-06,9.538700376723923e-06
manufacturing_expansion,565,3.5322557980343205e-06,5.242161090972432e-06
manufacturing_expansion,566,3.3838882911216025e-06,5.495930455810689e-06
manufacturing_expansion,567,4.979943727708613e-06,8.897062447204825e-06
manufacturing_expansion,568,5.370392178091783e-06,6.651498354555141e-06
manufacturing_expansion,569,9.708978999818664e-06,1.0149277451943385e-05
manufacturing_expansion,570,1.5554943978825202e-05,1.1154012536331399e-05
manufacturing_expansion,571,1.3074622777214993e-05,8.015859417234783e-06
manufacturing_expansion,572,2.3697974515726406e-05,7.478573939520608e-06
manufacturing_expansion,573,6.8339187487007975e-06,1.6000059917893688e-05
manufacturing_expansion,574,1.5695209402218606e-05,1.4677438401861424e-05
manufacturing_expansion,575,2.0164328366679392e-06,7.99015443544154e-06
manufacturing_expansion,576,3.3208469731959946e-06,8.832130893416534e-06
manufacturing_expansion,577,4.653986140726972e-06,6.651534180857488e-06
manufacturing_expansion,578,1.2258293326922661e-05,6.791992493400331e-06
manufacturing_expansion,579,1.3537926045544812e-05,6.964591557980236e-06
manufacturing_expansion,580,1.9797660750529276e-05,6.686743615185894e-06
manufacturing_expansion,581,1.6859767780625768e-05,8.90358857064268e-06
manufacturing_expansion,582,1.9846928991238217e-05,9.897563199852962e-06
manufacturing_expansion,583,1.7189151272836005e-05,1.0312261132081814e-05
manufacturing_expansion,584,8.516017408491306e-06,1.7571039528429075e-05
manufacturing_expansion,585,1.5559574533318833e-05,9.09796136883588e-06
manufacturing_expansion,586,3.922238321982678e-06,7.526892895982231e-06
manufacturing_expansion,587,4.994366503239122e-06,8.780151034755075e-06
manufacturing_expansion,588,1.0048652023259175e-05,5.660047576416203e-06
manufacturing_expansion,589,1.738797975237676e-05,2.1067123423062145e-05
manufacturing_expansion,590,1.0248588280609368e-05,1.0344682711099086e-05
manufacturing_expansion,591,1.5005139800675293e-05,5.653764579089816e-06
manufacturing_expansion,592,1.967863647786763e-06,9.725063065039128e-06
manufacturing_expansion,593,1.169647838663216e-05,1.3752247064491668e-05
manufacturing_expansion,594,1.4281134618589053e-05,1.4494996141407985e-05
manufacturing_expansion,595,5.58062509843517e-06,6.007774092746304e-06
manufacturing_expansion,596,-2.0618035000772345e-06,6.96726410222563e-06
manufacturing_expansion,597,7.666889242256703e-06,1.0111609415412948e-05
manufacturing_expansion,598,-1.6023796957173774e-06,7.099721020634715e-06
manufacturing_expansion,599,-1.6382443570062135e-06,7.45354651411706e-06
manufacturing_expansion,600,5.833531515938441e-06,7.1487302879497434e-06
manufacturing_expansion,601,-3.6646070219934256e-06,9.771206575973417e-06
manufacturing_expansion,602,6.080817883338694e-06,8.120655537727432e-06
manufacturing_expansion,603,3.9660462342801425e-07,6.4126734011800944e-06
manufacturing_expansion,604,1.5124256905180377e-05,9.90337569925583e-06
manufacturing_expansion,605,1.6563643674867744e-05,9.62879098962135e-06
manufacturing_expansion,606,1.5442362418008607e-05,8.87580962837992e-06
manufacturing_expansion,607,8.441119807597042e-07,9.782847882690758e-06
manufacturing_expansion,608,1.4446644409225742e-05,9.924192884440743e-06
manufacturing_expansion,609,-1.7083851336810325e-06,8.16311836457838e-06
manufacturing_expansion,610,1.3605988438217973e-05,1.1270223642954923e-05
manufacturing_expansion,611,1.932407202319857e-05,9.386277048903277e-06
manufacturing_expansion,612,2.3161377967708144e-05,1.4502464699116824e-05
manufacturing_expansion,613,7.493883936014139e-06,7.153825101978031e-06
manufacturing_expansion,614,3.5789143014794904e-05,1.7990400033637996e-05
manufacturing_expansion,615,1.0855059008998946e-05,9.660637948529432e-06
manufacturing_expansion,616,4.152509917667936e-06,5.799362799560259e-06
manufacturing_expansion,617,2.277753850866175e-05,9.286502798111645e-06
manufacturing_expansion,618,7.089459596322686e-06,7.353078212524414e-06
manufacturing_expansion,619,1.1322159478746728e-05,1.0941729485026703e-05
manufacturing_expansion,620,1.4706893338997762e-05,8.42669918015842e-06
manufacturing_expansion,621,1.1788979804654508e-05,8.678730850428258e-06
manufacturing_expansion,622,2.5809700300156738e-05,5.860762082497037e-06
manufacturing_expansion,623,8.475378580187076e-06,9.001336070454096e-06
manufacturing_expansion,624,1.0527785341243777e-05,7.067245130310733e-06
manufacturing_expansion,625,1.571411924351685e-06,6.07389574850496e-06
manufacturing_expansion,626,6.247865501390671e-06,9.002878946507366e-06
manufacturing_expansion,627,1.8084821592552234e-06,5.9665260805933e-06
manufacturing_expansion,628,2.416806855208186e-06,5.892408226423987e-06
manufacturing_expansion,629,7.107508517461666e-06,6.4586176149426274e-06
manufacturing_expansion,630,6.232357829519855e-06,9.37394309023081e-06
manufacturing_expansion,631,2.9460941054461e-06,8.508675499074855e-06
manufacturing_expansion,632,9.584727668009775e-06,5.8805997427134315e-06
manufacturing_expansion,633,9.719580011987128e-06,6.613847590455829e-06
manufacturing_expansion,634,5.176214903541038e-07,8.072435745274461e-06
manufacturing_expansion,635,1.2479383356187828e-05,1.0532681376680762e-05
manufacturing_expansion,636,1.021860707372139e-05,1.1467474831329902e-05
manufacturing_expansion,637,1.5782807547191232e-05,1.3876975604985843e-05
manufacturing_expansion,638,2.6747272262708303e-05,1.4305570990854998e-05
manufacturing_expansion,639,2.1769515404402443e-05,9.783365526931373e-06
manufacturing_expansion,640,7.197671580561945e-06,8.651449961216157e-06
manufacturing_expansion,641,6.509992662298428e-06,1.0584011111694078e-05
manufacturing_expansion,642,9.06162325040835e-06,9.01248257151566e-06
manufacturing_expansion,643,2.209047363801296e-05,1.0125556213027705e-05
manufacturing_expansion,644,1.4420581935573325e-05,1.1329103793612181e-05
manufacturing_expansion,645,-1.5137091255892323e-06,8.299677120519187e-06
manufacturing_expansion,646,1.1379273678561251e-05,5.585633135934779e-06
manufacturing_expansion,647,1.3370984138862052e-05,1.05379715999511e-05
manufacturing_expansion,648,1.4124703888937963e-05,6.565776546421391e-06
manufacturing_expansion,649,2.27439737053747e-05,1.0001102577451644e-05
manufacturing_expansion,650,1.5472456309743453e-05,1.0615640791523441e-05
manufacturing_expansion,651,9.355694320998971e-06,6.4199158038152124e-06
manufacturing_expansion,652,1.788567278327074e-05,1.7309421654044084e-05
manufacturing_expansion,653,5.7447088463251035e-06,8.863388147022776e-06
manufacturing_expansion,654,8.492223242040957e-06,9.773038109317396e-06
manufacturing_expansion,655,2.2824313588476943e-05,1.7487749383037937e-05
manufacturing_expansion,656,1.555636979394269e-05,7.078378133876913e-06
manufacturing_expansion,657,1.4988854760956642e-05,1.1096450483216363e-05
manufacturing_expansion,658,9.306969758175331e-06,8.233176784056007e-06
manufacturing_expansion,659,1.3593901125213607e-05,1.0247381977199649e-05
manufacturing_expansion,660,1.0836456501664806e-05,6.859330586117999e-06
manufacturing_expansion,661,1.1938693326918442e-05,5.745554179785462e-06
manufacturing_expansion,662,1.4613199760810023e-05,9.456235131808232e-06
manufacturing_expansion,663,1.219203972176339e-05,7.321637407711297e-06
manufacturing_expansion,664,-7.767090570106057e-06,5.927563996777132e-06
manufacturing_expansion,665,8.916632127058298e-07,7.578231796750696e-06
manufacturing_expansion,666,1.4283037302754715e-05,9.23347012752745e-06
manufacturing_expansion,667,6.522096238564304e-06,5.902613027384459e-06
manufacturing_expansion,668,5.54453440514045e-06,8.251740323524216e-06
manufacturing_expansion,669,1.2729174845646218e-05,5.524733525220317e-06
manufacturing_expansion,670,-6.815835174873763e-06,8.41800290826908e-06
manufacturing_expansion,671,1.9669838365570038e-05,1.2779330418869558e-05
manufacturing_expansion,672,-8.180193174210138e-06,9.07761428579781e-06
manufacturing_expansion,673,-5.470489407329153e-07,6.46617710752053e-06
manufacturing_expansion,674,3.5931622964971886e-06,5.190784235278178e-06
manufacturing_expansion,675,1.6056624081369885e-05,9.70550109813434e-06
manufacturing_expansion,676,2.0815588047752883e-05,1.1551134904860102e-05
manufacturing_expansion,677,2.3274124117103627e-06,7.396792309909702e-06
manufacturing_expansion,678,1.5765547215591073e-05,1.0302521783111905e-05
manufacturing_expansion,679,2.4906319109004376e-05,9.655999433344435e-06
manufacturing_expansion,680,9.603094434977048e-06,8.780185950158046e-06
manufacturing_expansion,681,1.0659851431421189e-05,1.8431033324076073e-05
manufacturing_expansion,682,-3.874808261667019e-06,1.1659578315097712e-05
manufacturing_expansion,683,9.950933910670587e-06,6.7752437277848775e-06
manufacturing_expansion,684,2.6938052784967293e-05,1.1040932959015913e-05
manufacturing_expansion,685,1.531906265344529e-05,6.517401148523397e-06
manufacturing_expansion,686,1.8724376873560207e-05,8.249943724000666e-06
manufacturing_expansion,687,6.7686131776960905e-06,8.75211947205474e-06
manufacturing_expansion,688,7.014862713246633e-06,1.8875693155593573e-05
manufacturing_expansion,689,2.243420521901322e-05,1.0667528608200643e-05
manufacturing_expansion,690,-3.106229891252045e-07,9.050096265392826e-06
manufacturing_expansion,691,2.547165120166476e-05,8.720255025437057e-06
manufacturing_expansion,692,8.427545495573675e-06,1.191895738652087e-05
manufacturing_expansion,693,8.262735375307221e-06,9.599335078863027e-06
manufacturing_expansion,694,5.057906554831137e-06,5.478061439086857e-06
manufacturing_expansion,695,1.1175481215583885e-05,1.081235628624058e-05
manufacturing_expansion,696,9.00246823537271e-06,7.753348919013286e-06
manufacturing_expansion,697,6.532353672581509e-06,1.275110124564732e-05
manufacturing_expansion,698,1.4655923400692137e-05,1.193542698599248e-05
manufacturing_expansion,699,9.234233578230712e-06,9.47849441780123e-06
manufacturing_expansion,700,1.0608733947288132e-05,9.937341411468371e-06
manufacturing_expansion,701,7.5624555064313585e-06,9.916763815277984e-06
manufacturing_expansion,702,2.219136955336321e-05,7.704028392980591e-06
manufacturing_expansion,703,9.445959496462499e-06,9.954354116051335e-06
manufacturing_expansion,704,9.897874616130142e-06,1.0275508835506125e-05
manufacturing_expansion,705,2.9951860567899535e-06,6.380727143502545e-06
manufacturing_expansion,706,9.621928232505374e-06,9.348114185062045e-06
manufacturing_expansion,707,4.147262365702139e-06,4.3463082966377775e-06
manufacturing_expansion,708,2.4652639354498266e-05,1.1183869290598056e-05
manufacturing_expansion,709,8.053151664402356e-06,7.537362018486644e-06
manufacturing_expansion,710,1.1086193217368861e-05,1.4056201488960815e-05
manufacturing_expansion,711,4.058248005417032e-06,9.12538269222347e-06
manufacturing_expansion,712,7.4171590567808285e-06,1.3113152477139814e-05
manufacturing_expansion,713,7.022735321139778e-06,6.302222163027127e-06
manufacturing_expansion,714,1.950705417113772e-05,7.049817566255844e-06
manufacturing_expansion,715,-2.661310597239574e-06,6.688321510232643e-06
manufacturing_expansion,716,1.9270277695318997e-05,8.563372182143665e-06
manufacturing_expansion,717,9.692699250185952e-06,6.485851027793781e-06
manufacturing_expansion,718,1.4389278143003345e-05,1.3394347792923265e-05
manufacturing_expansion,719,-5.290750245265631e-06,9.361475922457304e-06
manufacturing_expansion,720,1.903125624515223e-05,1.3456883186343532e-05
manufacturing_expansion,721,1.3136943164900129e-05,7.15935408622782e-06
manufacturing_expansion,722,-1.0920024001621358e-06,1.2078696877649898e-05
manufacturing_expansion,723,-1.9204388991864618e-07,6.981778692004607e-06
manufacturing_expansion,724,-4.695433259969191e-07,6.914674537682646e-06
manufacturing_expansion,725,6.733997625278607e-06,6.837372325181604e-06
manufacturing_expansion,726,2.050405329523798e-06,8.248497020737548e-06
manufacturing_expansion,727,7.214281238798242e-06,7.04852216705962e-06
manufacturing_expansion,728,6.412905120219093e-06,9.468711886026571e-06
manufacturing_expansion,729,1.7208199121793752e-05,9.150073932310122e-06
manufacturing_expansion,730,1.5000464425403832e-05,1.2129534891010159e-05
manufacturing_expansion,731,9.542264994047845e-06,1.0180698431325384e-05
manufacturing_expansion,732,5.346209150548574e-06,9.72961819230346e-06
manufacturing_expansion,733,1.4632172243998773e-05,1.164259534219631e-05
manufacturing_expansion,734,1.1504551759346893e-05,6.9928398726537095e-06
manufacturing_expansion,735,1.4540526184509052e-05,9.485127029128058e-06
manufacturing_expansion,736,4.115535463362698e-06,9.520530193830454e-06
manufacturing_expansion,737,1.3494987738378274e-07,8.262314917076921e-06
manufacturing_expansion,738,9.919596778780195e-07,7.906866366190579e-06
manufacturing_expansion,739,5.2866362825172835e-06,7.438288727907253e-06
manufacturing_expansion,740,8.271473596906117e-06,1.1807973846401029e-05
manufacturing_expansion,741,1.5061451105983284e-05,5.901801193650659e-06
manufacturing_expansion,742,2.1157236591152805e-05,1.973226002969418e-05
manufacturing_expansion,743,-3.2059240481310687e-07,5.904647676858175e-06
manufacturing_expansion,744,1.0020564861445372e-05,6.182196366584881e-06
manufacturing_expansion,745,2.0277670365378584e-05,1.098086044759638e-05
manufacturing_expansion,746,-3.588042340430284e-06,5.16028856546597e-06
manufacturing_expansion,747,2.01071479673502e-05,1.0383696744103978e-05
manufacturing_expansion,748,1.25690888905291e-05,9.651904758393083e-06
manufacturing_expansion,749,1.1215906672603295e-05,8.907104688166488e-06
manufacturing_expansion,750,8.340417893222949e-06,7.506078521349312e-06
manufacturing_expansion,751,8.160540571878652e-06,5.595347464300773e-06
manufacturing_expansion,752,1.0256055702358622e-05,1.259781102921315e-05
manufacturing_expansion,753,1.3971434621630002e-05,1.3052342385456803e-05
manufacturing_expansion,754,1.0460305058789039e-05,6.993170361612063e-06
manufacturing_expansion,755,1.0732989341778892e-05,1.1423023016431994e-05
manufacturing_expansion,756,1.8610317498622706e-05,9.453905925395121e-06
manufacturing_expansion,757,-9.65751984711106e-06,9.34933111924041e-06
manufacturing_expansion,758,6.285357611037173e-07,4.492032665376232e-06
manufacturing_expansion,759,1.1083155282213929e-05,9.441347101096387e-06
manufacturing_expansion,760,1.3138678839608924e-05,1.0680414882311268e-05
manufacturing_expansion,761,1.4157196058558843e-05,1.4684201298761724e-05
manufacturing_expansion,762,1.5151779515590677e-05,1.24731773616e-05
manufacturing_expansion,763,4.295198710903304e-06,7.1196418178947065e-06
manufacturing_expansion,764,8.568242062977894e-06,1.2688940509698148e-05
manufacturing_expansion,765,1.8318148763628477e-05,1.7522648529198408e-05
manufacturing_expansion,766,1.1494423369063872e-05,8.944411052990295e-06
manufacturing_expansion,767,3.0491113323853443e-06,8.077514874332174e-06
manufacturing_expansion,768,1.937695223019149e-05,1.0917580358607304e-05
manufacturing_expansion,769,-7.156872686449688e-06,8.455393476052569e-06
manufacturing_expansion,770,2.653998084592926e-05,1.361458966107309e-05
manufacturing_expansion,771,1.367889222241198e-05,8.757744931297406e-06
manufacturing_expansion,772,1.4918011783150795e-05,7.726407539689855e-06
manufacturing_expansion,773,2.307740281215125e-06,7.874073315151269e-06
manufacturing_expansion,774,1.2350097030997693e-05,7.983674060303804e-06
manufacturing_expansion,775,-4.456302247738446e-08,8.088989542929068e-06
manufacturing_expansion,776,3.205248896174591e-05,1.0212859404511332e-05
manufacturing_expansion,777,4.291488229111347e-06,6.959039316258622e-06
manufacturing_expansion,778,1.5176646884200593e-05,8.782937294784928e-06
manufacturing_expansion,779,1.0023815391518178e-05,6.266018303232091e-06
manufacturing_expansion,780,8.044237403966663e-06,6.8038159068964775e-06
manufacturing_expansion,781,3.5063116362855594e-06,8.434979537970844e-06
manufacturing_expansion,782,1.3713893690714106e-06,8.418620893019198e-06
manufacturing_expansion,783,4.328073381863027e-06,7.168292512219929e-06
manufacturing_expansion,784,1.0719125971236867e-05,7.4118201307819316e-06
manufacturing_expansion,785,3.511494812049371e-06,7.589391356015254e-06
manufacturing_expansion,786,4.3201880954727565e-06,9.459752185744917e-06
manufacturing_expansion,787,2.49301786837618e-05,1.0280816341766012e-05
manufacturing_expansion,788,1.0862557800192555e-05,1.0453046757262162e-05
manufacturing_expansion,789,5.698449119734497e-06,1.4341158734666327e-05
manufacturing_expansion,790,-5.134856371721737e-06,6.432746359857714e-06
manufacturing_expansion,791,1.1148960177725639e-05,8.708960719933548e-06
manufacturing_expansion,792,1.849722206606835e-05,1.1810439641685343e-05
manufacturing_expansion,793,1.9063721406803093e-05,1.807658196174226e-05
manufacturing_expansion,794,1.375370155609056e-05,6.733880689340485e-06
manufacturing_expansion,795,1.233211527626763e-05,1.0946587043764972e-05
manufacturing_expansion,796,8.461323310002073e-06,9.588509121630505e-06
manufacturing_expansion,797,1.8006710271550224e-05,9.170169541054646e-06
manufacturing_expansion,798,2.689632178680741e-05,2.1150337745358515e-05
manufacturing_expansion,799,1.2681353114348093e-05,9.034639845363005e-06
manufacturing_expansion,800,1.5129278362916397e-05,9.471415277640995e-06
manufacturing_expansion,801,1.0482547491237703e-05,9.808820132043974e-06
manufacturing_expansion,802,5.34900152376351e-06,5.603764591599509e-06
manufacturing_expansion,803,1.9193459523848637e-05,7.259812260792354e-06
manufacturing_expansion,804,1.5718976188106615e-05,1.5244724159127244e-05
manufacturing_expansion,805,5.734668512388116e-06,1.1304436078226525e-05
manufacturing_expansion,806,1.1600310367429339e-05,6.825864163546756e-06
manufacturing_expansion,807,1.266244341147094e-05,1.2871051369654388e-05
manufacturing_expansion,808,9.7816508481433e-06,1.4339870871511785e-05
manufacturing_expansion,809,-4.985673867168837e-06,7.043445645203502e-06
manufacturing_expansion,810,1.209216580593145e-05,1.0010531458022058e-05
manufacturing_expansion,811,7.5578348251967805e-06,7.025824543428562e-06
manufacturing_expansion,812,9.55045524687641e-06,6.708213128364293e-06
manufacturing_expansion,813,-8.529540396646904e-08,5.541673196445043e-06
manufacturing_expansion,814,1.0304411886028002e-05,9.70059322579027e-06
manufacturing_expansion,815,7.176924073585806e-06,5.849355702029733e-06
manufacturing_expansion,816,-2.212091199447644e-06,7.132021077064352e-06
manufacturing_expansion,817,-2.3273106428617328e-06,5.6796545485989835e-06
manufacturing_expansion,818,9.174254687637146e-06,9.998499425550477e-06
manufacturing_expansion,819,1.1241748202539556e-05,1.0238705377482077e-05
manufacturing_expansion,820,4.1511897841413e-06,7.683580084332575e-06
manufacturing_expansion,821,1.6832201450974382e-05,1.070117324528217e-05
manufacturing_expansion,822,5.484958385671827e-06,7.166390969310409e-06
manufacturing_expansion,823,1.4938396043862696e-05,8.067859242806928e-06
manufacturing_expansion,824,6.890086650724255e-06,6.918456393588203e-06
manufacturing_expansion,825,3.6130933234109327e-06,7.109891953559659e-06
manufacturing_expansion,826,1.4243128290690712e-05,1.0396773162411259e-05
manufacturing_expansion,827,-3.3246725672046167e-06,6.91929625021317e-06
manufacturing_expansion,828,3.151603047870025e-06,7.956697252088238e-06
manufacturing_expansion,829,2.5501923597278347e-05,1.2465376389377772e-05
manufacturing_expansion,830,1.8535191715553393e-05,9.789885785901802e-06
manufacturing_expansion,831,2.237509364930686e-05,1.2876845985260508e-05
manufacturing_expansion,832,1.2453906857582969e-05,8.25646989741498e-06
manufacturing_expansion,833,8.90476745361118e-06,5.498184006312944e-06
manufacturing_expansion,834,-2.611726729681143e-07,1.1751438385622877e-05
manufacturing_expansion,835,5.053932614768805e-07,9.369631673527873e-06
manufacturing_expansion,836,2.2339519555924005e-07,6.524606293936802e-06
manufacturing_expansion,837,1.2978120047481328e-05,7.183292808605606e-06
manufacturing_expansion,838,7.299593589118557e-06,1.336671213952068e-05
manufacturing_expansion,839,3.6968029953196286e-06,1.2434415204064674e-05
manufacturing_expansion,840,-1.999512081991287e-06,8.808090631358275e-06
manufacturing_expansion,841,6.237258323300078e-06,9.134107908890539e-06
manufacturing_expansion,842,2.1544049839930598e-06,1.0129807955120142e-05
manufacturing_expansion,843,7.760352692001423e-06,5.863807775430614e-06
manufacturing_expansion,844,8.157735088234047e-06,8.233891971468833e-06
manufacturing_expansion,845,-9.778259170435206e-07,6.008395266757226e-06
manufacturing_expansion,846,-9.286327892786985e-07,1.0022143883088136e-05
manufacturing_expansion,847,3.3593595655328923e-06,4.7673520277522695e-06
manufacturing_expansion,848,1.2606126162204775e-05,9.862022864863086e-06
manufacturing_expansion,849,1.2076474571477027e-05,7.952853979061294e-06
manufacturing_expansion,850,3.5961824976059673e-06,6.044655214267207e-06
manufacturing_expansion,851,7.873295142035495e-06,1.080660502602966e-05
manufacturing_expansion,852,9.892067196619474e-06,1.0917139974187825e-05
manufacturing_expansion,853,1.4457711679860445e-05,9.147455862659266e-06
manufacturing_expansion,854,-5.395198383095934e-06,9.115656926230565e-06
manufacturing_expansion,855,1.1850285003974722e-05,1.1364450029623828e-05
manufacturing_expansion,856,1.2243894515724875e-05,6.848362168710636e-06
manufacturing_expansion,857,5.3314745962982e-06,7.2379880563094015e-06
manufacturing_expansion,858,1.8575028156703956e-05,9.026941018277367e-06
manufacturing_expansion,859,1.525042857757109e-05,9.750022776658221e-06
manufacturing_expansion,860,1.7053084957434955e-05,6.401673994629262e-06
manufacturing_expansion,861,1.5272891591373938e-05,9.362018638113674e-06
manufacturing_expansion,862,6.4664052764254415e-06,6.0712096663041896e-06
manufacturing_expansion,863,1.5477599883400154e-05,1.7947778471245924e-05
manufacturing_expansion,864,1.0215386486794547e-05,7.67184778582137e-06
manufacturing_expansion,865,2.2215848987357033e-07,8.358682977056343e-06
manufacturing_expansion,866,1.4850936891874894e-05,7.895713574107178e-06
manufacturing_expansion,867,2.3174390648584755e-05,6.6344784825060855e-06
manufacturing_expansion,868,1.1052374918163886e-05,6.672206876458498e-06
manufacturing_expansion,869,3.0595727590576515e-06,7.390314024718757e-06
manufacturing_expansion,870,6.048844616747922e-06,7.823995390875281e-06
manufacturing_expansion,871,6.281449620646468e-06,6.037939551489355e-06
manufacturing_expansion,872,-6.379432186314218e-06,8.292775558773669e-06
manufacturing_expansion,873,1.1965308487740232e-05,9.714294076086655e-06
manufacturing_expansion,874,1.3609151021378994e-05,1.2193450087292272e-05
manufacturing_expansion,875,1.8881000861551923e-05,9.263529523859264e-06
manufacturing_expansion,876,6.779330534416355e-06,8.413821800454436e-06
manufacturing_expansion,877,-8.319908314186909e-06,5.638710234938893e-06
manufacturing_expansion,878,1.5339125393302844e-05,1.1967472569896315e-05
manufacturing_expansion,879,4.492823146591934e-06,7.592324355340869e-06
manufacturing_expansion,880,-7.558742645650466e-07,4.895311224819287e-06
manufacturing_expansion,881,5.39307543995239e-06,6.632659174725841e-06
manufacturing_expansion,882,1.6671139436694372e-05,1.1865659638052467e-05
manufacturing_expansion,883,3.2832171065773052e-06,8.985589107377612e-06
manufacturing_expansion,884,2.0083777685774303e-05,1.4131094359240701e-05
manufacturing_expansion,885,9.068650355301043e-06,4.998349161713394e-06
manufacturing_expansion,886,9.435024405075417e-06,1.379811643608935e-05
manufacturing_expansion,887,1.2664437668715017e-05,1.0658510357716598e-05
manufacturing_expansion,888,1.8251313467078713e-06,5.8448147234813905e-06
manufacturing_expansion,889,1.959420125444829e-05,4.468882949924227e-06
manufacturing_expansion,890,1.2801966970390483e-05,9.884122204248916e-06
manufacturing_expansion,891,-1.7286916541038404e-06,8.389254047054508e-06
manufacturing_expansion,892,9.471075682406358e-06,9.435722604865727e-06
manufacturing_expansion,893,2.6787848166414465e-05,5.896637064505424e-06
manufacturing_expansion,894,8.1954496704183e-06,5.646421815356523e-06
manufacturing_expansion,895,-9.63222368386004e-07,8.781921799517782e-06
manufacturing_expansion,896,-1.9619815504289458e-06,9.705285974939687e-06
manufacturing_expansion,897,3.0398373902920506e-05,1.1076248785047519e-05
manufacturing_expansion,898,1.735343193422197e-05,9.116782646791739e-06
manufacturing_expansion,899,1.7150008048407146e-06,6.625897711798863e-06
manufacturing_expansion,900,1.3550012761557804e-05,1.3798634915693158e-05
manufacturing_expansion,901,-3.120147652641151e-06,8.111335024038304e-06
manufacturing_expansion,902,1.1820112381374718e-05,7.263117680686111e-06
manufacturing_expansion,903,8.961473724509762e-06,7.412056729488649e-06
manufacturing_expansion,904,1.765506224609788e-05,1.0626668502031747e-05
manufacturing_expansion,905,3.1931690824600452e-06,7.756755554662141e-06
manufacturing_expansion,906,1.6501881899240623e-05,8.283288799802928e-06
manufacturing_expansion,907,1.738330573362535e-05,1.0296958011748808e-05
manufacturing_expansion,908,2.2877333151346318e-05,6.809819627046107e-06
manufacturing_expansion,909,-2.908747256368546e-06,7.776914831204036e-06
manufacturing_expansion,910,1.1182420935401951e-05,1.1866529490704372e-05
manufacturing_expansion,911,1.507368292770122e-05,9.044419349103861e-06
manufacturing_expansion,912,1.4407455484443214e-05,1.3633787385371721e-05
manufacturing_expansion,913,1.471136019710864e-05,8.570955347181178e-06
manufacturing_expansion,914,1.4696567258573962e-05,1.467496169330421e-05
manufacturing_expansion,915,1.4147032188386327e-05,8.53165174221999e-06
manufacturing_expansion,916,3.000013502715204e-05,9.830279208412883e-06
manufacturing_expansion,917,2.466772822689796e-05,8.41381633880855e-06
manufacturing_expansion,918,-1.3065124529102807e-06,6.931908319924355e-06
manufacturing_expansion,919,1.9430387102804596e-05,6.6572165571741654e-06
manufacturing_expansion,920,8.269926803624977e-06,7.434582034318181e-06
manufacturing_expansion,921,2.2869554516486796e-06,5.133597401774238e-06
manufacturing_expansion,922,1.999118917947714e-05,5.9055498373121984e-06
manufacturing_expansion,923,1.3729719607333633e-05,1.3065011654337354e-05
manufacturing_expansion,924,5.0478146646937895e-06,5.77224116755082e-06
manufacturing_expansion,925,2.339764934085814e-05,1.3566924012603596e-05
manufacturing_expansion,926,1.1871377704750316e-05,5.971850321983736e-06
manufacturing_expansion,927,3.764987277131033e-06,8.406812556435427e-06
manufacturing_expansion,928,7.48555516661421e-06,9.307538172361512e-06
manufacturing_expansion,929,2.2466688482092285e-05,8.151547959327785e-06
manufacturing_expansion,930,1.6452065457430913e-05,8.572190937394573e-06
manufacturing_expansion,931,5.383668901079087e-06,8.293568035395591e-06
manufacturing_expansion,932,6.268562424089412e-06,1.1590962946686884e-05
manufacturing_expansion,933,1.807254893892198e-06,5.837863571960915e-06
manufacturing_expansion,934,2.640560367866051e-05,8.391418002220566e-06
manufacturing_expansion,935,1.854843550069856e-05,9.01622911894928e-06
manufacturing_expansion,936,1.0589264557492066e-05,1.007041359607435e-05
manufacturing_expansion,937,7.3562625289623554e-06,7.531453492697141e-06
manufacturing_expansion,938,7.081267844453961e-06,7.932574002096743e-06
manufacturing_expansion,939,3.90556190090799e-06,9.769852113036174e-06
manufacturing_expansion,940,4.618792798364986e-06,8.283089883193733e-06
manufacturing_expansion,941,2.1697340069130177e-06,4.8845578578879325e-06
manufacturing_expansion,942,1.0191999829923546e-05,1.1184876619420501e-05
manufacturing_expansion,943,9.448209197499184e-06,1.4843370718429111e-05
manufacturing_expansion,944,3.964330527447732e-06,7.129694486851405e-06
manufacturing_expansion,945,3.3298609549445686e-05,8.604425799270748e-06
manufacturing_expansion,946,7.674685026542423e-07,9.77160156472469e-06
manufacturing_expansion,947,3.044474118863968e-06,8.653521211040028e-06
manufacturing_expansion,948,8.113148989272253e-06,1.240159543720558e-05
manufacturing_expansion,949,6.86527450718553e-06,8.203147172248768e-06
manufacturing_expansion,950,1.869667733456096e-05,6.922723737386075e-06
manufacturing_expansion,951,-5.979180469141195e-06,1.1046485806979738e-05
manufacturing_expansion,952,9.98301308837008e-06,7.2519033361463565e-06
manufacturing_expansion,953,1.8626796418165944e-05,1.3836599715282245e-05
manufacturing_expansion,954,-2.650207650871989e-06,7.250348179860479e-06
manufacturing_expansion,955,3.801131441117706e-06,9.352878132853333e-06
manufacturing_expansion,956,9.075141658344875e-06,6.0160259378688034e-06
manufacturing_expansion,957,4.6167205101356e-06,8.116775831144307e-06
manufacturing_expansion,958,1.2701528339094304e-05,1.0884662599943676e-05
manufacturing_expansion,959,1.2115178057917266e-05,7.611955108964392e-06
manufacturing_expansion,960,9.722762165341049e-06,8.743919231032105e-06
manufacturing_expansion,961,5.51403907808516e-06,1.1702927339145668e-05
manufacturing_expansion,962,1.3676751614469937e-05,6.466682242514652e-06
manufacturing_expansion,963,-1.9750159336666203e-06,8.55820671225322e-06
manufacturing_expansion,964,2.3852878463615426e-05,1.1821602712191429e-05
manufacturing_expansion,965,5.080120949661369e-06,8.123625844307659e-06
manufacturing_expansion,966,1.2565814291958929e-05,1.3970857916782745e-05
manufacturing_expansion,967,1.8762031862147135e-05,8.630741920411919e-06
manufacturing_expansion,968,1.6173431858644276e-05,7.892328614638153e-06
manufacturing_expansion,969,1.0256811041412718e-06,1.2583648720952219e-05
manufacturing_expansion,970,4.9406818536961324e-06,1.1171956058127304e-05
manufacturing_expansion,971,1.4765846379474792e-05,8.412703194100754e-06
manufacturing_expansion,972,1.0429737259230887e-05,6.880805230213197e-06
manufacturing_expansion,973,8.267471315952477e-06,1.0412766351583657e-05
manufacturing_expansion,974,-2.1419137449798135e-06,9.922357606662916e-06
manufacturing_expansion,975,-3.461609148602449e-06,1.0485540417446902e-05
manufacturing_expansion,976,1.2926989623140782e-05,6.907825311721305e-06
manufacturing_expansion,977,4.308228983156467e-06,8.596686712590243e-06
manufacturing_expansion,978,8.150633422847243e-06,8.871277121083258e-06
manufacturing_expansion,979,1.5516750619375777e-05,8.20900563181888e-06
manufacturing_expansion,980,7.371059444367791e-06,9.090574395372662e-06
manufacturing_expansion,981,1.3381804798600253e-05,5.767831606705944e-06
manufacturing_expansion,982,8.701386081042104e-06,7.801674568283519e-06
manufacturing_expansion,983,4.583659471041779e-06,8.843121436426468e-06
manufacturing_expansion,984,9.522059027048182e-06,8.997264627047133e-06
manufacturing_expansion,985,1.133128946407579e-05,5.64669573758312e-06
manufacturing_expansion,986,2.157908803998908e-05,9.217074023594041e-06
manufacturing_expansion,987,1.9338221493688113e-05,5.0797185725602385e-06
manufacturing_expansion,988,3.3294892646858782e-06,7.0181155355744585e-06
manufacturing_expansion,989,8.354502754154167e-06,1.1377901242171715e-05
manufacturing_expansion,990,-4.098240255409465e-06,8.713365232148715e-06
manufacturing_expansion,991,1.4663296662701754e-05,7.184128752538303e-06
manufacturing_expansion,992,2.435944531037722e-05,8.08290437449161e-06
manufacturing_expansion,993,6.235266641728392e-06,8.76066975659282e-06
manufacturing_expansion,994,1.699396232393394e-05,1.4498684784313232e-05
manufacturing_expansion,995,1.3612395719288156e-05,8.253547506402595e-06
manufacturing_expansion,996,2.0120949701146026e-05,9.312035020459707e-06
manufacturing_expansion,997,1.479418686814357e-05,7.133148971763829e-06
manufacturing_expansion,998,1.2911674747293663e-05,8.318198949080242e-06
manufacturing_expansion,999,6.632719398464851e-06,5.776182082670085e-06
irrigation,0,1.420231167831746e-05,2.7952962278445203e-05
irrigation,1,7.930816317081196e-06,1.5988036606352867e-05
irrigation,2,-8.754742591646697e-06,3.150835905602223e-05
irrigation,3,1.5085738426708091e-05,1.2712172188891e-05
irrigation,4,1.600960278748353e-05,1.8341371781067737e-05
irrigation,5,2.464777330669145e-05,1.3577740934092498e-05
irrigation,6,5.097456504708887e-05,2.7471698737653893e-05
irrigation,7,1.4592132263494136e-06,2.3439845288077713e-05
irrigation,8,3.960724627750295e-05,1.6654921023214272e-05
irrigation,9,2.129396912742182e-05,1.7778463419454976e-05
irrigation,10,1.3763753888249279e-05,1.9982610168790374e-05
irrigation,11,4.167133588003377e-05,1.7889328048777204e-05
irrigation,12,1.3147808516826047e-05,1.3932851962656954e-05
irrigation,13,4.3186535607794434e-05,3.5137274209032304e-05
irrigation,14,1.6585218265477786e-05,1.9620535461921556e-05
irrigation,15,3.803155682241678e-05,2.040471549000082e-05
irrigation,16,3.840312073532779e-05,2.0611707683480355e-05
irrigation,17,1.6862321460064045e-05,2.042117111523694e-05
irrigation,18,3.978542531530644e-05,1.6754096760911626e-05
irrigation,19,2.4385616522684343e-05,2.6917625786715636e-05
irrigation,20,2.9859370978120473e-05,3.388005238089869e-05
irrigation,21,1.5550538160483206e-05,2.497862445191755e-05
irrigation,22,3.47878009625503e-05,1.3359586617191025e-05
irrigation,23,1.1282239403258515e-06,1.3335873972306821e-05
irrigation,24,1.879826648071635e-05,1.732099645302262e-05
irrigation,25,2.2352600318712925e-05,3.12814229690787e-05
irrigation,26,3.252667238472669e-05,1.558583888141796e-05
irrigation,27,2.297642715172925e-05,2.146908301494314e-05
irrigation,28,8.882332800830108e-07,1.5702799874090848e-05
irrigation,29,2.502695656057254e-05,1.669196200731802e-05
irrigation,30,9.53435605493245e-06,1.440064405580788e-05
irrigation,31,9.418925650136722e-07,2.8128698505379845e-05
irrigation,32,6.979018149866673e-06,1.3366278795467092e-05
irrigation,33,2.173211606721411e-05,1.5038049095406426e-05
irrigation,34,3.469582395088418e-05,2.5248332675015136e-05
irrigation,35,0.00011020512431815165,0.00011122652211700471
irrigation,36,2.3422559229418655e-06,2.171329063903994e-05
irrigation,37,1.064088686561548e-05,1.5254653839150562e-05
irrigation,38,1.2123135759469956e-05,2.91383797922222e-05
irrigation,39,2.6658414477770083e-05,2.038481162567323e-05
irrigation,40,1.298890241807004e-06,9.910451945485825e-06
irrigation,41,2.9338653393657484e-05,2.256799140581424e-05
irrigation,42,-1.7477427381700563e-06,1.659373656980895e-05
irrigation,43,-7.620937222792883e-06,1.3386427983029935e-05
irrigation,44,4.2666175397526365e-05,2.115129039781526e-05
irrigation,45,-1.839271881878664e-05,8.899735133754935e-06
irrigation,46,1.721449956537307e-05,1.6687725060844323e-05
irrigation,47,2.6176651453894757e-05,1.5194517279330424e-05
irrigation,48,9.70622134933847e-06,1.6804588857850177e-05
irrigation,49,4.4224039873393536e-05,1.67849222274904e-05
irrigation,50,1.730286680842584e-05,1.3406850888574354e-05
irrigation,51,1.840870825592061e-05,1.742896321133297e-05
irrigation,52,-2.025764550952267e-06,2.301615327735177e-05
irrigation,53,5.488880818957221e-05,2.2927498634949987e-05
irrigation,54,2.0492221891922506e-05,2.1289030618433288e-05
irrigation,55,2.75653781616345e-05,1.5342537280074265e-05
irrigation,56,3.5401919926399016e-05,2.6630358653078804e-05
irrigation,57,2.994314265450661e-05,1.2843151970043814e-05
irrigation,58,1.3514267618340592e-05,9.217067995903472e-06
irrigation,59,2.1543415963349553e-07,1.4822735829214197e-05
irrigation,60,2.939461433866781e-05,1.9690863214453872e-05
irrigation,61,1.4780036475257318e-05,2.6268725056375416e-05
irrigation,62,2.8336734029306956e-05,2.452709258264996e-05
irrigation,63,2.282985457452531e-05,1.2904631500032166e-05
irrigation,64,3.988426175351683e-05,3.4015309056921845e-05
irrigation,65,2.5886916504554343e-05,2.502146567817661e-05
irrigation,66,-3.665467524291208e-06,2.3555345302964814e-05
irrigation,67,3.903493575644389e-05,1.9848953887257225e-05
irrigation,68,2.5191821300806193e-05,1.6737886506105953e-05
irrigation,69,5.559886432515633e-06,1.722152477436233e-05
irrigation,70,2.495893146181837e-05,2.9428282884141374e-05
irrigation,71,-1.723767220033403e-05,1.4658294667180509e-05
irrigation,72,3.3503801790337256e-05,2.1304111558049217e-05
irrigation,73,1.2772343923670182e-06,2.3690156013368713e-05
irrigation,74,4.995795592997883e-06,1.3433890362392002e-05
irrigation,75,1.8868999011786818e-05,3.432771159800802e-05
irrigation,76,2.4565722252806884e-05,1.284549653002025e-05
irrigation,77,4.93832283913589e-05,2.0272113699798544e-05
irrigation,78,2.1828255298465882e-05,2.2183634320379846e-05
irrigation,79,1.116976710503546e-06,2.0080622591077696e-05
irrigation,80,2.683443093503717e-05,2.611534507042716e-05
irrigation,81,2.0978337304726913e-05,1.9339987107715607e-05
irrigation,82,3.3750691139760617e-05,3.053870926856522e-05
irrigation,83,2.724714755250242e-05,1.395778335458169e-05
irrigation,84,1.5941156531666225e-05,1.7830666185685084e-05
irrigation,85,4.829808083714776e-06,1.926122914661271e-05
irrigation,86,5.411230147010466e-05,2.433557722489261e-05
irrigation,87,1.3090736906297506e-05,1.13849982305343e-05
irrigation,88,4.7165576000599795e-07,1.5809777108882785e-05
irrigation,89,4.1936205851379474e-05,2.2107722226025753e-05
irrigation,90,1.8880784490403857e-05,1.957566618270799e-05
irrigation,91,1.5356027758770492e-05,1.279114470833054e-05
irrigation,92,-5.033786701950415e-07,1.3016720034433729e-05
irrigation,93,4.459673860018789e-05,1.782986110346179e-05
irrigation,94,8.612290696280895e-06,2.07337439662657e-05
irrigation,95,1.0251011741886743e-05,1.4734624048934318e-05
irrigation,96,3.729137604384056e-05,1.8210196332392808e-05
irrigation,97,1.253274402891228e-05,1.8637307652790438e-05
irrigation,98,2.629061027707387e-05,1.6088479192434775e-05
irrigation,99,4.4354839401356206e-05,1.6559094746509912e-05
irrigation,100,1.6654756820534248e-05,2.164562307074824e-05
irrigation,101,1.4663201814922907e-05,1.4216162164373385e-05
irrigation,102,9.219468156049845e-08,2.184860775417837e-05
irrigation,103,1.60177361095676e-05,1.179085447011385e-05
irrigation,104,1.3954538771041e-05,1.59919897504439e-05
irrigation,105,2.0623866591354288e-05,2.705875885823875e-05
irrigation,106,5.51899369107387e-05,2.545580575976513e-05
irrigation,107,-1.8097034721266037e-05,1.864221587794348e-05
irrigation,108,3.3538697640621396e-05,1.9610630764122195e-05
irrigation,109,3.5368497755459935e-05,2.4303739479374047e-05
irrigation,110,9.627594048097686e-08,1.5157258925519332e-05
irrigation,111,1.9902563552828908e-05,1.580643342216458e-05
irrigation,112,2.2856643633901424e-05,2.5113842768355443e-05
irrigation,113,8.888219145457566e-06,1.2870279087920953e-05
irrigation,114,3.331455324666037e-05,2.198311551795681e-05
irrigation,115,1.98577320754031e-05,1.761702475707031e-05
irrigation,116,4.068926085674241e-05,2.4174635461639614e-05
irrigation,117,1.9445365213731715e-05,1.697324419465965e-05
irrigation,118,9.409590521136338e-06,2.1592416319633853e-05
irrigation,119,2.8499884248463198e-05,2.117575696633098e-05
irrigation,120,2.339279644382823e-05,1.7686342349656368e-05
irrigation,121,1.9482004953915368e-05,1.40047897793326e-05
irrigation,122,6.090824363016445e-06,1.4814613908404258e-05
irrigation,123,-1.731375042684354e-05,1.4254492533772659e-05
irrigation,124,3.7605003392842766e-05,2.483323887231627e-05
irrigation,125,5.987217151570088e-05,4.304681807577703e-05
irrigation,126,3.5639589407447086e-05,2.896104968182532e-05
irrigation,127,3.1864019785134324e-05,2.5733171234469847e-05
irrigation,128,1.3348188740806856e-05,2.155768919994337e-05
irrigation,129,2.8426934642708245e-05,2.004978436155856e-05
irrigation,130,-8.485155708708618e-06,1.4753289676763043e-05
irrigation,131,2.5757649404081668e-05,2.0577077460949377e-05
irrigation,132,3.723921348060842e-05,1.3706312734161242e-05
irrigation,133,4.8793102491996205e-06,1.155665274004447e-05
irrigation,134,1.7245858169875004e-05,1.6122446270482295e-05
irrigation,135,3.715188363308838e-05,1.113741087126852e-05
irrigation,136,1.3962277197116546e-05,1.4580850458455893e-05
irrigation,137,2.253187996213333e-05,1.8303248910196126e-05
irrigation,138,1.7385179187444725e-05,2.564461135835283e-05
irrigation,139,-7.509166783244118e-06,1.774997049859453e-05
irrigation,140,4.194871536363068e-06,1.759832813014551e-05
irrigation,141,9.529441279037274e-06,1.4003312902323729e-05
irrigation,142,2.263800118795814e-05,9.824183941165579e-06
irrigation,143,3.497463179783941e-05,3.2012855801239524e-05
irrigation,144,2.0089737338938875e-05,2.2826046380315568e-05
irrigation,145,7.500012562656829e-06,1.8193497847772668e-05
irrigation,146,4.082876582418728e-05,1.5610837634081008e-05
irrigation,147,-8.435113502046854e-06,1.6885556147961473e-05
irrigation,148,4.454339078673262e-05,1.8421106521122562e-05
irrigation,149,2.8050541257120165e-05,1.463787574935208e-05
irrigation,150,1.3001194112756676e-05,1.7808441994130013e-05
irrigation,151,-2.233442502602662e-06,1.601536359506453e-05
irrigation,152,7.356911346664548e-06,1.4379756242058034e-05
irrigation,153,3.7789650154920935e-05,1.8084079422288927e-05
irrigation,154,-1.3586451378270371e-05,1.2349499828626272e-05
irrigation,155,5.814549717709767e-07,1.2855531264127618e-05
irrigation,156,9.026962902557986e-06,1.3536690066782596e-05
irrigation,157,1.923922773800441e-07,1.6562241254498087e-05
irrigation,158,3.642208592412011e-05,3.0378194406902803e-05
irrigation,159,2.86793510446099e-05,1.532339621049904e-05
irrigation,160,3.3022418099192064e-05,3.1898063021511944e-05
irrigation,161,1.7856278993664312e-05,1.3258108499738756e-05
irrigation,162,3.185076781135724e-05,1.748722229379957e-05
irrigation,163,3.4461223135066896e-05,2.308409207841913e-05
irrigation,164,3.543925958054995e-05,2.0709108651170022e-05
irrigation,165,5.381333570867167e-05,2.4873847967081068e-05
irrigation,166,9.174789448939755e-06,1.8301442399057224e-05
irrigation,167,2.997012509775255e-05,1.611691288106949e-05
irrigation,168,3.4052570297506246e-05,1.3417277447179135e-05
irrigation,169,6.057119990220614e-05,3.2408200783717965e-05
irrigation,170,2.5724185041829888e-05,2.1837804734641505e-05
irrigation,171,1.956898201075738e-05,1.4396461455831878e-05
irrigation,172,4.365984910124579e-05,2.1030131667448124e-05
irrigation,173,1.1874166211458952e-05,2.1093805075237012e-05
irrigation,174,2.201579573953606e-05,1.204770305675956e-05
irrigation,175,1.1758432412383928e-05,1.0730462666857916e-05
irrigation,176,2.070940974772347e-05,1.5392545595406484e-05
irrigation,177,1.0680203575996583e-05,1.707008131510851e-05
irrigation,178,9.350052506130296e-06,1.3680527032041089e-05
irrigation,179,9.20759656960884e-06,1.6226748839946276e-05
irrigation,180,1.2662521239843329e-05,2.3242404792178596e-05
irrigation,181,1.512491670377866e-05,1.4481982774420511e-05
irrigation,182,1.0606467058695857e-05,1.5977243218678856e-05
irrigation,183,2.875747605746837e-05,1.6119696364139027e-05
irrigation,184,3.112061363430761e-06,1.637640123697815e-05
irrigation,185,4.331125919518103e-06,1.4925317495096371e-05
irrigation,186,1.6717471522604527e-05,1.663052926566496e-05
irrigation,187,1.6304334073880933e-05,1.470178757448568e-05
irrigation,188,6.153135119334877e-06,1.7998704757411483e-05
irrigation,189,2.326365388057009e-05,2.5875018703080756e-05
irrigation,190,8.192294728395427e-06,1.8748609415425483e-05
irrigation,191,1.266363312508648e-05,1.1335002397046295e-05
irrigation,192,1.7969749908575379e-06,9.905882003895203e-06
irrigation,193,-6.423813455188541e-06,2.0569510865183844e-05
irrigation,194,2.8216510944035747e-05,1.4532104701538739e-05
irrigation,195,2.0308632047005827e-05,2.634820964228527e-05
irrigation,196,5.009128396518108e-05,2.6592923366223762e-05
irrigation,197,7.248743292861731e-05,2.2917733306270332e-05
irrigation,198,1.2706988792279e-05,1.4051659687757088e-05
irrigation,199,1.0782866900682295e-05,1.6513233923250862e-05
irrigation,200,1.5699531750353114e-05,1.8641021494432366e-05
irrigation,201,3.151121468948819e-06,1.575484134478319e-05
irrigation,202,2.786795008330634e-06,1.3453170788597333e-05
irrigation,203,3.496638113743746e-05,1.3687341868602556e-05
irrigation,204,9.096459366749872e-06,1.6783714294488793e-05
irrigation,205,2.8592823443024562e-05,2.3531380501107566e-05
irrigation,206,9.279413552452161e-06,1.4257394508609992e-05
irrigation,207,3.264765421891384e-05,1.64798785027455e-05
irrigation,208,3.0224808477834614e-05,2.2636015893626206e-05
irrigation,209,2.7521067064832736e-06,2.217010243596059e-05
irrigation,210,2.8516735211941135e-05,1.8254256493895962e-05
irrigation,211,8.387593980871371e-06,2.389618210938263e-05
irrigation,212,3.241269403909442e-05,2.8350785620973906e-05
irrigation,213,-8.574390479209564e-06,1.5097560347485495e-05
irrigation,214,-5.122714816912022e-06,1.3723868479380522e-05
irrigation,215,1.9197701919248798e-05,2.624949645693071e-05
irrigation,216,4.571512937939264e-06,1.3041711905983877e-05
irrigation,217,1.2239464548778591e-05,9.968174082302296e-06
irrigation,218,2.5640189787038182e-05,1.7933141700065658e-05
irrigation,219,3.1783344545731684e-05,1.8165767050690342e-05
irrigation,220,7.774538550772456e-06,1.2327416203133299e-05
irrigation,221,2.9630467205613206e-07,1.5992638822213693e-05
irrigation,222,1.8338273121966842e-05,1.6125455684680144e-05
irrigation,223,-1.4241697831196773e-05,1.724836982708273e-05
irrigation,224,8.470142469625151e-06,1.2585013953167625e-05
irrigation,225,3.410700154330284e-05,3.743470714149798e-05
irrigation,226,-2.375264642116214e-06,1.5710991259633855e-05
irrigation,227,3.38675717991453e-05,1.547943396876976e-05
irrigation,228,1.8213173552443585e-05,1.6816255782028295e-05
irrigation,229,1.7389976852032802e-05,1.4920717491229694e-05
irrigation,230,3.0128333024346296e-05,2.4746524114134715e-05
irrigation,231,1.2839170919944519e-05,1.2670626198250004e-05
irrigation,232,1.073094116777241e-05,2.3350322611469862e-05
irrigation,233,1.0066585913588322e-05,1.1989802555426955e-05
irrigation,234,5.765702366233645e-06,1.187096943318865e-05
irrigation,235,-7.207835223592453e-06,9.460402553029584e-06
irrigation,236,4.452880773019106e-05,1.1325373947553923e-05
irrigation,237,3.149509392543951e-05,2.1358588412374805e-05
irrigation,238,1.5722309912698426e-05,2.0045103564615263e-05
irrigation,239,2.043971480327006e-05,1.13588623665903e-05
irrigation,240,2.677784485615869e-05,1.630065651381476e-05
irrigation,241,2.4189927850786598e-05,1.319361141358215e-05
irrigation,242,1.7076942084256218e-05,1.969542352041836e-05
irrigation,243,2.8769228261404466e-05,1.741750362961783e-05
irrigation,244,-1.3474243358943552e-05,2.046614860007887e-05
irrigation,245,3.6709903316915914e-05,1.583740436337432e-05
irrigation,246,4.5639044562661146e-05,2.332370447910167e-05
irrigation,247,2.3962150648467874e-05,1.6360811197539333e-05
irrigation,248,3.272123444457622e-05,2.1556997819214226e-05
irrigation,249,5.617385409209909e-05,4.212138337840963e-05
irrigation,250,1.903895957088582e-05,1.3872012361591218e-05
irrigation,251,2.439497055978602e-05,1.3917242423780009e-05
irrigation,252,1.4227551182666496e-05,1.951433198132567e-05
irrigation,253,2.5254386881764688e-05,1.4072006857896777e-05
irrigation,254,1.1688449083818158e-05,1.477365811037777e-05
irrigation,255,1.8875594113644384e-05,1.4866694978503365e-05
irrigation,256,2.9137956250437594e-05,1.5791696839583654e-05
irrigation,257,2.0657468473567416e-05,1.7571460954209683e-05
irrigation,258,1.0595777754985645e-05,1.1210491232517867e-05
irrigation,259,1.7565376684609657e-05,1.566797551837603e-05
irrigation,260,1.847419512964878e-05,2.1695498081058716e-05
irrigation,261,3.219501145107503e-05,1.9052753152498328e-05
irrigation,262,7.576177954128582e-06,1.7563187332703262e-05
irrigation,263,2.1421534907690377e-05,1.563049999529421e-05
irrigation,264,4.094842411394387e-06,1.038931334361826e-05
irrigation,265,5.330261366231849e-06,1.0172060955020689e-05
irrigation,266,-1.0041785718221679e-05,2.3998225783700302e-05
irrigation,267,3.2852898627186345e-05,1.6987055895663317e-05
irrigation,268,1.2876039362188156e-05,1.5023618513629355e-05
irrigation,269,1.6578373045455715e-05,1.893612326045565e-05
irrigation,270,2.6814175661979355e-05,3.535157539116688e-05
irrigation,271,1.1234750144475878e-05,1.7596242256927096e-05
irrigation,272,6.349273305816652e-06,1.3497761684954665e-05
irrigation,273,2.78326290432642e-05,1.995732933858131e-05
irrigation,274,7.379475428749891e-05,4.052401579823112e-05
irrigation,275,5.486801249938023e-05,5.114709303195925e-05
irrigation,276,4.018698837378002e-05,2.4415926298828588e-05
irrigation,277,3.440767678455281e-05,2.0455467362492423e-05
irrigation,278,3.21352942624904e-06,1.6909349269316743e-05
irrigation,279,1.634653629685976e-05,2.494370873926998e-05
irrigation,280,-9.499671739536838e-07,1.586560860536821e-05
irrigation,281,4.669094289379303e-05,2.07892294030917e-05
irrigation,282,3.623272144453915e-05,1.720671631975168e-05
irrigation,283,-2.938744787610253e-06,1.4003843696629495e-05
irrigation,284,1.0926192880153789e-05,1.6651646979896964e-05
irrigation,285,4.568238063162675e-05,2.5975719679595684e-05
irrigation,286,1.535268244233735e-05,1.7253017713557653e-05
irrigation,287,1.2505108246149445e-05,1.5654740307239206e-05
irrigation,288,2.7780278597127154e-05,1.4002687197327096e-05
irrigation,289,1.677848553648833e-05,2.1633954759122112e-05
irrigation,290,5.079886346727035e-05,1.565342362628691e-05
irrigation,291,5.989451809265233e-05,3.1662157425447335e-05
irrigation,292,4.157507098430886e-05,2.6471235335946725e-05
irrigation,293,1.5178455269637025e-05,1.8092614807042447e-05
irrigation,294,2.234886805641618e-05,1.804541922520089e-05
irrigation,295,4.174815810366579e-06,1.2093941557162594e-05
irrigation,296,1.9128291049995152e-06,1.899002872102484e-05
irrigation,297,2.355085153711214e-05,2.1326726444641714e-05
irrigation,298,2.32454004713534e-05,2.752867558505574e-05
irrigation,299,-2.0918960193846706e-06,1.367887721940426e-05
irrigation,300,1.4229853527555866e-05,1.781962809498826e-05
irrigation,301,3.229539624229128e-06,2.0607959339420648e-05
irrigation,302,2.9191395061301312e-05,1.2871927370110186e-05
irrigation,303,4.581707484375839e-05,3.231016952961676e-05
irrigation,304,1.2901374738620008e-05,1.6096978575288103e-05
irrigation,305,1.7322226394235418e-05,1.8135824514536285e-05
irrigation,306,1.9027505584910112e-05,2.110822643389398e-05
irrigation,307,1.6516820754470707e-05,2.2367685413284097e-05
irrigation,308,9.109277279820124e-06,1.889372909326202e-05
irrigation,309,3.955101369188832e-05,1.7816466751660634e-05
irrigation,310,1.9959930991073374e-05,3.439091157129251e-05
irrigation,311,3.566960666183757e-05,1.1558865825859212e-05
irrigation,312,3.098421033702377e-05,1.6768161436505446e-05
irrigation,313,2.0436037714283376e-05,9.88813759423098e-06
irrigation,314,5.613548058347639e-05,5.7787361294674395e-05
irrigation,315,-7.064196086283877e-06,1.418257690440033e-05
irrigation,316,4.44454782959224e-05,2.393888405232068e-05
irrigation,317,2.7984336523239147e-05,1.5119463519761645e-05
irrigation,318,2.956761713327009e-05,2.1422678178003954e-05
irrigation,319,2.054982077853643e-05,1.4723205700216693e-05
irrigation,320,3.26209086888761e-05,1.2972640237196284e-05
irrigation,321,1.5208557001603927e-05,1.9492128502495407e-05
irrigation,322,3.545984394988665e-05,6.158937422059899e-05
irrigation,323,3.642735152806542e-05,1.6738670303346433e-05
irrigation,324,-5.127678302057444e-06,2.1834638690999504e-05
irrigation,325,8.633611410309067e-06,1.3076593932710977e-05
irrigation,326,5.471389116636999e-05,3.271677549194464e-05
irrigation,327,3.564492288956579e-05,1.8238800439627957e-05
irrigation,328,5.2120483053769005e-06,9.930513956723492e-06
irrigation,329,1.8082399659794124e-05,1.661177174610982e-05
irrigation,330,2.7036566987955958e-05,2.0431405946463366e-05
irrigation,331,2.1706325698091115e-05,1.3041559025982783e-05
irrigation,332,4.293085036151689e-05,2.452918428953308e-05
irrigation,333,5.077343616080829e-05,2.85989474197991e-05
irrigation,334,1.6423551604294164e-05,3.356002641316433e-05
irrigation,335,3.89892870190089e-05,2.3992551372256707e-05
irrigation,336,1.7874095379820655e-05,1.157556130556646e-05
irrigation,337,3.15453648035551e-05,1.6881486869963992e-05
irrigation,338,4.009818005593604e-05,1.9837387697868716e-05
irrigation,339,1.3512732138193643e-05,2.5725686424783582e-05
irrigation,340,3.086753259357748e-05,1.9364066139924293e-05
irrigation,341,2.309299213379437e-05,1.1469095034428184e-05
irrigation,342,2.6361613019461196e-05,2.2068032509411595e-05
irrigation,343,1.8606402845015522e-05,2.66158019528906e-05
irrigation,344,1.6387695846081572e-05,2.6800636937836645e-05
irrigation,345,1.2331060849209067e-07,1.603250999887308e-05
irrigation,346,7.608064785905887e-06,1.5024562617907456e-05
irrigation,347,2.518942597176364e-06,1.3747156414478026e-05
irrigation,348,4.024424281898573e-06,1.760439489517174e-05
irrigation,349,3.3756143637299334e-05,2.409512605598754e-05
irrigation,350,2.7996397644948108e-05,2.4546510432421463e-05
irrigation,351,2.304794237078449e-06,1.880347046175342e-05
irrigation,352,2.943971508550486e-05,2.1154458484460752e-05
irrigation,353,2.9250391310782977e-06,1.595784606581411e-05
irrigation,354,4.962790004629866e-06,1.7566287495579163e-05
irrigation,355,1.8344853388052365e-06,1.5350000074610227e-05
irrigation,356,-1.5888480375931786e-05,1.4262130763499885e-05
irrigation,357,-1.0183853069162192e-05,1.9117339142734458e-05
irrigation,358,2.3264146796888846e-05,1.81583839324826e-05
irrigation,359,6.9976050006649845e-06,2.097977891476568e-05
irrigation,360,1.0279209503962343e-05,1.591162844949113e-05
irrigation,361,2.3332535591755177e-05,2.908393426416457e-05
irrigation,362,4.106180314077158e-06,1.7609089395612807e-05
irrigation,363,3.0251323999991142e-05,2.746566428428984e-05
irrigation,364,2.1883351579698714e-05,1.6863631961797106e-05
irrigation,365,3.287144289936854e-05,2.4855063178986868e-05
irrigation,366,1.9594597925130844e-05,1.8974091452438204e-05
irrigation,367,1.2619601671962238e-05,1.2210163174380483e-05
irrigation,368,1.886251353578962e-05,1.5832348105800025e-05
irrigation,369,1.1250255525212325e-06,1.7336590739784595e-05
irrigation,370,-1.7908871100437392e-06,1.9112330852994804e-05
irrigation,371,2.380888385014152e-05,1.7829362492856812e-05
irrigation,372,1.8451599719269752e-05,2.9119866194083318e-05
irrigation,373,-5.473096778429585e-06,2.1490456126649735e-05
irrigation,374,3.921837909402398e-05,1.9743031355189635e-05
irrigation,375,8.146455723582687e-06,2.4908997901717892e-05
irrigation,376,1.0156329518593209e-05,2.2668511719578915e-05
irrigation,377,1.905492179225509e-05,1.3308016441502663e-05
irrigation,378,1.1325667911797107e-05,1.4360579859168714e-05
irrigation,379,1.8608943083096685e-05,1.0882293883378055e-05
irrigation,380,4.044186511100482e-05,1.9699440726672448e-05
irrigation,381,1.8584848413941884e-05,2.0215401267314368e-05
irrigation,382,1.883945706813513e-05,2.5271492140021575e-05
irrigation,383,1.194819174520632e-05,2.3060978106222395e-05
irrigation,384,3.100153060354661e-05,9.794338717736018e-06
irrigation,385,4.298602422039007e-05,3.35977961183402e-05
irrigation,386,4.604235009241506e-05,4.815450814899295e-05
irrigation,387,1.7429729650851324e-05,1.6487966881608733e-05
irrigation,388,-5.495283998108673e-06,1.6083003824317312e-05
irrigation,389,3.8069170089012635e-05,2.343254960370716e-05
irrigation,390,1.570717786261388e-05,1.596285813030825e-05
irrigation,391,5.646920774460798e-05,2.0239944397593203e-05
irrigation,392,1.9696005480044565e-05,2.2535907089176233e-05
irrigation,393,-1.950666678799303e-06,1.7974769308027666e-05
irrigation,394,2.476782308025319e-05,1.613892905071005e-05
irrigation,395,-2.3564728130833935e-06,2.0722091308745462e-05
irrigation,396,1.2060436914490284e-05,2.1693369609507843e-05
irrigation,397,-3.7712869481090304e-06,1.5506047633030292e-05
irrigation,398,1.957456309522581e-06,1.3065422750330969e-05
irrigation,399,3.957876059622618e-05,1.777210738333316e-05
irrigation,400,4.084577436914453e-05,2.245448116121235e-05
irrigation,401,2.134012243784052e-05,1.2911027769790215e-05
irrigation,402,5.485612810447438e-05,3.4791569446441105e-05
irrigation,403,2.8795186133896302e-05,3.558875260054349e-05
irrigation,404,1.0962235108312858e-05,1.7489690006585074e-05
irrigation,405,4.443851435965048e-05,2.3022437447279474e-05
irrigation,406,3.400015638519863e-05,1.4801565709299185e-05
irrigation,407,3.5105007701500526e-05,2.1203363969892914e-05
irrigation,408,1.3473002272869557e-05,1.9919008920343753e-05
irrigation,409,-1.4245045039115417e-06,1.3995178184053113e-05
irrigation,410,3.135232892296632e-06,1.5288365844342464e-05
irrigation,411,1.9439686774990135e-06,2.17663507259824e-05
irrigation,412,1.5825837213431765e-05,1.6864824233773332e-05
irrigation,413,1.215816612321435e-05,1.749083517983143e-05
irrigation,414,4.166564997812918e-05,3.2998038315742646e-05
irrigation,415,-8.701304044137849e-06,1.3148506190333776e-05
irrigation,416,1.3509800082506104e-05,2.8403195190904864e-05
irrigation,417,2.0656114347913456e-05,1.3747523940460452e-05
irrigation,418,7.639136143407406e-06,1.6495495002014984e-05
irrigation,419,-2.9318538740996585e-06,1.8521723987348467e-05
irrigation,420,3.167694063178912e-05,1.6932102891055684e-05
irrigation,421,7.315937850419786e-05,5.912611218690651e-05
irrigation,422,1.1200964064266507e-05,1.3580309189214942e-05
irrigation,423,9.030403473367028e-06,2.2493044638179603e-05
irrigation,424,-8.697821518548821e-06,8.734468051657909e-06
irrigation,425,5.209335713951979e-05,2.1994183290168992e-05
irrigation,426,2.483933345706724e-05,1.4869802930922743e-05
irrigation,427,1.5654199558255723e-05,2.692198651965879e-05
irrigation,428,5.956482194012523e-06,3.2276393635710826e-05
irrigation,429,3.6506353775942934e-05,2.198285670949838e-05
irrigation,430,2.2604365554468364e-05,2.4209320586487226e-05
irrigation,431,6.196532265275007e-06,1.8089091327256212e-05
irrigation,432,5.399576123016323e-05,2.5848783657810512e-05
irrigation,433,3.0488606493557433e-05,1.5497485694955616e-05
irrigation,434,2.195367163212469e-05,1.9785292287743086e-05
irrigation,435,2.701344260443139e-05,1.7346211895228346e-05
irrigation,436,-2.4491007968967194e-06,1.9955752664975563e-05
irrigation,437,6.411829247753772e-05,2.514906797120772e-05
irrigation,438,6.478015461387955e-05,2.2612161773427743e-05
irrigation,439,1.8816797594579295e-05,1.718949139950669e-05
irrigation,440,1.276948399043939e-05,1.269502244256434e-05
irrigation,441,3.516815781828309e-05,3.659732150064825e-05
irrigation,442,1.781689246533976e-05,1.5219529558031404e-05
irrigation,443,1.3443988073981329e-05,2.4557934148509054e-05
irrigation,444,-6.180461338643273e-06,2.379471392583277e-05
irrigation,445,1.690118866512798e-05,2.770382152568033e-05
irrigation,446,2.9469977369988675e-05,1.7629644597251068e-05
irrigation,447,2.219808100397582e-05,2.1524143588837468e-05
irrigation,448,2.1014198247272178e-05,1.2359278140720225e-05
irrigation,449,1.896131787073786e-05,1.6627361278239708e-05
irrigation,450,1.4302191725794732e-05,1.4836434855090901e-05
irrigation,451,1.3809591961479387e-05,1.5459228225048586e-05
irrigation,452,5.021612974206683e-05,1.6626322416016604e-05
irrigation,453,1.7123473830985114e-05,1.4566318155278824e-05
irrigation,454,6.650149501155706e-05,2.1526267630565753e-05
irrigation,455,1.0356435426833824e-05,1.7108723440296505e-05
irrigation,456,3.8261584980693916e-05,2.716262748985746e-05
irrigation,457,2.8321498316667354e-05,2.7736012639916535e-05
irrigation,458,1.4994332953161795e-05,1.0231815584693388e-05
irrigation,459,8.944017504346786e-06,1.5935494637962587e-05
irrigation,460,2.5994070627111654e-05,1.789957521640497e-05
irrigation,461,4.238251091002488e-05,2.8262052531642876e-05
irrigation,462,-5.331385402266272e-06,1.787205864564175e-05
irrigation,463,2.3710381946844918e-05,1.6124476614788536e-05
irrigation,464,1.635660976509038e-05,2.454335318441325e-05
irrigation,465,2.038028931825066e-06,1.747248825404154e-05
irrigation,466,1.2588993856730677e-05,2.9728097931265603e-05
irrigation,467,1.8069494409626042e-05,1.397948349323132e-05
irrigation,468,3.986107176315091e-05,2.602475319636748e-05
irrigation,469,1.5809976817196022e-05,1.5783172401220756e-05
irrigation,470,1.510789581968941e-05,1.814562620143633e-05
irrigation,471,3.271041896089452e-05,1.9593053929758473e-05
irrigation,472,1.5319022813565368e-05,1.1954565152211194e-05
irrigation,473,3.608526874468482e-05,2.3673355617310537e-05
irrigation,474,2.4734165884946256e-05,1.1620920464332253e-05
irrigation,475,2.132735158819394e-06,1.3476994861966155e-05
irrigation,476,2.045682958029378e-05,1.2124391083430003e-05
irrigation,477,1.8320837833354572e-05,2.2147684346221113e-05
irrigation,478,4.399179442138509e-05,2.013720873665649e-05
irrigation,479,2.369650415793645e-05,2.5882070566314128e-05
irrigation,480,1.3731865380977316e-05,2.063308202519546e-05
irrigation,481,1.8185733437101067e-05,1.8814265685423077e-05
irrigation,482,2.17735721065332e-05,1.5705785121895566e-05
irrigation,483,2.3716387984809117e-05,1.970621549370774e-05
irrigation,484,2.556006127429648e-05,1.4942992909281899e-05
irrigation,485,1.71867491032477e-05,1.819861642707911e-05
irrigation,486,5.619639791330791e-06,1.5720388458924497e-05
irrigation,487,1.7024576705169166e-05,1.95363388355106e-05
irrigation,488,5.670673453321722e-06,2.2029277380704254e-05
irrigation,489,2.637356537440601e-05,3.0376871198982494e-05
irrigation,490,4.1993621329169344e-05,1.83526732816752e-05
irrigation,491,3.1364883508658506e-05,2.1511660531314752e-05
irrigation,492,6.069851619650216e-06,1.7125867809057822e-05
irrigation,493,3.597208353123343e-05,2.403382377522793e-05
irrigation,494,1.9577368875101663e-05,2.0969434090858266e-05
irrigation,495,3.5602106228448966e-05,2.121227892225023e-05
irrigation,496,2.6107920770881022e-05,1.6838324151889833e-05
irrigation,497,-1.4498874836317696e-07,1.8595310359429824e-05
irrigation,498,8.752685004309855e-06,2.20205546356315e-05
irrigation,499,2.1106263797119542e-05,2.1572989140288536e-05
irrigation,500,1.2600980620968753e-05,2.5042825164735384e-05
irrigation,501,5.162107285886675e-05,2.4969957503259732e-05
irrigation,502,2.7588151587082212e-05,4.269833138551071e-05
irrigation,503,-6.137634428388944e-06,1.393523192455593e-05
irrigation,504,1.967898204576568e-05,1.7968996506414205e-05
irrigation,505,9.445415597469426e-05,3.193765412403076e-05
irrigation,506,1.4584383012159336e-05,1.8655627493783666e-05
irrigation,507,2.1970685530471024e-05,1.2766365332919494e-05
irrigation,508,6.219714512812979e-06,1.5026944485286857e-05
irrigation,509,2.6377170830646444e-05,3.1505432720152215e-05
irrigation,510,4.6530470372039655e-05,1.574005873924932e-05
irrigation,511,1.8797505923522033e-05,1.2754320993662444e-05
irrigation,512,3.741360433128794e-05,2.722209505015071e-05
irrigation,513,2.5908060217833395e-05,2.24178075534558e-05
irrigation,514,1.5538391206580134e-05,2.911246380248864e-05
irrigation,515,3.783689117413275e-05,1.722574138561655e-05
irrigation,516,5.035865949460139e-05,1.6393250820792908e-05
irrigation,517,1.4534714538688231e-05,1.6159804572586525e-05
irrigation,518,3.1509519754879536e-05,1.6899014763148093e-05
irrigation,519,4.613479947543613e-05,2.1865043791970943e-05
irrigation,520,1.5045058346137216e-05,1.5886369433207967e-05
irrigation,521,-7.684251950422026e-06,1.3843794063641436e-05
irrigation,522,5.969698319266148e-05,2.628100938340052e-05
irrigation,523,4.017231328175032e-05,3.720909714160294e-05
irrigation,524,-3.0746453319046053e-06,1.7559146187727504e-05
irrigation,525,1.0904277781586735e-05,1.7160568874008404e-05
irrigation,526,-5.068972902934594e-06,1.6506755801368675e-05
irrigation,527,3.3778716803910354e-06,1.514959418198065e-05
irrigation,528,1.0893252837427738e-05,1.922329956432991e-05
irrigation,529,2.872280543690037e-05,1.696793652505052e-05
irrigation,530,4.361187317291931e-05,2.864972829386441e-05
irrigation,531,3.510953791225303e-05,3.75671581159539e-05
irrigation,532,4.386305295271056e-05,1.8849162857821452e-05
irrigation,533,3.305053537291634e-05,1.846360513864668e-05
irrigation,534,3.212520654235774e-05,2.036061311072467e-05
irrigation,535,1.4688219966040083e-05,1.444958313634979e-05
irrigation,536,6.476921616682363e-06,1.6482948551267134e-05
irrigation,537,1.3745159925500663e-05,2.8411277461579238e-05
irrigation,538,-2.7366881495283483e-06,1.2998219443502779e-05
irrigation,539,2.008990276005752e-05,2.1115630971454874e-05
irrigation,540,6.659658500061242e-06,2.4958841555700618e-05
irrigation,541,4.34003847545519e-05,2.4698184380020623e-05
irrigation,542,1.6187249572968458e-05,1.878747089510787e-05
irrigation,543,-1.0798583192460467e-07,2.136030252369181e-05
irrigation,544,1.1305005661447532e-06,1.5166583805930462e-05
irrigation,545,9.59651455716232e-07,1.9444070848062635e-05
irrigation,546,4.303994919797354e-05,1.938809379256611e-05
irrigation,547,3.937794184025087e-05,1.947838733937168e-05
irrigation,548,4.828255513096904e-05,3.099150145147699e-05
irrigation,549,2.7347473945158978e-05,2.1287470117206602e-05
irrigation,550,3.1902523077940304e-05,1.580790562629734e-05
irrigation,551,4.108025062373729e-05,2.3169746939933737e-05
irrigation,552,2.7721611012595623e-05,1.3886323914268414e-05
irrigation,553,1.0073654115262616e-05,1.2747218267429914e-05
irrigation,554,1.954056217211125e-05,1.4409749171198187e-05
irrigation,555,4.391010474366604e-05,2.4679056073422644e-05
irrigation,556,4.8271763592077283e-05,2.633057456963163e-05
irrigation,557,1.0918198814726829e-05,1.3187152756173746e-05
irrigation,558,2.6604554678642032e-05,1.5722919359488105e-05
irrigation,559,4.76949922009879e-05,2.877636808002923e-05
irrigation,560,3.498115549194289e-05,2.0187937656854614e-05
irrigation,561,2.623929761391224e-05,1.910251250304229e-05
irrigation,562,2.304027445336466e-06,1.638900533178203e-05
irrigation,563,-6.674195520800821e-06,2.0325285952428368e-05
irrigation,564,1.8370247832990968e-05,2.0614341279558046e-05
irrigation,565,8.538222243806532e-06,1.094895823712422e-05
irrigation,566,8.34551104957882e-06,1.1107984219285411e-05
irrigation,567,1.0754941541095973e-05,1.8591677898098457e-05
irrigation,568,1.1198597313375551e-05,1.3969900072135653e-05
irrigation,569,1.8596873628200556e-05,2.080979920363259e-05
irrigation,570,3.396818690016626e-05,2.3634862915821176e-05
irrigation,571,2.970211658188409e-05,1.685543443029088e-05
irrigation,572,4.972723018301535e-05,1.562802680018685e-05
irrigation,573,1.4080433982980675e-05,3.291687486877555e-05
irrigation,574,3.583112678049247e-05,3.1364287095088906e-05
irrigation,575,3.4419286294444285e-06,1.6411035427993126e-05
irrigation,576,4.235562775157566e-06,1.849720633665562e-05
irrigation,577,1.1592531442742567e-05,1.3486648687534916e-05
irrigation,578,2.6352472373851448e-05,1.4408069339009147e-05
irrigation,579,2.8566337127385586e-05,1.4763672820209698e-05
irrigation,580,4.091898080046768e-05,1.3819026711877448e-05
irrigation,581,3.495339355373656e-05,1.8595237164893465e-05
irrigation,582,4.177175170351222e-05,2.0770899811892696e-05
irrigation,583,3.5496734761453964e-05,2.1506748569249675e-05
irrigation,584,1.5137365247170016e-05,3.615619104153282e-05
irrigation,585,3.139998429709517e-05,1.8713124513184867e-05
irrigation,586,6.651790512647364e-06,1.6226232616707614e-05
irrigation,587,1.0987413127810245e-05,1.8623377088652907e-05
irrigation,588,2.1334834887184214e-05,1.1955009833225849e-05
irrigation,589,3.456015782263507e-05,4.352246830876718e-05
irrigation,590,2.1046261217658193e-05,2.2004200854353015e-05
irrigation,591,3.202785738477135e-05,1.1786029321667082e-05
irrigation,592,4.759186421187285e-06,2.016087225001025e-05
irrigation,593,2.5383969085909417e-05,2.840902545039894e-05
irrigation,594,2.9372875024286745e-05,3.0552189159692055e-05
irrigation,595,1.01018203291772e-05,1.235665797676881e-05
irrigation,596,-5.188303141723048e-06,1.4738637843177082e-05
irrigation,597,1.888772350386957e-05,2.165265012058459e-05
irrigation,598,-1.8329634401884102e-06,1.5136001606225915e-05
irrigation,599,-1.706242382441336e-06,1.53859648203108e-05
irrigation,600,1.2390794641438322e-05,1.4613195509269023e-05
irrigation,601,-8.031111474756216e-06,2.008050639079288e-05
irrigation,602,1.3457078557280622e-05,1.6934106113470245e-05
irrigation,603,1.166358598320316e-07,1.3371214590764198e-05
irrigation,604,3.214068033351756e-05,2.0881994453904476e-05
irrigation,605,3.454044093474091e-05,2.0292394614757187e-05
irrigation,606,3.455958482760716e-05,1.8310448189686775e-05
irrigation,607,1.225139469939232e-06,2.0608008997677223e-05
irrigation,608,3.155841595061458e-05,2.0444378339783994e-05
irrigation,609,-3.0930261193381007e-06,1.6303874673401754e-05
irrigation,610,2.8508845250955673e-05,2.3337366943382042e-05
irrigation,611,4.201639288235274e-05,1.969398832621922e-05
irrigation,612,4.9445288310036054e-05,3.0101534934626253e-05
irrigation,613,1.6249865309323292e-05,1.5211038665786815e-05
irrigation,614,7.781945772667654e-05,3.895291993407698e-05
irrigation,615,2.2611392132206935e-05,2.0606349904711663e-05
irrigation,616,9.759187984311436e-06,1.2125116289670066e-05
irrigation,617,4.8850924909463845e-05,1.9836314741704946e-05
irrigation,618,1.5229484745604816e-05,1.5582030174046016e-05
irrigation,619,2.4240150163238443e-05,2.314317693027016e-05
irrigation,620,3.2005040225119015e-05,1.8103016222840246e-05
irrigation,621,2.3342634288074756e-05,1.7251159512066805e-05
irrigation,622,5.593325123394737e-05,1.2426436702907737e-05
irrigation,623,1.841965518472214e-05,1.8736261935108475e-05
irrigation,624,2.06756017655255e-05,1.438587440607647e-05
irrigation,625,2.879377362473199e-06,1.2953352365742224e-05
irrigation,626,1.1363511560512434e-05,1.8636503527989224e-05
irrigation,627,4.251639132574904e-06,1.2475138581512302e-05
irrigation,628,4.886950818788927e-06,1.213506281972299e-05
irrigation,629,1.6538495678564705e-05,1.3736658488792514e-05
irrigation,630,1.2252250178337704e-05,1.9915048235566056e-05
irrigation,631,5.978003598596846e-06,1.747233135987526e-05
irrigation,632,1.9009360338917017e-05,1.1975879432255713e-05
irrigation,633,1.8848820218444765e-05,1.4053119913481807e-05
irrigation,634,1.8752032769820253e-07,1.6968911847544063e-05
irrigation,635,2.6648190138030035e-05,2.2264144647990108e-05
irrigation,636,2.1311434465259755e-05,2.4729126496485897e-05
irrigation,637,3.2041405763749634e-05,2.8804665333478904e-05
irrigation,638,5.79686095507849e-05,3.024714531830786e-05
irrigation,639,4.716109447443896e-05,2.0415877408887455e-05
irrigation,640,1.5256076648137348e-05,1.805304152262096e-05
irrigation,641,1.2707105716198943e-05,2.179994997145005e-05
irrigation,642,1.8364608549943045e-05,1.8216076082492875e-05
irrigation,643,4.720580405686337e-05,2.1774049774015437e-05
irrigation,644,3.056399562306314e-05,2.327814755033739e-05
irrigation,645,-4.443291249382245e-06,1.76332605473473e-05
irrigation,646,2.3055483841271812e-05,1.1577924400210976e-05
irrigation,647,2.9307633448465247e-05,2.2462681520289214e-05
irrigation,648,2.9903127166480635e-05,1.3557817725564568e-05
irrigation,649,4.963434856116503e-05,2.1201730196467984e-05
irrigation,650,3.31663397493336e-05,2.2480548995935448e-05
irrigation,651,1.9062344677979997e-05,1.2996893795949557e-05
irrigation,652,3.836405519242709e-05,3.626910664800288e-05
irrigation,653,1.319512335660211e-05,1.8888978260344732e-05
irrigation,654,1.895315953811089e-05,2.006231556380949e-05
irrigation,655,4.6127084918617854e-05,3.552200598750273e-05
irrigation,656,3.2219115877030144e-05,1.4619124505690178e-05
irrigation,657,3.134150692769181e-05,2.3199881529636033e-05
irrigation,658,2.042757445371076e-05,1.7439098570568696e-05
irrigation,659,2.8741354381058855e-05,2.1216071043009727e-05
irrigation,660,2.3908944986014064e-05,1.4450523609803725e-05
irrigation,661,2.555643324153901e-05,1.1769209582873536e-05
irrigation,662,3.196559774547438e-05,2.0003668331722106e-05
irrigation,663,2.661255930608004e-05,1.5037933158480058e-05
irrigation,664,-1.555902355707799e-05,1.2573213194095932e-05
irrigation,665,2.4626273758872473e-06,1.5653737729931367e-05
irrigation,666,2.917013900166736e-05,1.8870648001862907e-05
irrigation,667,1.3415618909802053e-05,1.2312831589792724e-05
irrigation,668,1.0757977338312516e-05,1.7415575302437e-05
irrigation,669,2.8915612192026493e-05,1.1603011844448649e-05
irrigation,670,-1.5234829566877874e-05,1.7734236372628773e-05
irrigation,671,4.125659232124551e-05,2.775619082814386e-05
irrigation,672,-1.7104559406281677e-05,1.8765941475711028e-05
irrigation,673,-8.303520077925321e-07,1.350447871837772e-05
irrigation,674,6.3372528001698955e-06,1.061568019305876e-05
irrigation,675,3.5918517723714855e-05,2.092246472564871e-05
irrigation,676,4.36027474246193e-05,2.375059959412188e-05
irrigation,677,4.331672321724651e-06,1.523418980035861e-05
irrigation,678,3.198352147440869e-05,2.1029214838558345e-05
irrigation,679,5.2348820129565274e-05,1.994301531665493e-05
irrigation,680,1.961182029841411e-05,1.7531406916470543e-05
irrigation,681,2.212436702654257e-05,3.8481888316309853e-05
irrigation,682,-7.946158837044891e-06,2.4029281123492825e-05
irrigation,683,2.351779419210559e-05,1.4447624720108088e-05
irrigation,684,5.617243134557962e-05,2.2914176526900764e-05
irrigation,685,3.266993916813318e-05,1.3939377007724347e-05
irrigation,686,3.954643147576763e-05,1.713140033837564e-05
irrigation,687,1.3524671417296494e-05,1.7120971278865725e-05
irrigation,688,1.574898413609728e-05,3.993589983360899e-05
irrigation,689,4.5920773570088e-05,2.1897745766870324e-05
irrigation,690,4.0515048550009313e-07,1.9124365820051777e-05
irrigation,691,5.308868522274371e-05,1.819266039863277e-05
irrigation,692,1.7583010982918077e-05,2.534884605761144e-05
irrigation,693,1.727938305437416e-05,1.990873506886817e-05
irrigation,694,1.2090467331006739e-05,1.1473446666149565e-05
irrigation,695,2.252535461366944e-05,2.1802008460211687e-05
irrigation,696,1.82803381064951e-05,1.6223966074666662e-05
irrigation,697,1.327318959629313e-05,2.643666662755971e-05
irrigation,698,3.0354262989116772e-05,2.482105305087706e-05
irrigation,699,2.0015853955632906e-05,2.0161423782352257e-05
irrigation,700,2.246129773672067e-05,2.1051596087390425e-05
irrigation,701,1.5959121773343258e-05,2.075533569716407e-05
irrigation,702,4.763916764656363e-05,1.6667702505806184e-05
irrigation,703,1.9928263612365545e-05,2.1068548741409102e-05
irrigation,704,2.125446351726698e-05,2.1539062026670602e-05
irrigation,705,6.82149011866689e-06,1.3188754081264316e-05
irrigation,706,2.0072122178353555e-05,1.9160817627583646e-05
irrigation,707,8.102675100021314e-06,8.839071021117845e-06
irrigation,708,5.574061999426969e-05,2.3885809387906455e-05
irrigation,709,1.6599404045353708e-05,1.5627303426006913e-05
irrigation,710,2.1480641443146314e-05,2.9386687683111498e-05
irrigation,711,7.050209529044829e-06,1.8410727474238704e-05
irrigation,712,1.406892110409428e-05,2.682874889683228e-05
irrigation,713,1.2933838254007927e-05,1.3270860748476475e-05
irrigation,714,4.144354949053764e-05,1.4853063872930272e-05
irrigation,715,-7.068260262536493e-06,1.3970993408620693e-05
irrigation,716,4.075654839533983e-05,1.7873803999449804e-05
irrigation,717,1.9096050816530496e-05,1.3596766930199938e-05
irrigation,718,3.19384760563192e-05,2.8434704498834262e-05
irrigation,719,-1.1406255604864213e-05,1.946485757117296e-05
irrigation,720,3.998898459627368e-05,2.856590685337338e-05
irrigation,721,2.725976403705753e-05,1.4668381835834485e-05
irrigation,722,-2.796566599439694e-06,2.5286563646071255e-05
irrigation,723,-8.106712151838735e-08,1.4482240199644928e-05
irrigation,724,-2.1629839370242924e-06,1.4599909663909308e-05
irrigation,725,1.4341762536547733e-05,1.4287216876325737e-05
irrigation,726,4.0831944419039855e-06,1.765902679683739e-05
irrigation,727,1.4059707965990105e-05,1.4757190211075314e-05
irrigation,728,1.2775031936907013e-05,1.9638439482128997e-05
irrigation,729,3.708309999352589e-05,1.9169308919195894e-05
irrigation,730,3.226718460580988e-05,2.5461726927276713e-05
irrigation,731,2.0388643566711894e-05,2.1592956859866195e-05
irrigation,732,1.0568228870541115e-05,2.0560624776398334e-05
irrigation,733,3.101847645558509e-05,2.478660915608427e-05
irrigation,734,2.518072355513589e-05,1.4715518677051335e-05
irrigation,735,2.9978914745344237e-05,1.9769634292488955e-05
irrigation,736,8.91975629528286e-06,2.0269666440549507e-05
irrigation,737,-1.1455952758674562e-07,1.6678636188621788e-05
irrigation,738,2.0101995517771222e-06,1.6583475741248364e-05
irrigation,739,1.082889315174804e-05,1.5047601715625593e-05
irrigation,740,1.7099675359705592e-05,2.5232678440444925e-05
irrigation,741,3.0925531243497136e-05,1.2006821420048528e-05
irrigation,742,4.4504749469846196e-05,4.2151837566353584e-05
irrigation,743,-1.3309225984920366e-06,1.227449691953906e-05
irrigation,744,2.0771000838968416e-05,1.261868420618042e-05
irrigation,745,4.0958699598893956e-05,2.2564587456852162e-05
irrigation,746,-7.536925704646894e-06,1.0448334676135401e-05
irrigation,747,4.1395765215933694e-05,2.1950445748429007e-05
irrigation,748,2.7383494695072977e-05,1.9798597943246893e-05
irrigation,749,2.4827730994010824e-05,1.9320846402746893e-05
irrigation,750,1.597294466518597e-05,1.5907053278257594e-05
irrigation,751,1.630108382290011e-05,1.1274494557358088e-05
irrigation,752,2.0656515588233664e-05,2.658736389382e-05
irrigation,753,2.8620316963712022e-05,2.8024126029716097e-05
irrigation,754,2.1478714759834425e-05,1.40886480511241e-05
irrigation,755,2.1526115339011085e-05,2.421777339576996e-05
irrigation,756,3.9227538502710694e-05,1.9785417518698215e-05
irrigation,757,-2.132492470502021e-05,1.975803859537988e-05
irrigation,758,2.346707245341294e-07,9.51932192237483e-06
irrigation,759,2.317818367583759e-05,2.058510338837445e-05
irrigation,760,2.582882267581297e-05,2.1773663147526316e-05
irrigation,761,2.9432053383453323e-05,3.0866137415147104e-05
irrigation,762,3.0726538376675025e-05,2.5358108947175788e-05
irrigation,763,7.818655890157757e-06,1.5198867787626831e-05
irrigation,764,1.8262661671303874e-05,2.652969247505167e-05
irrigation,765,3.8254962295437694e-05,3.728596120522368e-05
irrigation,766,2.3899384675381764e-05,1.869142444487534e-05
irrigation,767,5.954330086009867e-06,1.7142621512122552e-05
irrigation,768,4.1429420100868595e-05,2.3458462347306983e-05
irrigation,769,-1.4960239595827703e-05,1.7007355861516058e-05
irrigation,770,5.62425611125532e-05,2.8210448286992023e-05
irrigation,771,2.888568007830936e-05,1.8776515785284584e-05
irrigation,772,3.055201827318486e-05,1.5420059253492756e-05
irrigation,773,5.834007829284401e-06,1.6634066121937502e-05
irrigation,774,2.587185090784499e-05,1.6866393920025292e-05
irrigation,775,3.109869142369607e-07,1.6631429382365066e-05
irrigation,776,7.023999380118429e-05,2.183807856387468e-05
irrigation,777,9.185759577186767e-06,1.4187432440770028e-05
irrigation,778,3.2733398044852626e-05,1.824426686823277e-05
irrigation,779,2.0095632145921427e-05,1.2918338443379649e-05
irrigation,780,1.745356544819938e-05,1.3858806657187529e-05
irrigation,781,8.996205240982677e-06,1.7253623971907125e-05
irrigation,782,2.8569341515099808e-06,1.808650881661284e-05
irrigation,783,8.00680059023207e-06,1.4892911759794098e-05
irrigation,784,2.2034822424013497e-05,1.507047026711753e-05
irrigation,785,8.06297088506051e-06,1.5704062293502802e-05
irrigation,786,8.735330170819159e-06,1.968930485475996e-05
irrigation,787,5.131836863455174e-05,2.0833111950289146e-05
irrigation,788,2.238799862123191e-05,2.1861959981513047e-05
irrigation,789,1.1033875832312566e-05,3.0490442472750623e-05
irrigation,790,-1.2201146774741189e-05,1.3442188698741688e-05
irrigation,791,2.2893525238477812e-05,1.783587521637884e-05
irrigation,792,3.890039268836207e-05,2.4889414010565087e-05
irrigation,793,3.9873568761408484e-05,3.7573600380767e-05
irrigation,794,2.8668514904651662e-05,1.4528930039963839e-05
irrigation,795,2.3751842879558535e-05,2.2464860493210957e-05
irrigation,796,1.6800763460583325e-05,2.0077775507978257e-05
irrigation,797,3.9952630274430675e-05,1.913348550927747e-05
irrigation,798,5.88077659905588e-05,4.5390648597773855e-05
irrigation,799,2.6590213637407398e-05,1.860749699495898e-05
irrigation,800,3.205635662535976e-05,2.0283325948419916e-05
irrigation,801,2.2076918865893303e-05,2.0364994869413353e-05
irrigation,802,1.0033039209423438e-05,1.1415569188020492e-05
irrigation,803,4.139536033763055e-05,1.5476915586250942e-05
irrigation,804,3.360939366387793e-05,3.178532735851424e-05
irrigation,805,1.302137720680276e-05,2.416000585378369e-05
irrigation,806,2.3362045917124643e-05,1.4016800039006263e-05
irrigation,807,2.596481092081505e-05,2.667220504494741e-05
irrigation,808,2.149732828093298e-05,3.0390046721984323e-05
irrigation,809,-1.0570066927422275e-05,1.446935220332137e-05
irrigation,810,2.6027482911426955e-05,2.150024352444401e-05
irrigation,811,1.581616985130148e-05,1.3754596626403036e-05
irrigation,812,1.9615272581857745e-05,1.3563755547048542e-05
irrigation,813,-7.469152509663346e-07,1.114390477363785e-05
irrigation,814,2.1464481722103403e-05,2.003176110393558e-05
irrigation,815,1.5340720817926556e-05,1.2094991110877154e-05
irrigation,816,-5.073254827467209e-06,1.4642626380148821e-05
irrigation,817,-6.096154855688069e-06,1.1572365116272032e-05
irrigation,818,1.9150760409959742e-05,2.1209475152524575e-05
irrigation,819,2.3465766496767675e-05,2.186714532825983e-05
irrigation,820,9.022406726911193e-06,1.6252057550402326e-05
irrigation,821,3.5845586471725126e-05,2.2449466406155428e-05
irrigation,822,1.1342192467048552e-05,1.4938780182475876e-05
irrigation,823,3.1509622231516704e-05,1.6646047417050493e-05
irrigation,824,1.3788113735353344e-05,1.414958026252407e-05
irrigation,825,7.873563943785276e-06,1.4525107466875082e-05
irrigation,826,3.2214684279297505e-05,2.2119532639331193e-05
irrigation,827,-9.286870980896922e-06,1.3822400202412614e-05
irrigation,828,6.095137178206583e-06,1.6272092007337878e-05
irrigation,829,5.4797307668797405e-05,2.6164894559923392e-05
irrigation,830,3.9651340361705864e-05,2.0990148383005343e-05
irrigation,831,4.774049054908998e-05,2.7988461294674968e-05
irrigation,832,2.6256441658283707e-05,1.6967818474094918e-05
irrigation,833,1.713951322907744e-05,1.1515538476562462e-05
irrigation,834,-8.155298255634549e-07,2.492448038457664e-05
irrigation,835,-2.3480091910410724e-06,1.9695691896997243e-05
irrigation,836,1.7657448674029426e-06,1.3476901660687392e-05
irrigation,837,2.6944141105867813e-05,1.4986215528673081e-05
irrigation,838,1.4808536539510388e-05,2.762341441890022e-05
irrigation,839,7.034246313328253e-06,2.6402625189545552e-05
irrigation,840,-4.710867233892224e-06,1.8446283536429398e-05
irrigation,841,1.3697954040334558e-05,1.8980782173523875e-05
irrigation,842,3.8102747365468136e-06,2.0984142129494373e-05
irrigation,843,1.5203651454474165e-05,1.2311145151111014e-05
irrigation,844,1.6585130436323375e-05,1.752884158428317e-05
irrigation,845,-2.988936745099857e-06,1.2633112461828928e-05
irrigation,846,-2.2103145407643075e-06,2.0814370009195623e-05
irrigation,847,7.252270653099263e-06,9.878898972009915e-06
irrigation,848,2.7920337714629706e-05,2.077472141958624e-05
irrigation,849,2.3773842155529768e-05,1.6794216060001354e-05
irrigation,850,7.8040760427146e-06,1.252950491346252e-05
irrigation,851,1.665690256253512e-05,2.3285547114327026e-05
irrigation,852,2.0873643436815518e-05,2.26663710121747e-05
irrigation,853,3.090354341422665e-05,1.8679981372661244e-05
irrigation,854,-1.3674822885437689e-05,1.8896812282698426e-05
irrigation,855,2.533156948042731e-05,2.3258248713607875e-05
irrigation,856,2.3711599804767605e-05,1.4485569579385357e-05
irrigation,857,1.0993708359294976e-05,1.5062999451021421e-05
irrigation,858,4.105707831221969e-05,1.9216953354150988e-05
irrigation,859,3.255345959966237e-05,2.0290559149311075e-05
irrigation,860,3.517744888957372e-05,1.3141669639965257e-05
irrigation,861,3.003001550931843e-05,1.927062686471582e-05
irrigation,862,1.3142072263192587e-05,1.2168455457960722e-05
irrigation,863,3.276395449570655e-05,3.838315218783826e-05
irrigation,864,2.1362151766667948e-05,1.5799558274279228e-05
irrigation,865,7.561798572967188e-07,1.8511542711812156e-05
irrigation,866,3.1434808545115786e-05,1.616684406330557e-05
irrigation,867,4.751001454805116e-05,1.335741723956658e-05
irrigation,868,2.35427422928545e-05,1.394439621574661e-05
irrigation,869,5.8683644409238234e-06,1.5790981342790988e-05
irrigation,870,1.4395476404847124e-05,1.671780026322625e-05
irrigation,871,1.2502268327425796e-05,1.2465157208817724e-05
irrigation,872,-1.3232694472861398e-05,1.6104898228768495e-05
irrigation,873,2.7479736117834046e-05,2.044649573837039e-05
irrigation,874,2.8338642351847435e-05,2.5737379170235094e-05
irrigation,875,3.990320720824472e-05,1.918546100614675e-05
irrigation,876,1.3867546792038335e-05,1.7793851445955364e-05
irrigation,877,-1.809070491544849e-05,1.1703185287443425e-05
irrigation,878,3.3476337946406864e-05,2.5573900667339806e-05
irrigation,879,9.925780793386144e-06,1.6175786556043737e-05
irrigation,880,-6.922589854689923e-07,1.0071976829094179e-05
irrigation,881,1.1159791408915624e-05,1.3921390501741831e-05
irrigation,882,3.380452826784196e-05,2.4258731366570767e-05
irrigation,883,6.779237432748428e-06,1.8037104212605207e-05
irrigation,884,4.044160152678031e-05,2.845711009646573e-05
irrigation,885,1.8061541362186774e-05,1.0310631307469776e-05
irrigation,886,2.0585463312871792e-05,2.8990870893741107e-05
irrigation,887,2.828259027599926e-05,2.2513336837267415e-05
irrigation,888,4.292346335658361e-06,1.207480196652245e-05
irrigation,889,4.2083975306018723e-05,9.295372272354522e-06
irrigation,890,2.4835846814621302e-05,2.0955647543507525e-05
irrigation,891,-8.29628418909428e-07,1.7779795465556418e-05
irrigation,892,1.9820670650212302e-05,1.9620307024642067e-05
irrigation,893,5.493159712352173e-05,1.1465865928623971e-05
irrigation,894,1.4492009865923277e-05,1.1398961327421796e-05
irrigation,895,-2.201550637920618e-06,1.8330947067200273e-05
irrigation,896,-4.412595746213821e-06,2.033874418700899e-05
irrigation,897,6.571942785040925e-05,2.3956166293210487e-05
irrigation,898,3.671494629244454e-05,1.9066159903130352e-05
irrigation,899,2.7748472451223987e-06,1.3719042038901967e-05
irrigation,900,2.6180249814802962e-05,2.7794467816627415e-05
irrigation,901,-6.191944658951959e-06,1.6795615389513786e-05
irrigation,902,2.389152236843776e-05,1.500915670035283e-05
irrigation,903,1.8881223525914413e-05,1.5629357985219097e-05
irrigation,904,3.607105636098654e-05,2.2213269341598147e-05
irrigation,905,4.540921415238209e-06,1.549147804724223e-05
irrigation,906,3.419996557803188e-05,1.770026266900048e-05
irrigation,907,3.8222794899831655e-05,2.188674900688917e-05
irrigation,908,4.916431581031952e-05,1.4732658018501158e-05
irrigation,909,-7.293487972507754e-06,1.57409897034778e-05
irrigation,910,2.387659110565565e-05,2.4686399478180015e-05
irrigation,911,3.2221784780481826e-05,1.9204270965141432e-05
irrigation,912,3.174948508066114e-05,2.9465785231628035e-05
irrigation,913,3.189347089792335e-05,1.813453900686736e-05
irrigation,914,3.097617313822009e-05,3.1007431855806944e-05
irrigation,915,2.873936998144099e-05,1.8350376476557823e-05
irrigation,916,6.345578358782875e-05,2.0262909452967406e-05
irrigation,917,5.276263205015762e-05,1.8165595182959693e-05
irrigation,918,-2.974464066209285e-06,1.4633422373638842e-05
irrigation,919,4.2403083092174004e-05,1.3878981045566154e-05
irrigation,920,1.6156070501207915e-05,1.4957733413268748e-05
irrigation,921,3.909945778698426e-06,1.0795197471483663e-05
irrigation,922,4.297194973993738e-05,1.2519972297037794e-05
irrigation,923,2.633681758747655e-05,2.641286991850968e-05
irrigation,924,1.0349349257346873e-05,1.1751848857887359e-05
irrigation,925,4.9183839014902876e-05,2.8274151175498566e-05
irrigation,926,2.258124538076562e-05,1.2175790785204759e-05
irrigation,927,9.75108796054817e-06,1.7475529397333918e-05
irrigation,928,1.2608799976718338e-05,1.9242506586357162e-05
irrigation,929,4.89331643564602e-05,1.744407728542062e-05
irrigation,930,3.4446180015548815e-05,1.741693372242262e-05
irrigation,931,1.0470537445993212e-05,1.669134443232814e-05
irrigation,932,1.3318043859857122e-05,2.4306591000131477e-05
irrigation,933,3.3027477288637937e-06,1.1869078114674206e-05
irrigation,934,5.5821048981883606e-05,1.7568580169044583e-05
irrigation,935,3.9185611835315896e-05,1.9003160090514868e-05
irrigation,936,2.2394245858035254e-05,2.1252014494564632e-05
irrigation,937,1.4061999122961207e-05,1.5843635140064397e-05
irrigation,938,1.4110170704885434e-05,1.5914838265858773e-05
irrigation,939,7.45380386839359e-06,2.0847103671524516e-05
irrigation,940,9.4871764406787e-06,1.6458094902335726e-05
irrigation,941,5.133863480171434e-06,1.0272012695807837e-05
irrigation,942,1.871910241017107e-05,2.2541220203879216e-05
irrigation,943,2.1563639957215326e-05,3.294341592182785e-05
irrigation,944,7.752611702253428e-06,1.4956784735595495e-05
irrigation,945,7.074350327010903e-05,1.7649503034035155e-05
irrigation,946,2.0327014934667645e-07,2.055239242882867e-05
irrigation,947,6.232207983334164e-06,1.8480018164687974e-05
irrigation,948,1.6436231705345072e-05,2.6273240030066272e-05
irrigation,949,1.5390337369123235e-05,1.64761584322976e-05
irrigation,950,3.99563919237086e-05,1.4229253398169839e-05
irrigation,951,-1.3593843879065907e-05,2.3058290399138376e-05
irrigation,952,2.2007021745915684e-05,1.4593991631443865e-05
irrigation,953,4.0141282301877323e-05,2.9068088912758253e-05
irrigation,954,-5.764367804751162e-06,1.517021616143229e-05
irrigation,955,8.034664276204247e-06,1.947534879126871e-05
irrigation,956,1.9670585279337317e-05,1.2562657591498264e-05
irrigation,957,9.995510233821358e-06,1.7141674460847714e-05
irrigation,958,2.5685235412580884e-05,2.253751497558514e-05
irrigation,959,2.51187193207781e-05,1.5675861020594285e-05
irrigation,960,2.157718905890193e-05,1.871973835432265e-05
irrigation,961,1.1649365757270838e-05,2.399033804987666e-05
irrigation,962,3.067518276079531e-05,1.3396022619294326e-05
irrigation,963,-3.290794130753282e-06,1.7346414456450946e-05
irrigation,964,5.290793749699003e-05,2.5046649966701056e-05
irrigation,965,1.0398236662285683e-05,1.6951090789133224e-05
irrigation,966,2.6847956201622594e-05,2.950244246827194e-05
irrigation,967,3.819480170212213e-05,1.7546868532454318e-05
irrigation,968,3.279032149116017e-05,1.6180975150233526e-05
irrigation,969,2.3990508100654194e-06,2.6042329384313287e-05
irrigation,970,1.0665934810826636e-05,2.3529071753053312e-05
irrigation,971,2.99478890292018e-05,1.7334036286572133e-05
irrigation,972,2.1326302686571268e-05,1.4107836418037081e-05
irrigation,973,1.6664149765367952e-05,2.1789943406934435e-05
irrigation,974,-3.732820244853287e-06,2.1217805581745063e-05
irrigation,975,-7.3847112650000045e-06,2.1930800129736594e-05
irrigation,976,2.567765794714017e-05,1.415983800382404e-05
irrigation,977,9.196510846723285e-06,1.8301969592495895e-05
irrigation,978,1.575612191865227e-05,1.901789698281663e-05
irrigation,979,3.476551400105183e-05,1.7404025387643097e-05
irrigation,980,1.7271466470792865e-05,1.949416434640984e-05
irrigation,981,2.8322298055342313e-05,1.188366957192255e-05
irrigation,982,1.9349191188688945e-05,1.6357869553378842e-05
irrigation,983,1.0750564573407878e-05,1.8726555399869172e-05
irrigation,984,2.2423249286524913e-05,1.9082836767751102e-05
irrigation,985,2.5869113976286643e-05,1.1763481882960996e-05
irrigation,986,4.656204196030203e-05,1.9239650408859004e-05
irrigation,987,4.144844826562221e-05,1.0605679247795301e-05
irrigation,988,6.881236102074524e-06,1.3827152953579696e-05
irrigation,989,1.5855129043906542e-05,2.290996996443812e-05
irrigation,990,-8.969346006541115e-06,1.8642388835566747e-05
irrigation,991,2.9864146204994994e-05,1.4846391824006915e-05
irrigation,992,5.096310420257102e-05,1.6762077939861606e-05
irrigation,993,1.1910305239411374e-05,1.7736163983599148e-05
irrigation,994,3.635390778284676e-05,3.1673114144370916e-05
irrigation,995,2.9037781885890292e-05,1.7302648837736487e-05
irrigation,996,4.1014761517060826e-05,1.958124991238956e-05
irrigation,997,3.1765856292303765e-05,1.4988579835228783e-05
irrigation,998,2.8140271224091124e-05,1.7625347811435457e-05
irrigation,999,1.4969859944876662e-05,1.2042096705142654e-05
